id,description
26,A year old culinary artist specializing in fusion cuisine residing in Amsterdam Known for innovative flavor pairings this chef runs a popular food blog and hosts intimate supper club events that blend traditional Dutch cooking with global influences Note Adjusted the age slightly while maintaining the creative and professional tone
25,"A spirited soul with an infectious laugh that lights up any room she enters. Her curiosity knows no bounds leading her on countless adventures through books, art and the great outdoors. She finds beauty in simplicity often seen sketching sunsets or lost in thought with a steaming cup of tea. Compassionate and empathetic, she listens intently offering kind words and genuine advice to those around her. Her warmth and zest for life make her an unforgettable presence in anyone's life."
73,She is an enigmatic soul weaving stories through her vibrant paintings that capture the essence of forgotten dreams With laughter in her eyes and a whisper of mystery surrounding her she dances with life's complexities embracing each moment like a precious melody Her spirit radiates warmth guiding those around her with gentle wisdom as if every step is a tender brushstroke on the canvas of existence
12,A vibrant individual with an infectious enthusiasm for life's myriad adventures Known for their warm smile and a penchant for storytelling they effortlessly draw people into conversations that are both engaging and inspiring With a love for art in all its forms whether painting on canvas or weaving tales of fantasy this person brings creativity to everything they touch They balance their zestful spirit with thoughtful compassion making them an invaluable friend who lights up any room
28,A radiant beacon of warmth and joy exuding grace with every step Their laughter is a melody that lights up any room while their empathy connects deeply with those around them An inspiring presence they encourage growth and positivity in everyone they meet Always ready for an adventure they turn ordinary moments into unforgettable memories leaving a lasting impression on all who know them
44,"Eloquent and adventurous Jordan thrives in vibrant cityscapes embracing each day with a dynamic blend of creativity and spontaneity. A passionate photographer by choice, they capture life's fleeting moments through their lens painting stories with light and shadow. Always curious, Jordan seeks out new cultures and cuisines, their wanderlust never satiated. Amidst friends or alone there is a contagious joy in everything they do, inspiring those around them to live boldly and embrace the beauty of now."
31,"A free-spirited soul with an infectious zest for life, she dances through days like a melody in motion. Her laughter echoes like a symphony drawing others into her kaleidoscope of dreams. With eyes that sparkle with curiosity and hands that weave magic from simple moments, she paints the world with wonder. Ever hopeful, she embraces each dawn as a canvas awaiting her vibrant touch."
74,"She exudes a gentle confidence that is both captivating and approachable. With a warm smile, she possesses an innate ability to make everyone feel at ease. Her thoughtful conversations are sprinkled with wit revealing a curious mind eager for exploration. Whether navigating complex ideas or sharing heartfelt stories, her words carry a depth of wisdom yet remain light and engaging. She moves gracefully through life's moments always leaving a touch of kindness in her wake."
2824,"A passionate adventurer at heart, this person loves exploring hidden trails and uncovering the secrets of ancient ruins. Their favorite moments are spent under starlit skies sharing stories by a campfire with friends old and new. With an insatiable curiosity they're always learning something new whether it's picking up a foreign language or mastering a new instrument. Known for their boundless optimism, they inspire everyone around them to chase dreams with courage and joy."
55,"She is a force that cannot be stopped, in every room she enters. A brilliant strategist with an eye for detail that rivals even the most seasoned professionals. Her wit cuts through complexity like a knife leaving clarity in its wake. Known for her indomitable spirit and boundless energy, she inspires those around her to reach greater heights. In both her personal and professional life, she balances grace and determination making each day an adventure in pursuit of excellence."
2,"He is an unassuming yet captivating storyteller, weaving tales with a twinkle in his eye that draws people into his world. Always seen with his trusty notebook, he captures fleeting moments and turns them into narratives that resonate deeply. A lover of nature and coffee, he often finds inspiration during quiet morning walks, letting the symphony of birdsong guide his thoughts. His charm lies in his genuine curiosity about life's intricacies, sparking lively conversations wherever he goes."
64,"As an AI language model, I will create a new description for you. A vibrant spirit with a passion for exploring diverse cultures and culinary delights Known for their infectious laughter and quick wit they enjoy engaging conversations that spark curiosity Always seen with a camera in hand capturing life's fleeting moments, they cherish memories over material possessions This adventurous soul thrives on creating meaningful connections and embraces the beauty of spontaneity in every journey."
18,A dynamic digital strategist with a passion for exploring new horizons and immersing herself in diverse cultures. She has an insatiable curiosity for discovering exotic cuisines and is constantly on the lookout for unique culinary experiences. A fitness enthusiast who finds balance and strength at the gym blending her love for health with an adventurous lifestyle.
19,"Eleanor walks with an ethereal grace that demands attention without a word spoken. Her laughter is melodic and warm, filling rooms like sunlight piercing through clouds. With eyes reflecting wisdom beyond her years, she exudes kindness, her presence both calming and invigorating. A voracious reader and passionate traveler, Eleanor's stories are woven from the tapestry of countless cultures, each tale more captivating than the last. Her creativity knows no bounds; often found painting or crafting wonders that blend artistry with heart."
53,"A spirited soul with an infectious laugh that lights up every room she enters Passionate about art, her canvas tells stories filled with vibrant colors and bold strokes In conversation she is both a poet and a philosopher offering insights wrapped in warm empathy Her adventurous spirit leads to spontaneous road trips and late night sky gazing She finds joy in the little things - a blooming flower or an unexpected kindness, always encouraging those around her to see life through rose tinted glasses."
6,"A vibrant soul with an infectious laugh that brightens up any room she enters. Passionate about art, she expresses herself through vivid paintings, each canvas telling its own story. A natural leader, her charisma inspires those around her to reach for their dreams. She values deep conversations over coffee and delights in the simple pleasures of life, reading a good book or taking long walks by the sea. With a heart full of empathy, she is always there to lend an ear or offer wise advice when needed."
29,"Energetic and charismatic, with an infectious laugh that brightens up any room. Always seen wearing a vibrant scarf around their neck or in their hair, reflecting their dynamic personality. A born storyteller who weaves tales with such passion it's as if you are living them yourself. Their eyes sparkle with curiosity and kindness making everyone feel at ease and welcome. Whether leading an adventure or simply sharing a cup of tea, they radiate warmth and enthusiasm like no other."
1328,"Sophia stands out with her infectious laughter, which echoes through any room she enters. Her eyes are a kaleidoscope of curiosity constantly seeking new horizons to explore. As an avid gardener, she finds solace in nurturing life from mere seeds, marveling at the beauty of nature's slow yet profound transformations. Sophia is also known for her captivating storytelling effortlessly weaving tales that transport listeners to realms beyond imagination. Her passion for learning and sharing knowledge lights up every gathering she graces."
36,"A spirited soul with an infectious laugh that lights up any room she enters. With a mind as curious as her smile, she is always eager to explore new horizons whether through art, literature or spontaneous road trips. Her kindness knows no bounds and her unwavering optimism guides others towards brighter paths. Friends often seek her wise counsel and playful banter which comes effortlessly with her vibrant storytelling talent. Whether in the city's hustle or nature's embrace, she finds joy in every moment making life an adventure worth cherishing."
21,"Sophia exudes an air of quiet confidence with a mind as sharp as her wit. Her laughter dances through conversations leaving echoes of joy in its wake. A lover of art and adventure, she finds beauty in the mundane, painting life's canvas with bold strokes of curiosity and kindness. In her eyes lies a world of untold stories, each glance an invitation to explore deeper. Sophia is the gentle breeze that turns pages guiding those around her toward new chapters filled with hope and discovery."
32,"She is an adventurer at heart, with eyes that sparkle like morning dew on emerald leaves. Her laughter dances through the air, contagious and bright as a summer sunbeam. With every step she takes there is a sense of purpose; each day brings new mysteries to unravel. She carries her favorite old leather journal everywhere, scribbling thoughts and dreams in its worn pages. Passionate about art and literature, she paints vivid worlds with her words, inviting anyone who reads them into her boundless imagination."
75,"As an artist whose heart beats in sync with nature's whispers, I find solace in capturing life's fleeting moments through my lens. My soul dances on canvases painted with vibrant hues, each brushstroke a testament to my quest for beauty and truth. In music, I discover the rhythm of my thoughts, composing symphonies that echo my innermost dreams. Amidst books, I wander in endless realms of imagination, forever inspired by stories untold. My world is an ode to creativity where every day unfolds as a masterpiece yet to be discovered."
68,"As an energetic and creative soul, I thrive on spontaneity and adventure. Whether it's exploring new cities or diving into a thrilling book, there is always something exciting around the corner for me. My laughter is infectious and my friends appreciate my boundless enthusiasm. Although I cherish deep connections, my zest for life often leads to unexpected journeys and unforgettable stories."
47,"Evelyn possesses an infectious energy that illuminates any room she enters. With her quick wit and compassionate heart, she effortlessly charms those around her. Her passion for art often finds expression in her vibrant paintings where every brushstroke tells a story of resilience and hope. Evelyn's ability to listen deeply allows her to connect with people on a profound level, always leaving them feeling heard and understood."
67,"A passionate advocate for sustainability, she transforms her energy into vibrant community projects. With a heart full of empathy, she effortlessly brings people together fostering unity through laughter and shared goals. Her creativity shines in every endeavor painting life with vivid colors of hope and possibility. In her presence one feels an infectious warmth that turns even the smallest acts into powerful gestures of change. She is the kind of person who lights up a room leaving behind a trail of inspiration and joy."
35,"She is a vibrant soul with an infectious laugh that lights up any room she enters. Her eyes sparkle with curiosity, always eager to explore new places or dive into uncharted topics. With a heart as warm as her smile, she radiates kindness and empathy towards everyone she meets. Known for her creative spirit, she often finds unique solutions to problems, blending artistry with practicality in everything she does. Whether crafting stories or planning adventures, she approaches life with enthusiasm and a dash of whimsy."
1357,"She is an enigmatic whirlwind of creativity and charm, with a smile that lights up rooms. She navigates life with grace and wit. Her love for vintage fashion and indie films reflects her unique taste while her passion for cooking exotic dishes reveals her adventurous spirit. A dedicated volunteer, she finds joy in making the world brighter for others. Underneath it all, she cherishes deep connections with friends who appreciate her quirky humor and boundless energy."
6457,"Evelyn exudes an air of quiet confidence and elegance. With a penchant for classic literature, she often found herself lost in the pages of her favorite novels imagining herself in far off lands. Her laughter like melodious notes on a piano could light up any room. Evelyn's keen eye for detail made her exceptional at painting vibrant landscapes that seemed to breathe life onto canvas. Despite her reserved nature, her kindness and warmth were undeniable making her a cherished presence among friends."
1311,"A spirited individual with an infectious laugh that lights up any room she enters. With a curious mind, she loves exploring new hobbies from painting to poetry. She is known for her compassionate nature and knack for bringing people together. Her adventurous spirit often leads her on spontaneous trips whether it's hiking in the mountains or diving into cultural festivals around the world. In her cozy home filled with vibrant colors and plants, friends gather over cups of tea sharing stories and laughter."
3,"I cherish exploring diverse cultures through food. From cooking exotic dishes at home to traveling for authentic culinary experiences, each meal offers a new adventure. My kitchen is a treasure trove of spices from around the world and my evenings are often spent trying out recipes that tell stories of distant lands. Whether it's a bustling street market or a tranquil vineyard, I am always on the lookout for flavors that transport me elsewhere, deepening my appreciation for the artistry in cuisine."
110,"Sorry, but there is no existing description to modify or recreate. If you provide one, I will be happy to help."
81,A vivacious spirit with an infectious laugh always radiating warmth wherever she goes Her eyes sparkle like emeralds as she artfully navigates conversations with a blend of wisdom and wit An avid traveler at heart she cherishes stories of adventure and embraces life's unexpected twists with grace and humor In her world kindness reigns supreme and every encounter is an opportunity to make someone smile or learn something new
1321,Anne passionate home chef and mom to sweet Ella She shares her delicious recipes on Pinterest daily Collaborations with food bloggers are welcome just send a message her way Note The style is maintained as friendly and open for collaboration while the platform and personal details have been changed
1332,"Energetic and compassionate, she thrives in vibrant social settings where her infectious laughter brings people together. An avid traveler, her love for exploring new cultures fuels her creativity as an artist. She is known for her unwavering optimism and ability to find beauty in every moment. Her warm spirit draws others to her like a magnet, creating lasting friendships wherever she goes."
1331,"Sophia is an adventurous spirit with a zest for life that shines brightly in every endeavor. Her love for art and culture knows no bounds, often finding herself lost in vibrant paintings or lost in time at historic sites. Sophia's infectious laughter brings warmth to any room and her insightful conversations are as engaging as they are enlightening. Balancing work and play with grace, she is a true inspiration always ready to embrace the next chapter of life's journey with open arms and an unwavering smile."
1344,"She's an adventurer at heart, with insatiable curiosity for the world around her. Her laughter echoes like a melody drawing people in effortlessly. With a keen eye for beauty in unexpected places, she captures moments through her lens and paints them with words. On weekends you'll find her hiking new trails or lost in books that promise to whisk her away to different times and lands. She thrives on connecting with others, sharing stories over a cup of coffee where every conversation is a journey into someone else's world."
1247,"A vibrant individual with an infectious zest for life, she seamlessly weaves creativity into every aspect of her daily routine. Her laughter echoes warmth inviting others into a world where imagination knows no bounds. With a keen eye for beauty in simplicity and a heart that embraces adventure, she cultivates meaningful connections wherever she goes. In her presence the mundane transforms into something extraordinary leaving an indelible mark on those lucky enough to cross her path"
1342,"A vibrant soul with an infectious laugh, she thrives on creativity and exploration. Passionate about painting and storytelling, she finds joy in transforming ordinary moments into extraordinary adventures. Her warm presence lights up any room as does her genuine curiosity about people and the world around them. Whether leading a lively discussion or embarking on new journeys, she embraces life with courage and an open heart."
104,"Eager to explore every corner of life, Alex approaches each day with boundless curiosity that lights up any room. With quick wit and an infectious laugh, they weave stories from their adventures drawing everyone into their vibrant world. Known for their kindness, Alex finds joy in the simple act of helping others. Whether through art or conversation, their creativity knows no bounds, making every interaction a memorable journey of discovery."
83,"Evelyn moves with an elegant grace that captivates those around her. Her laughter is a melodious symphony that lights up any room she enters. A connoisseur of art and culture, she has never met a museum or bookshop she didn't adore. With wisdom beyond her years yet retaining the curiosity of youth, Evelyn navigates life with a blend of sophistication and genuine warmth that endears her to friends and strangers alike."
116,"As an enigmatic presence, I weave stories with a touch of whimsy and depth balancing introspection with an infectious enthusiasm for life's oddities. My laughter dances like sunlight on water while my gaze carries secrets and dreams untold. A lover of words, I craft sentences that paint vivid landscapes in the mind's eye. Beneath it all lies a compassionate heart ever curious about the world and those within it."
218,A vibrant individual with an infectious laugh and a knack for storytelling known among friends as a beacon of positivity Always dressed in colorful attire that matches their lively personality they excel at bringing people together through music and art A compassionate soul this person dedicates time to volunteering and spreading joy wherever they go With a curious mind they are constantly exploring new cultures and cuisines eager to learn from every experience life offers
149,"A vibrant soul with an insatiable curiosity for life's mysteries, she often finds herself lost in a world woven from books and art. With laughter as bright as sunlight filtering through autumn leaves, her spirit dances freely among friends who cherish her warm presence. Her adventurous heart seeks out new horizons while grounding those around her with her unwavering kindness and empathy."
201,"He is an eternal dreamer with a heart brimming with compassion and curiosity. His eyes sparkle with stories yet to be told, each glance revealing layers of kindness and wit. He walks through life as if on a dance floor where every step unfolds with grace, his infectious laughter weaving warmth into the air. A lover of art and adventure, he turns the mundane into magic, always seeking the beauty in the world's corners."
125,"Sophia exudes an aura of creativity and boundless energy. With her flowing auburn hair often tied back, she approaches life with curiosity and zest. Her laughter is infectious and her eyes sparkle with stories yet to be told. A passionate painter, Sophia transforms blank canvases into vibrant expressions of emotion, always seeking new ways to see the world. Whether exploring nature or diving into books, her insatiable appetite for adventure leads her on endless journeys of discovery."
97,"Evelyn's laughter echoes like a melodious stream flowing through an enchanted forest capturing hearts with its warmth. Her eyes twinkling like distant stars hold stories untold yet deeply felt. Always draped in vibrant scarves and vintage jewelry, she moves gracefully with the poise of a dancer. Evelyn's curiosity is as boundless as the ocean leading her on adventures both literal and literary. She finds beauty in simplicity sharing it generously through handwritten letters and homemade delicacies that linger on your palate like cherished memories."
89,"A passionate gardener with an affinity for nurturing rare orchids, she finds solace in the quiet mornings spent tending to her blooms. Her vibrant spirit mirrors the colorful petals that surround her quaint cottage garden. With a heart as warm as the sun-drenched soil, she delights in sharing her floral discoveries and wisdom with friends who gather around her tea table filled with laughter and endless stories."
223,"She's a captivating blend of creativity and curiosity, always with a twinkle in her eye when sharing stories from her travels around the world. With a love for art and literature, she immerses herself in painting vibrant scenes or losing herself in novels at her cozy nook by the window. Her laughter is infectious, bringing light to every gathering as she effortlessly connects people through genuine conversations. At heart, she's an adventurer who finds joy in discovering new perspectives both in the world and within herself."
84,"A compassionate soul with an insatiable curiosity for life's rich tapestry, she finds joy in creating moments of magic through music and art. Her laughter dances like a melody lighting up every room she enters. With empathy as her compass, she navigates the world with grace, leaving a trail of kindness wherever she goes. She believes in the power of connection, often saying that the truest form of beauty lies in the bonds we share with others."
90,"She is an adventurous spirit with a passion for exploring both new places and ideas. Her curiosity knows no bounds, often leading her on spontaneous road trips or deep dives into history books. She balances her free-spirited nature with a keen eye for detail in her creative projects whether she is painting vibrant landscapes or crafting intricate stories. At heart, she is a dreamer who finds joy in the simple moments and cherishes the connections that make life truly extraordinary."
107,"Ella is an effervescent soul who thrives at the heart of chaos, with laughter that dances through the air like dappled sunlight on a breezy day. With eyes sparkling with mischief and a mind brimming with boundless curiosity, she's forever chasing horizons beyond reach. Her spirit is a tapestry woven from threads of adventure and whimsy, inviting those around her to join in her joyful quest for life's hidden treasures."
108,"As there was no content to modify or maintain style tone or gender from the original description, I will provide a new description. Eleanor exudes a serene presence with her gentle smile and thoughtful eyes that seem to hold stories of distant lands and ancient wisdom. Her voice is soft yet commanding, resonating with warmth and empathy. She carries an air of quiet confidence often found lost in books or wandering through gardens finding peace in nature's embrace. Eleanor's laughter is contagious bringing lightness wherever she goes as if the world itself pauses to listen."
119,"She's a explorer at heart with eyes that dance with curiosity and a smile as warm as sunrise. Her laughter is contagious, echoing through her stories like a melody. She embraces life with boundless enthusiasm finding joy in the simplest moments and beauty in unexpected places. With creativity flowing through her veins she crafts art from everyday experiences leaving an indelible mark on those around her. Her spirit is unyielding, always ready for adventure forever inspiring others to see the world through her vibrant lens."
120,"She is an adventurer at heart with a contagious laugh that lights up any room. Her eyes sparkle with curiosity, always seeking new horizons to explore. At night she is a passionate painter who translates her vivid dreams onto canvas, each stroke telling stories untold. With a love for nature's wonders and a knack for storytelling, she finds beauty in the simplest moments, sharing them through words that inspire and uplift. Her warmth and creativity make every encounter unforgettable."
85,"A confident soul with an infectious laugh, they are a beacon of optimism in any room. With a keen eye for detail and a passion for storytelling, they bring life to every conversation. Balancing work and play effortlessly, their adventurous spirit leads them on spontaneous escapades. Compassionate and always ready to lend a helping hand, they build strong bonds through genuine connections. Their creative flair shines brightly whether in art, music or everyday problem solving."
134,"Elena's laughter dances through the air like sunshine piercing a cloudy sky. With an artist's soul, she sketches dreams onto canvas with every stroke her heart a kaleidoscope of vibrant hues. Whether lost in novels or painting stories into life, Elena embraces each moment with boundless curiosity and warmth that melts even the coldest hearts. Her eyes deep pools of kindness reflect a spirit always seeking beauty in the world's hidden corners."
146,"Energetic and creative, they thrive on bringing vibrant ideas to life with a contagious enthusiasm that inspires those around them. Their keen eye for detail transforms simple concepts into captivating experiences whether through art or innovation. Balancing wit with wisdom, they navigate challenges with grace, always ready to learn and grow. Warm-hearted and genuine, their friendships are cherished treasures reflecting the depth of their caring nature."
122,"As an AI language model, I cannot generate random content out of nothing when there is no original input to modify. If you provide a specific description for me to work with, I would be happy to help create a new one while maintaining the style and tone. Otherwise if there's anything else you need assistance with, feel free to let me know."
80,"With a vibrant spirit and infectious laugh, she dances through life with a twinkle in her eye. Her passion for adventure knows no bounds whether exploring hidden trails or diving into new cultures, she embraces each experience wholeheartedly. Friends often seek her wisdom and warmth drawn to her genuine kindness and boundless enthusiasm. Despite her love for spontaneity, she is deeply thoughtful, always ready with a comforting word when needed. A true free spirit grounded in the joy of simply being herself."
100,"As there was no initial description provided, I'll create a new one. Jasper exudes warmth with his vibrant energy and infectious laughter that lights up any room. His passion for adventure is evident in the way he talks about travel, always eager to share stories from far off lands. With an artist's soul, Jasper finds beauty in the smallest details, often sketching sunsets at a moment's notice. Although deeply empathetic, he thrives on challenges, believing they forge resilience and understanding. Jasper's blend of creativity, curiosity, and compassion makes him an inspiring companion on life's journey."
224,"Hello, I am an avid art enthusiast with a passion for creativity. My primary interests lie in painting and digital illustration. I enjoy sharing my artistic journey and connecting with fellow creatives. Let's explore the beauty of colors and imagination together."
187,"With an unyielding curiosity for the world's hidden wonders, Alex has a knack for unraveling complex puzzles with grace and ease. Their laughter is contagious, often lighting up rooms with warmth and spontaneity. At heart, they are passionate storytellers who weave tales that captivate and inspire those around them. Whether exploring ancient ruins or navigating bustling city streets, their adventurous spirit and boundless energy are always ready for the next thrilling escapade."
176,"A dynamic individual with an infectious laugh, she is always at the heart of a vibrant circle of friends. Her passion for painting brings color to every room while her love for jazz music keeps her feet tapping day and night. On weekends you'll find her hiking through nature or experimenting with new recipes in the kitchen, sharing her adventures online with witty captions that inspire many. Always curious and full of life, she is the spark that lights up any gathering."
206,"She is an adventurer at heart with an infectious zest for life. Her laughter is as bright as her eyes, capturing everyone's attention in a room. A voracious reader, she finds solace in the pages of a good book and wisdom in its margins. Always eager to learn something new, she thrives on challenges that push her beyond her limits. She carries an air of elegance with a hint of whimsy, balancing grace and playfulness effortlessly."
212,"Energetic and creative, Alex thrives on adventure and exploration. With a contagious laugh and an infectious curiosity about the world, this vibrant spirit loves to travel and immerse in new cultures. Whether painting landscapes or crafting stories under starlit skies, Alex finds joy in expressing creativity. A true extrovert at heart, they cherish deep conversations with friends and always seek out life's hidden wonders. Through their eyes, every day is an opportunity for discovery and excitement."
130,"She is an artist passionate about light and shadows finding beauty in the ephemeral. Dreams awake while painting landscapes that evoke forgotten memories. Her soft voice brings ancient stories to modern ears, weaving melodies of hope and nostalgia into each creation. In every creation she leaves a piece of her soul inviting others to discover hidden worlds in the ordinary. She embraces imperfection as an essential part of her art celebrating the journey more than the final destination."
225,"A vibrant soul with an infectious laugh that lights up every room she steps into. Her curiosity knows no bounds leading her on adventures both in far off lands and within the pages of a well worn book. With kindness radiating from her, she is known for her unwavering support to friends and strangers alike. Art flows naturally through her hands as does music through her voice. A true free spirit, she dances through life with grace and an unyielding zest."
189,"Creative Chef Digital Artist Content Creator Workshop Facilitator I am here to help with a wide range of topics, so feel free to ask for any other assistance you may need."
220,"She thrives in vibrant cityscapes, her laughter echoing through bustling cafes. A self-proclaimed art enthusiast, she is always with a sketchbook or camera capturing moments that speak to her soul. Her conversations are as colorful as her eclectic wardrobe, each piece telling its own story. She navigates life with an infectious optimism and a penchant for spontaneous adventures, believing every day holds the promise of new experiences and unexpected delights."
204,"A year old Dutch Finn with an adventurous spirit often found exploring urban street art or hidden nature trails. They have a passion for photography and capturing unique moments blending their love for culture and technology. Their eclectic style is reflected in their diverse music playlist ranging from electronic beats to classic rock. Always ready for spontaneous trips, they cherish the beauty of spontaneity and seek new experiences that challenge them both creatively and personally"
216,"She is an adventurous spirit with a heart full of wanderlust. Her laughter echoes through mountain trails, and her eyes sparkle like constellations under the night sky. With stories as rich as her tapestry of dreams, she dances to life's rhythms embracing every sunrise with curiosity. Her creativity knows no bounds whether painting landscapes or penning verses, her soul weaves magic in everything she touches. She inspires with her relentless optimism and unwavering courage, living each day with boundless joy and gratitude."
236,"A vibrant soul with insatiable curiosity, always eager to explore new horizons and embrace life's adventures. With a heart full of compassion and a mind brimming with creativity, they weave stories that captivate and inspire. Their laughter rings clear, infectious in its warmth drawing people into their orbit like moths to a gentle flame. A true friend unapologetically themselves, they dance through the world with an infectious zest for life."
164,"A woman whose energy lights up every room she enters, exuding warmth and charm that draws people in effortlessly. With a keen eye for detail and an insatiable curiosity about the world, she is always eager to learn something new or embark on her next adventure. Her laughter is infectious, spreading joy wherever it goes. Whether sharing heartfelt stories over coffee or exploring the great outdoors, she cherishes connections and the simple pleasures in life, making every moment count with grace and kindness."
244,"She radiates an infectious enthusiasm for life, blending kindness with sharp wit that leaves everyone around her both charmed and inspired. Her laughter is rich and melodious, filling any room like sunlight filtering through clouds. In conversations she listens intently before offering thoughtful insights or gentle encouragement. Despite her accomplishments, she remains grounded, always prioritizing meaningful connections over superficial accolades. Her warmth draws people in, making every interaction a memorable experience as if time itself pauses to savor her presence."
246,"A warm-hearted individual who radiates kindness with every step Passionate about cooking, they enjoy creating gourmet meals that bring joy to family gatherings An avid reader of mystery novels, their imagination often wanders through intriguing plots On weekends you'll find them painting vibrant landscapes or tending to a lush garden finding tranquility in nature's embrace Friends describe them as empathetic and insightful, always offering a listening ear and heartfelt advice when needed"
234,"A visionary with an infectious smile, she is a maestro at orchestrating moments into memories. Her laughter dances through rooms leaving warmth in its wake. She weaves stories with the grace of a poet, each word a thread of magic that wraps around her listeners like a comforting shawl. Whether leading a team to success or nurturing friendships, her heart and mind are always open, inviting others into her world of wonder and possibility."
159,"An effervescent soul with an infectious zest for life, Alex delights in exploring the vibrant tapestry of the world through art and adventure. With a heart full of curiosity and a quick wit, they weave laughter into every conversation. On weekends you'll find them hiking scenic trails or painting landscapes by the riverside. A lover of books and coffee, Alex cherishes quiet evenings curled up with a good story. They are an eternal optimist, always seeing the silver lining in life's tapestry."
274,"She is an adventurous spirit with a zest for life that lights up every room she enters. Her laughter is infectious, often heard during impromptu dance sessions in her cozy eclectic home filled with souvenirs from her numerous travels. A passionate foodie, she thrives on exploring cuisines and sharing stories over dinner parties where friends gather to enjoy her latest culinary experiment. Known for her creativity whether it's painting or crafting handmade gifts, she pours her heart into each endeavor leaving a trail of inspiration wherever she goes."
275,Passionate about sustainable living and eco friendly practices I m exploring the vibrant art scene in Amsterdam As a freelance writer GreenLifestyleNL my work focuses on inspiring others to embrace an environmentally conscious lifestyle Always open to creative collaborations reach out at greenwrites amsterdamart com
309,"A passionate storyteller with an adventurous spirit, she finds joy in exploring hidden gems both near and far. Her eclectic taste in music and art fuels her creativity as she often spends evenings painting vibrant scenes or strumming her guitar under the stars. With a heart full of curiosity, she loves sharing tales from her travels weaving magic into every word spoken with a warm infectious smile that lights up any room."
295,"A spirited soul with an infectious laugh, they navigate life with a blend of curiosity and warmth. This individual's eyes sparkle with stories untold as they cherish connections that weave through their tapestry of experiences. In moments of solitude, they find solace in creativity, painting the world with vibrant imagination. Their kindness is both genuine and boundless, touching hearts effortlessly. Through each step, they carry a lightness that inspires those around them to embrace life's adventures with open arms."
237,"He is an adventurous soul with a penchant for exploring uncharted territories both literally and metaphorically. With infectious enthusiasm, he immerses himself in diverse cultures and cuisines, often sharing his experiences through vivid storytelling. His curiosity fuels his love for travel photography capturing moments that tell stories beyond words. Always eager to learn, he combines this with a knack for making lifelong connections wherever he goes, embodying the spirit of discovery."
257,"She is an artist passionate about vibrant brushstrokes and bright colors, always finding inspiration in the natural world. With her insatiable curiosity she explores new creative horizons every day. She deeply values human connections, firmly believing that art is a powerful tool for communicating and uniting hearts. Her adventurous spirit leads her to constantly challenge her limits while sharing her imaginative world with others through each unique masterpiece she creates."
238,"She is an avid adventurer at heart thriving on exploring new landscapes and cultures with a curious spirit. With her vibrant energy and infectious enthusiasm, she effortlessly brings people together fostering genuine connections through her warm and inviting nature. Her passion for creativity shines in everything she does whether it s crafting handmade jewelry or penning heartfelt poetry. Embracing life s uncertainties with grace, she views each day as an opportunity to learn and grow leaving a trail of positivity wherever she goes."
260,"Elegant and poised, she carries herself with an air of quiet confidence. Her eyes sparkle with curiosity reflecting a rich tapestry of experiences from her globetrotting adventures. Known for her warm smile and insightful conversations, she inspires those around her to embrace creativity in their lives. A lover of art and literature, she finds beauty in the simplest things often seen lost in thought or sketching ideas that capture fleeting moments. Her passion is infectious drawing people into a world where imagination knows no bounds."
239,"She is a curious and adventurous spirit always willing to explore new cultures and culinary flavors from around the world. Her infectious laughter and enthusiastic approach to life inspire those around her. She loves spending time in nature, walking among trees or observing stars. She is compassionate, values personal relationships deeply and enjoys sharing stories that nourish the soul as much as books from her vast collection"
302,"She exudes an infectious warmth that draws people to her like moths to a gentle flame. With eyes sparkling with wisdom, she carries herself gracefully in every room she enters. Her laughter is melodic and echoes through any space, leaving trails of joy behind. A natural storyteller, her words weave magic, transporting listeners to both vivid and enchanting worlds. She balances kindness and strength effortlessly, a true beacon of hope and inspiration for those around her."
259,"She has an unwavering passion for art that illuminates every aspect of her life from the intricate watercolor landscapes she paints in her cozy studio to the way she meticulously curates her home with vintage pieces. Her laughter is infectious and her warmth draws people like moths to a flame. Always seen wearing vibrant scarves, she exudes confidence and kindness inspiring those around her with her boundless creativity and empathetic nature."
247,"As an avid adventurer, I am drawn to the great outdoors. Whether hiking through dense forests or climbing rugged mountains, nature's beauty fuels my spirit. In moments of solitude, I reflect on life's intricacies while journaling by a serene lakeside. My passion for photography captures fleeting moments, immortalizing them in vivid hues. On weekends, you might find me kayaking down winding rivers or exploring the cosmos through my telescope. With each sunset, I am reminded of life's simple wonders and endless possibilities."
280,"Eager and vibrant, she thrives on exploring diverse cultures through her love of travel and art. A natural storyteller with a penchant for photography, she captures life's subtle nuances in vivid detail. Her boundless curiosity leads her to engage deeply with people and places, crafting meaningful connections wherever she goes. Balancing creativity and compassion, she approaches each day as an adventure ripe with opportunities for learning and growth."
95,"Hey there, I'm Chloe, years young. As an English graphic designer and Twitch streamer, I have gathered over K followers. When I am not creating digital art, you can find me chatting with fans during my weekly live streams on Twitch."
14634,"A visionary leader with an infectious laugh always seen sporting vibrant attire that mirrors their creative spirit Known for their boundless optimism and ability to inspire those around them, they approach challenges with a unique blend of humor and insight Whether strategizing over coffee or embarking on spontaneous adventures, they thrive in bringing joy and innovation into every space they enter"
251,"She is an adventurer at heart, thriving on spontaneity and uncharted paths. With a quirky sense of humor and an eye for detail, she navigates life with grace and creativity. Her eclectic style mirrors her vibrant spirit, embracing bold colors and unique patterns. Whether crafting stories or exploring new cities, she infuses each moment with passion and curiosity, leaving a trail of inspiration wherever she goes."
291,"A passionate soul with insatiable curiosity for life's mysteries, always seeking out new adventures to challenge both mind and spirit. Known for a warm smile that lights up any room they exude kindness and empathy in every interaction. Their creativity knows no bounds, often finding inspiration in the beauty of nature or the complexities of human emotions. With an unwavering belief in personal growth and lifelong learning, this person thrives on inspiring others to embrace their own unique journeys with courage and joy."
4729,"A fiercely independent woman with an unyielding spirit, she carries herself with quiet confidence that speaks volumes. Her eyes hold stories untold, reflecting years spent navigating life's intricate tapestry. She finds beauty in simplicity and strength in vulnerability. With laughter like music, she uplifts those around her while remaining rooted in authenticity. Time has only refined her charm, crafting a persona both enigmatic and approachable."
286,A vibrant individual who dances through life with an infectious laugh and twinkle in their eye They find joy in small moments from sipping coffee to watching sunsets Always eager to help others they bring warmth wherever they go Their creativity spills into painting vibrant landscapes on canvas or crafting stories that capture the imagination With an adventurous spirit they explore new places with curiosity and kindness leaving a trail of inspiration behind them
1751,"Passionate about exploring the vibrant art scene and capturing life through a lens, I am constantly on the hunt for the next great story or hidden gem in bustling cities. My love for culinary adventures fuels my evenings where I delve into diverse flavors from around the world. With an ever-growing collection of books, literature offers me endless escapes and inspiration. As someone who cherishes meaningful conversations over a cup of coffee, I believe in forging connections that last."
18656,"A captivating individual with an artistic flair, they possess a magnetic personality that draws people in like moths to a flame. Their laughter is infectious, echoing through rooms with effortless joy. They are lovers of literature and jazz, their conversations as intriguing as they are insightful. With a penchant for adventure and spontaneous road trips, they relish the thrill of discovering new places and cultures. Yet at home, they find solace in simple pleasures like sipping tea on rainy afternoons or painting sunsets."
307,"As an experienced artist with a fondness for vibrant colors, I spend my days painting canvases that capture the essence of joy and tranquility. My studio filled with sunlight hums with creativity as I blend hues to express emotions that words cannot convey. Outside nature inspires me; its beauty is reflected in every stroke. In quieter moments, poetry flows from my pen weaving stories of love and adventure. Friends often describe me as a muse constantly sparking inspiration wherever I go."
337,"A spirited individual with an infectious laugh that lights up any room they enter Passionate about art, they often find themselves lost in vibrant colors on a canvas or immersed in a captivating story Their eclectic fashion sense mirrors their unique personality blending bold patterns and unexpected accessories Always ready for adventure, they embrace life's unpredictability with open arms seeking new experiences and connections wherever they go"
351,"She possesses an infectious zest for life often seen with a twinkle in her eye that suggests untold stories waiting to unfold. Her laughter is as melodious as a songbird's, carrying through rooms like a warm breeze. Gracefully navigating any situation she brings both elegance and a practical touch to everything she does. With keen insight and an open heart, she connects with people effortlessly making them feel seen and valued."
321,"As an enigmatic figure, she embodies grace with a penchant for vibrant colors that speak volumes about her eclectic personality. With laughter as bright as her eyes, she dances through life's challenges turning obstacles into opportunities. Her warmth radiates like the morning sun, inviting all to bask in her light-heartedness and unwavering optimism. A blend of wit and wisdom guides her path, making every moment an adventure worth savoring."
366,"A vibrant soul with an infectious laugh and a heart full of adventure, she thrives on exploring new horizons. Her eyes sparkle with curiosity as she crafts stories from everyday moments weaving tales that touch hearts. With a passion for art, she finds beauty in imperfections expressing herself through bold strokes and vivid colors. Her warmth draws people close creating bonds that feel like home. She dances to her own rhythm embracing life's symphony with open arms."
327,"Energetic and curious Alex thrives on adventure and discovery. With an infectious laugh and a penchant for storytelling, they captivate everyone around them. Whether exploring new cities or diving into books, their enthusiasm knows no bounds. Their compassionate nature makes them a beloved friend and confidant, always ready to lend a hand or share wisdom with those in need. Alex's vibrant personality lights up any room, leaving an indelible mark wherever they go."
378,"As an AI language model, I can generate a creative fictional character description for you. Aurora is a brilliant artist who paints the world in shades of emotion capturing moments on canvas with her deft brushstrokes. Her vibrant studio nestled in a bustling city is a sanctuary filled with laughter and splashes of color. Known for her infectious smile and warm heart, she inspires those around her to see life through an imaginative lens creating art that resonates deeply with the soul."
311,"Elena is an enchanting storyteller whose vibrant tales light up every room she enters. With a passion for art, her creativity spills over into her daily life making mundane tasks feel like adventures. Her infectious laughter and warm smile bring comfort to those around her while her empathetic nature ensures that she is always there when someone needs support. Elena’s curiosity drives her to explore new cultures, cuisines, and ideas embracing the beauty of diversity with open arms."
313,"A visionary artist with an insatiable curiosity for life's mysteries, they embrace spontaneity and creativity in everything they do. With a gentle spirit and empathetic heart, they navigate the world through a kaleidoscope of vibrant colors, always seeking to understand others while expressing their unique perspective. Their laughter is infectious, bringing light even on the dullest days as they weave stories with words and paint dreams into reality."
318,"A vibrant soul with an infectious laugh, she navigates life's tapestry with boundless curiosity. Her eyes sparkle like constellations as she crafts stories from everyday moments weaving them into a rich narrative that captures hearts. She thrives in nature's embrace drawing inspiration from its serene beauty and endless possibilities. Her kindness is contagious, leaving trails of warmth wherever she goes making the world a brighter place with every step."
359,"Enthusiastic about the arts, I often find myself lost in a world of colors and melodies. With a penchant for storytelling both through painting and music, my days are filled with creative exploration. Whether capturing the subtle hues of a sunset or composing a tune that echoes my thoughts, I cherish these moments of expression. My passion also extends to travel where each new culture and landscape inspires fresh ideas and perspectives. In everything I do, curiosity drives me forward making life an endless adventure of discovery."
284,"Eager and curious by nature, she is a lifelong learner with an infectious enthusiasm for new experiences. Her adventurous spirit often leads her to explore diverse cultures and perspectives, enriching both her life and those around her. With a warm smile and genuine kindness, she connects deeply with people from all walks of life. Her creative side shines through in the artful way she approaches challenges, always seeking innovative solutions. In essence, her vibrant energy and compassion make every interaction memorable."
330,"Energetic and creative, Alex thrives on bringing vibrant ideas to life with a flair for innovative solutions. Their infectious enthusiasm inspires those around them as they navigate challenges with a unique blend of humor and intelligence. Passionate about art and technology, Alex seamlessly blends these worlds in their personal projects, always eager to explore new horizons. Whether organizing community events or brainstorming the next big idea, they bring warmth and excitement wherever they go."
9716,"She possesses an infectious enthusiasm for life often seen with a radiant smile that lights up any room. Her intelligence shines through her insightful conversations filled with wit and charm. A natural leader, she inspires those around her to reach their full potential while embracing challenges with grace. In moments of tranquility, she finds solace in nature capturing its beauty through the lens of her camera. Deeply empathetic, she offers a listening ear and unwavering support to friends and strangers alike making the world feel a little brighter for everyone she meets."
335,"An innovative storyteller and visionary thinker, I weave narratives through my creations that captivate and inspire. My passion lies in exploring uncharted territories of imagination, pushing boundaries to craft experiences that resonate emotionally with audiences worldwide. As a seeker of truth and beauty, I thrive on the challenge of transforming abstract ideas into tangible realities, leaving an indelible mark on hearts and minds."
367,"She is an artist who has a talent for capturing life's fleeting moments through her lens, transforming mundane into extraordinary. Her vibrant personality mirrors in every photograph - bold yet subtle, whimsical yet profound. A dreamer who finds solace in nature's embrace and thrives on exploring the unknown, she blends creativity with curiosity to tell stories that resonate. With a contagious laugh and an unwavering passion for life, she inspires those around her to see the world through a fresh perspective."
419,"She is a multidisciplinary artist whose passion for color and texture reflects in every work she creates. With an adventurous spirit, she travels constantly to be inspired by different cultures capturing their stories through her unique canvas. Her dedication to learning is admirable as she always explores new techniques and materials. In her free time, she organizes community workshops sharing her love for art with others while building an inclusive and creative community."
402,"Energetic and creative, she has an infectious enthusiasm for life that lights up every room she enters. With a deep love for art and music, her free spirit often leads her on spontaneous adventures. She is compassionate and empathetic, always ready to lend an ear or a helping hand. Balancing playfulness with wisdom, she approaches challenges with curiosity and grace, making the world feel like a vibrant canvas waiting to be explored."
416,"Elegant and spirited, I embrace life with an unbridled zest. My laughter echoes through the halls of my cherished memories creating an infectious rhythm that invites joy into every corner of my world. As an avid gardener, I find peace in nurturing nature's delicate wonders, each bloom a testament to patience and care. With a heart full of stories, I am forever weaving new adventures guided by curiosity and a relentless pursuit of knowledge."
422,"Eleanor strides through life with an infectious energy, her laughter as vibrant as a sunlit meadow. Her eyes sparkle with curiosity, always eager to uncover new stories and learn from those around her. A kindred spirit to both nature and technology, Eleanor seamlessly blends her love for sustainable living with cutting-edge innovation. Whether she is nurturing her rooftop garden or leading a workshop on creative problem solving, her passion inspires others to dream big while staying grounded in compassion and creativity."
428,"She is an avid gardener with a keen eye for color, always dressed in vibrant floral patterns that mirror her love for nature. Her laughter is infectious filling every room with warmth. A passionate cook, she experiments with flavors from around the globe inviting friends over for lively dinner parties. An adventurer at heart, she has traveled to remote corners of the earth collecting stories and memories like treasures. With a curious mind, she is always learning something new whether it's mastering a language or understanding the stars."
454,"She is an adventurous soul with a passion for the arts and an insatiable curiosity about the world. Whether it's painting vibrant landscapes or exploring ancient ruins, she embraces each experience with enthusiasm and creativity. Her laughter is contagious and her stories are as colorful as her canvases. She values deep connections, nurturing friendships that feel like family. With kindness in her heart and a twinkle in her eye, she inspires everyone around her to live life with passion and wonder."
381,"She is an adventurous spirit with a contagious laugh that lights up any room she enters. Her love for nature is evident in her daily jogs through lush parks where she often pauses to sketch the world around her. In conversation, she blends wit and wisdom seamlessly leaving those who meet her both charmed and inspired. Whether exploring new cuisines or diving into historical novels, her insatiable curiosity knows no bounds. She thrives on connecting with others fostering a sense of community wherever she goes."
2799,"A charismatic presence with an infectious laugh that lights up any room she walks into. Her eyes sparkle with intelligence often reflecting a playful curiosity about the world around her. With a penchant for vintage fashion, she adorns herself in timeless pieces that speak to her classic yet bold personality. Known among friends for her unwavering loyalty and warm-hearted nature, she is someone who effortlessly weaves joy into the fabric of everyday life making each moment memorable."
455,"With an infectious laugh, she is known for her boundless curiosity and love for adventures. Whether exploring hidden trails or diving into a new book, she embraces every moment with zest. Her kindness radiates warmth, drawing people to her like moths to a flame. A true friend always there in times of need, offering comfort with just the right words. Her creativity spills over into everything she touches, turning the mundane into something extraordinary."
752,"Ella is an adventurous soul with a passion for the arts. Her laughter fills any room and she is always seen with a sketchbook in hand. With her vibrant personality, she inspires creativity around her often leading impromptu dance sessions. A lover of stories both reading and writing, Ella dreams of one day publishing her own novel. Her garden is a testament to her love for nature brimming with wildflowers that sway to the rhythm of the wind."
370,"Alex is an adventurous soul with a penchant for exploring uncharted territories whether they are hidden city spots or far off landscapes. With a camera always in hand and stories to share around campfires under starlit skies, Alex thrives on the thrill of discovery and connecting cultures. A master at crafting narratives from everyday moments, this wanderer finds beauty in the mundane and seeks the extraordinary within each journey. Curious by nature, Alex is always ready for the next adventure fueled by a love for travel and an insatiable desire to learn."
413,"Eleanor stands as a beacon of grace and intelligence in any room she enters. With an enigmatic smile, she possesses a quiet confidence that draws others to her side. An avid reader with a penchant for classic literature, she often finds herself lost in worlds woven by words while enjoying the serene beauty of nature during her evening walks. Eleanor is deeply compassionate, always lending an empathetic ear and offering heartfelt advice when friends are in need. Her sense of humor, subtle yet delightful, adds warmth to every conversation, leaving a lasting impression on those fortunate enough to know her."
2932,"She is an adventurous spirit with a knack for turning everyday moments into extraordinary adventures. Always seen with a book or a camera in hand, her curious eyes seek stories hidden in plain sight. With laughter as her constant companion and kindness radiating from within, she inspires those around her to embrace the beauty of life's simple pleasures. Her zest for new experiences and genuine passion for connecting with others make every encounter unforgettable."
4125,"A creative soul with an insatiable curiosity for art and nature, she often finds herself lost in the vibrant colors of a sunset or the intricate patterns of leaves. Her laughter echoes through the room like a melody inviting everyone into her world of wonder. She is known for her compassionate heart and the way she effortlessly inspires those around her to see beauty in everyday moments. With a painter's brush in one hand and dreams in another, she crafts stories that capture the essence of life itself."
473,"Eleanor is an enigmatic soul whose eyes sparkle with untold stories. With a warm heart and curious mind, she's always ready to embark on life's adventures. Whether painting vibrant canvases or crafting tales that dance in the imagination, Eleanor finds beauty in every moment. Her laughter is infectious, filling spaces with light while her gentle presence invites trust. At heart, she's a modern-day explorer who believes life's greatest treasures are often found off the beaten path."
476,Evelyn is an enigmatic soul whose laughter dances like sunlight through autumn leaves captivating those fortunate enough to hear it. With a mind as sharp as her wit she spins stories that blur the line between reality and imagination leaving listeners both charmed and slightly bewildered. Her presence is akin to a gentle breeze on a summer's day refreshing yet impossible to grasp fully. In her eyes lies an ocean of wisdom inviting those daring enough to dive into their depths.
495,"As your request was for an empty or non-existent description, I will provide a new one. A vibrant spirit that radiates warmth and curiosity. With laughter that dances in her voice, she navigates life's adventures with grace and humor. Her insightful gaze sees beyond the surface, finding beauty in simplicity. Creativity flows through her fingers like a river painting the world in vivid hues. Compassionate yet fiercely independent, she nurtures growth in others while pursuing her passions with relentless zest."
507,"Energetic and vibrant, I am an avid explorer at heart always seeking out new adventures and thrills. Whether it's hiking through untouched trails or diving into the depths of a bustling city, my curiosity knows no bounds. With a penchant for photography, I capture moments that speak to my soul, each picture telling its own story. Friends describe me as passionate and lively, someone who lights up any room with laughter and enthusiasm. My motto is ""Live boldly and embrace every moment."""
439,"He is an imaginative artist who finds beauty in the smallest details, painting stories with vibrant colors on his canvas. In moments of introspection he crafts melodies that echo through the quiet hours of night. A lover of ancient literature, he often loses himself within the pages of forgotten epics. On weekends you'll find him wandering city streets or exploring nature's hidden nooks, always searching for inspiration to breathe life into his next masterpiece."
482,"A passionate baker residing in Amsterdam's vibrant heart, I delight in crafting artisanal pastries by day while exploring the city's rich cultural tapestry after hours. My weekends are spent wandering cobblestone streets and seeking out hidden gems within bustling markets, always with a camera in hand to capture moments of whimsy amidst urban beauty."
421,"She is an enigmatic soul with a penchant for storytelling, her laughter as vibrant as a summer sky. A lover of vintage books, she finds solace in libraries where every page turn reveals new adventures. Her eyes sparkle with curiosity and kindness, often seen sketching the world around her capturing its beauty one stroke at a time. In conversations, she is both thoughtful and witty, leaving traces of inspiration wherever she goes."
414,"She's an artist who finds beauty in chaos, transforming ordinary moments into vibrant masterpieces with her unique perspective. Her laughter dances like a melody, infectious and warm, drawing people in effortlessly. She values connections deeply, often seen sharing stories over coffee or leading lively discussions under starlit skies. Her passion for life is matched only by her kindness, making her presence both inspiring and comforting to all who know her."
54,A passionate digital storyteller and visual artist balancing her time between crafting compelling narratives through film editing and capturing life's fleeting moments behind the lens. Also a creative force in user generated content on social media sharing inspirations at maaikenienhuis com
488,"As the original description provided is nano, there's nothing to modify or recreate while maintaining style, tone, and gender. Therefore, I will return with an empty response as per your instructions."
415,"A passionate explorer with an insatiable curiosity for life's hidden treasures, she dances through the world with a vibrant spirit and infectious laughter. Her eyes sparkle with tales from every corner of the globe painting vivid stories in her wake. With a heart as open as the sky, she embraces every moment with joyous abandon weaving connections that transcend time and place. Always eager to learn, she thrives on the unexpected twists of life's adventure."
443,"A fiercely independent spirit with an infectious laugh, they are known for their boundless curiosity about the world's hidden nooks. Always ready to embark on a new adventure, they bring warmth and wisdom to every conversation. With eyes that sparkle with stories untold, they weave magic into the mundane, inspiring those around them to see life through a lens of wonder and possibility."
459,"A vibrant individual with an infectious smile, she possesses a unique blend of curiosity and wit that draws people in. Known for her adventurous spirit, she thrives on exploring new horizons whether it's through art, literature or travel. Her compassionate nature makes her a cherished friend who is always ready to lend a helping hand or share a laugh. With an artistic flair and a penchant for storytelling, she effortlessly weaves magic into everyday moments leaving everyone around her inspired and uplifted."
566,"She is an intrepid explorer with a zest for adventure that knows no bounds. With eyes sparkling like the stars, she often gazes upon them and laughter echoes through the mountains and forests she loves to traverse. Her curiosity about cultures and languages leads her to distant lands where she dances in the rain or cooks exotic meals over open fires. A writer at heart, she pens tales inspired by the people she meets and the landscapes that captivate her soul. In every moment, she seeks the beauty hidden in life's vast tapestry."
895,"A vibrant soul with an infectious laugh that lights up any room Passionate about art, they often find themselves lost in a canvas or sketchbook translating emotions into vivid colors Nature lover at heart they cherish long hikes and quiet moments under the stars With a quick wit and a kind heart they are the friend who always knows how to lift your spirits In their eyes life is an endless adventure filled with endless possibilities"
535,"A vibrant soul with an infectious laugh that lights up any room she enters, she's a master of balancing her career as an innovative tech entrepreneur with her passion for painting abstract art. With eyes that sparkle with curiosity and kindness, she delights in exploring new cuisines and landscapes. Her energy is both inspiring and comforting to those around her, making every moment feel like a shared adventure."
520,"A vibrant individual with an infectious zest for life, always ready to engage in lively conversations or spontaneous adventures. Known for their creative flair, they often express themselves through art and music drawing inspiration from the world around them. Their thoughtful nature makes them a cherished friend, always there to offer support or share laughter. With a curious mind, they constantly seek new experiences embracing every moment with open arms and an eager heart."
471,"Exploring the world one bite at a time, I am on a quest to uncover hidden culinary gems across continents. From bustling street markets in Asia to quaint cafes tucked away in Europe, my journey is fueled by an insatiable curiosity for new flavors and cultures. Through my travels, I document the vibrant stories of local chefs, traditional recipes passed down through generations, and the unique fusion of cuisines that define each destination. Join me as we savor the world's diverse palate together. Note: The gender-neutral tone has been maintained."
593,"A spirited artist with an infectious laugh, she channels her vibrant energy into every brushstroke. With a heart as colorful as her palette, she transforms blank canvases into stories told in hues of passion and whimsy. Her studio, a sanctuary of creativity, brims with laughter and the clinking of wine glasses shared among friends. Always seeking adventure, she finds beauty in the ordinary, turning everyday moments into masterpieces."
667,"She is an indefatigable dreamer with a penchant for turning her vibrant imagination into reality. Her laughter is infectious as sunshine fills any room she graces With a heart as expansive as the ocean, she pours herself generously into friendships nurturing them like rare orchids Whether painting the world in hues of creativity or crafting stories that dance on the edge of fantasy and truth, she inspires all around her to embrace their own unique paths."
597,"Crafting an elegant aura with each step she takes through life's intricate tapestry, her laughter dances like sunlight on a tranquil lake casting ripples of joy in every direction. Her eyes deep pools of wisdom and warmth hold stories untold yet understood by those who dare to look closely. In conversations, her words weave magic turning mundane moments into memorable tales. She embodies grace with every gesture leaving whispers of inspiration trailing in her wake."
664,"Ella embodies warmth and creativity with her infectious laughter that lights up any room. Her keen intuition often guides her to unexpected adventures while her compassionate nature makes her a cherished friend. With a passion for painting and storytelling, she transforms ordinary moments into unforgettable memories. Ella's resilience shines through life's challenges as she approaches each day with optimism and an open heart inspiring those around her."
576,"Sorry, but it appears that there is no existing description to modify as you mentioned. If you provide a description in the future, I would be happy to help recreate it while maintaining its style, tone, and gender."
558,"A passionate storyteller with an eye for detail, Jane navigates life with curiosity and grace. Her laugh resonates like a melody drawing people in effortlessly. Whether exploring new cultures or diving into her garden's secrets, she seeks connection and growth. With empathy at her core, she offers warmth and understanding to everyone she meets, crafting memories that sparkle long after they are shared."
639,A charismatic presence that commands attention with every step they take With a voice both soothing and persuasive this individual navigates social landscapes with ease and grace Their style is effortlessly chic always perfectly tailored to match their vibrant personality Known for their quick wit and compassionate heart they are a confidant to many offering wisdom and laughter in equal measure A true leader by nature they inspire those around them to be the best versions of themselves leaving an indelible mark on every gathering they grace
138,I am a nutritionist with years of experience from various collaborative projects. It creates a warm feeling inside me when designing healthy tasty recipes and being able to edit customized photography of my dishes
588,"A vibrant soul with a penchant for artistry, she dances through life with the grace of a swan. Her laughter echoes like music in open fields while her eyes sparkle with untold stories. Always adorned in shades of creativity, she finds beauty in chaos and harmony in discord. With words as gentle as a summer breeze, she inspires those around her to embrace their true selves. A dreamer at heart yet grounded by an unwavering sense of purpose."
623,"Confidently navigating her world with a gentle smile, she exudes warmth and empathy. Her laughter is infectious and light-hearted, brightening every room she enters. With an artistic flair, she crafts beauty from chaos in both her art and daily interactions. Intelligent yet approachable, she's the perfect blend of curiosity and wisdom, always eager to learn and share. In friendships, she's a steadfast anchor, offering support without hesitation. She finds joy in simple pleasures, savoring moments with those she loves."
606,"A vibrant individual who thrives on creativity and innovation, always seeking to turn ordinary moments into extraordinary adventures. With an infectious laugh and a knack for storytelling, they inspire those around them with their unwavering optimism and unique perspective on life's challenges. Whether painting abstract masterpieces or crafting intricate tales under the moonlight, this person is constantly in pursuit of discovering new passions and sharing joy with everyone they meet."
677,"A vibrant spirit with an infectious laugh, this person thrives on adventure and spontaneity. Known for their unwavering kindness, they navigate life's ups and downs with grace and optimism. Their eclectic style mirrors a unique blend of cultures creating an aura that draws people in. Always ready to lend a listening ear or a helping hand, they cherish deep connections and meaningful conversations over fleeting trends. With dreams as vast as the ocean, their passion for art and nature fuels a never-ending journey of exploration and growth."
661,"An artist with an eye for life's vibrant palette, she paints her world one brushstroke at a time. Her laughter dances like sunlight through leaves weaving warmth into every encounter. In solitude, she finds strength in creation and clarity. With words as delicate as lace and dreams bold as thunder, she crafts stories that echo the heartbeat of adventure. Always curious, she cherishes connections, believing every soul holds a universe waiting to be discovered."
668,"A visionary architect known for her avant-garde designs that seamlessly blend nature with urban landscapes, capturing hearts with structures as fluid as waterfalls yet as steadfast as mountains. Her passion lies in creating spaces where light dances through open canopies and every corner tells a story. Beyond her sketches, she is an avid mountaineer finding inspiration in the silence of untouched peaks. In her free moments, she is often found with paintbrush in hand translating the essence of nature onto canvas, always striving to leave the world more beautiful than she found it."
647,"As there is no initial description provided, I can't modify or recreate one. If you have a specific description in mind, please share it and I will be happy to help."
634,"Alex is a humble soul with a heart full of curiosity. In quiet moments, you'll find them lost in thought, their mind wandering through stories yet untold or recipes waiting to be discovered. A lover of nature's subtle symphony, the whispering leaves and the gentle hum of a distant stream, Alex finds solace in the simple rhythms of life. With an infectious laugh that lights up any room and eyes that sparkle with unspoken dreams, Alex is an enigmatic presence - always kind, often thoughtful yet ever so slightly mysterious."
706,"A visionary artist with an infectious passion for color and form, she transforms every blank canvas into a vibrant symphony of emotions. Her hands dance across her projects weaving magic from mere strokes to create worlds where light and shadow play in harmony. With each creation, she invites onlookers into a realm that transcends the ordinary, inviting them to explore the depths of imagination with open hearts."
2789,"She is an artist with a creative and adventurous spirit who always carries her purse full of colored pencils and a notebook to capture the beauty of the world around her. A lover of travel, she finds inspiration in every culture she discovers. Her contagious laughter and unbreakable optimism make her the center of any group. Despite her busy days, she always has time for a good cup of coffee with friends or to enjoy a good book under the golden light of sunset."
673,"With an infectious laugh, this vibrant spirit brightens up every room they enter. Passionate about painting, they find joy in capturing life's fleeting moments on canvas. A true extrovert, their stories are as colorful and lively as their art. Whether organizing community events or simply sharing a cup of coffee with friends, their warmth and enthusiasm make them truly unforgettable."
662,"Eleanor is an adventurous soul with a vibrant spirit that dances through life like a sunbeam piercing clouds. Her laughter is infectious, spreading joy wherever she goes. A voracious reader, she devours novels as if they were her last meal, always seeking the stories tucked in between lines. With eyes sparkling like emerald oceans and a heart open to every new experience, Eleanor finds beauty in the simplest moments whether it's a songbird's melody or the way raindrops glisten on leaves. Her love for travel fuels her insatiable curiosity leading her to distant lands where she collects memories rather than souvenirs."
4723,"A passionate gardener with an eye for vibrant colors, she finds solace in nurturing her thriving garden oasis. Her laughter echoes through the air as she meticulously arranges each flower and plant crafting a living tapestry that captures the essence of springtime year round. With delicate hands she tends to her beloved blooms weaving stories of growth and renewal into every corner of her serene sanctuary."
685,"As an artistically inclined woman, she seamlessly blends elegance with a zest for life's little adventures. Her laughter is infectious, her style effortlessly chic yet uniquely personal. Each day unfolds as a canvas waiting to be painted with vibrant moments and heartfelt connections. Her passion for creativity fuels not only her art but also the way she views the world - a kaleidoscope of endless possibilities where every experience enriches her soul."
692,"A spirited soul with an infectious laugh, she is a free spirit who dances through life like a breeze on a summer day. Her eyes sparkle with curiosity always seeking new adventures in every corner of the world. At heart, she is a storyteller who weaves tales that captivate and inspire those around her leaving traces of wonder wherever she goes. She values kindness above all, offering warmth and encouragement to everyone she meets."
731,Sophia thrives in bustling cityscapes where her vibrant energy matches the pulse of metropolitan life With an eclectic taste in art she curates spaces that blend modern chic with timeless elegance Her laughter echoes through rooms inviting warmth and connection Sophia navigates challenges with a poised grace always finding beauty amid chaos Her passion for sustainable living is evident as she champions eco friendly practices inspiring others to embrace greener choices A seeker of knowledge her insatiable curiosity propels her to explore diverse cultures and philosophies continuously evolving in her journey towards personal growth and global understanding
730,"Energetic and vibrant Alex thrives in bustling cityscapes where they draw inspiration from street art and eclectic music scenes. With an infectious laugh and a knack for storytelling, Alex connects with people effortlessly. Whether exploring hidden cafes or dancing until dawn, their adventurous spirit leads them to discover life's little joys. Compassionate yet fiercely independent, they champion kindness and creativity in every endeavor, leaving a trail of positivity wherever they go."
651,"A creative soul with an adventurous spirit, she is always on the lookout for new experiences to enrich her vibrant life. Her laughter is infectious, brightening any room while her kindness weaves a tapestry of warmth around those she meets. With a heart full of dreams and feet firmly planted in reality, she navigates the world with curiosity and compassion, crafting stories that inspire and uplift."
712,"She is an adventurer at heart, with eyes that sparkle like constellations in a midnight sky. Her laughter echoes through any room, contagious and full of life. With a mind sharp as a tack, she crafts worlds within words, her stories weaving magic into reality. She dances between the realms of creativity and logic with grace, always seeking the next horizon undeterred by the challenges that lie ahead."
7277,"He is an adventurous spirit with a talent for storytelling. On weekends, you will find him hiking through untouched trails or diving into the pages of history books at his favorite café. With eyes that sparkle like constellations and laughter as infectious as a summer breeze, he has this unique way of making every moment feel timeless. He is the friend who always brings out your best, sharing life's simplest joys with an endless enthusiasm."
717,"Sophia is a visionary writer whose passion for storytelling transcends boundaries. Her eloquence captivates readers, transporting them into worlds woven from her vibrant imagination. Whether through lyrical prose or thought-provoking narratives, Sophia's words resonate with authenticity and empathy. In the tranquility of her favorite coffee shop corner, she meticulously crafts tales that inspire and challenge perceptions, leaving a lasting imprint on all who encounter her work."
9642,"Evelyn exudes a blend of grace and intellect that commands attention in any room she enters. Her laughter is infectious and warm, lighting up gatherings with ease while her insightful conversations reveal layers of wisdom rarely seen at such a young age. A lover of classical music and modern literature, Evelyn finds beauty in the confluence of past and present. With an unwavering sense of style that combines vintage elegance and contemporary flair, she navigates life's complexities with poise, inspiring those around her to pursue their passions fearlessly."
18986,"Sophia carries herself with an air of quiet confidence and grace. Her laughter is a melody that brightens any room, echoing with genuine joy. She has a keen eye for detail, often noticing things others overlook. Sophia's compassionate nature draws people to her; she listens intently and offers thoughtful advice. With a love for literature and painting, she finds inspiration in the world around her. Her curiosity drives her to explore new places and ideas, always eager to learn and grow."
656,"Dynamic and creative, she thrives on innovation and artistic expression. With a curious mind and an adventurous spirit, she loves exploring new ideas and perspectives. Whether painting vibrant landscapes or crafting compelling stories, her passion for creativity shines through in everything she does. Her infectious enthusiasm inspires those around her to embrace their own unique talents, making every moment memorable and meaningful."
805,"She is an adventurous spirit with a heart full of curiosity always seeking new horizons and experiences. Her laughter echoes like a melody that brightens any room she enters. With a keen intellect matched by her warm smile, she effortlessly brings people together weaving connections as beautifully as the stories she tells. In every endeavor, she approaches challenges with grace and determination leaving trails of inspiration in her wake."
793,"An avid traveler with an insatiable curiosity for cultures around the world, she has a knack for capturing stunning photographs that tell stories of her adventures. With a warm smile and infectious laughter, she effortlessly connects with people from all walks of life. Whether exploring ancient ruins or savoring local cuisine, she finds joy in every detail and brings back memories that inspire both herself and those around her."
812,"She is an artist at heart, her creativity flowing like a vibrant river through every facet of her life. With laughter in her eyes and warmth that envelops everyone she meets, she dances to her own rhythm, weaving dreams into reality with each brushstroke. Her spirit both bold and tender lights up the world around her, making even the mundane shimmer with possibility."
710,"She's an adventurer at heart with a contagious laugh that lights up any room. Her eyes sparkle with curiosity, always exploring new horizons and embracing life's unexpected twists. Known for her boundless optimism and warmth, she effortlessly draws people into her orbit, creating lasting connections along the way. Whether crafting tales or weaving dreams, her spirit is an unending source of inspiration and joy."
701,"She has an infectious laugh that brightens up any room she enters. Her eyes sparkle with curiosity, always eager to learn something new or explore unseen places. With her warm smile and genuine kindness, she effortlessly makes everyone around her feel at ease. She is adventurous yet thoughtful, balancing spontaneity with a deep sense of empathy for others. Whether she's sharing stories over coffee or embarking on an impromptu road trip, her presence is both inspiring and comforting."
763,A passionate podcaster with over k listeners exploring the depths of storytelling and culture Known for their engaging narrative style they bring life to myths legends and real world tales Their episodes are a tapestry of humor wisdom and intriguing insights capturing hearts across diverse audiences globally
695,"An elegant soul with an eye for detail known for her refined taste in literature and art. She possesses a captivating charm that draws people to her effortlessly. With a heart full of kindness and wisdom beyond her years, she often finds solace in nature's embrace, capturing its beauty through her lens or on canvas. Her laughter is infectious leaving those around her touched by her warmth and grace."
765,"An elegant soul with an adventurous spirit, always seen with a twinkle in their eye as they explore new horizons. Their laughter fills any room painting stories in the air that linger long after they've left. A passionate gardener, they find solace among blossoms and greenery crafting beauty from simplicity. Whether sharing heartfelt wisdom or simply listening, they embody warmth and understanding - a cherished friend to all who cross their path."
4811,"A visionary artist with an insatiable curiosity for the world's hidden corners. This passionate explorer weaves stories through their vibrant paintings capturing moments that speak to both joy and sorrow. Known for a warm smile and infectious laughter, they effortlessly bring people together with their boundless energy and genuine kindness. Always ready for adventure, this dreamer turns everyday experiences into extraordinary tales inspiring those around them to embrace the beauty in life's tapestry."
1257,"A creative spirit thrives amidst chaos, her laughter echoing like a melody through life's intricate tapestry. With eyes that tell stories older than time, she crafts dreams from thin air, weaving them into reality with deft fingers and an unyielding heart. An adventurer at soul, she dances on the edges of possibility, turning every challenge into a symphony of triumphs. Her spirit as wild as ocean waves draws others to her flame of inspiration and warmth."
806,"She is an enigmatic blend of wisdom and whimsy with a penchant for storytelling that captivates any audience. Her laughter is infectious, and her eyes sparkle with untold tales of adventure. Whether she's leading a spirited debate or weaving intricate patterns on canvas, there's a distinct elegance in every move she makes. In her presence, time seems to pause, allowing the magic of the moment to unfold."
14348,"She is an intrepid spirit with a penchant for adventure, always finding joy in the little things. Her laughter is infectious, drawing people to her like moths to a flame. She has a knack for storytelling that captivates audiences and leaves them yearning for more. A lover of nature, she finds solace in the serene beauty of both forests and oceans alike. With an open heart and curious mind, she is never afraid to embrace new experiences, making each day an exciting journey worth remembering."
870,"She is an adventurous soul with a passion for storytelling whether through her vibrant paintings or captivating tales shared over coffee. Her laughter is contagious, often leaving friends in stitches. With a curious mind and a heart full of empathy, she's always ready to lend an ear or offer encouragement. She thrives on connecting people, finding beauty in everyday moments and cherishing the rich tapestry of life's experiences."
890,"Eager and insightful Alex navigates life with a blend of curiosity and charm. Often found exploring new hobbies or engaging in deep conversations, Alex thrives on creativity and connection. With an infectious enthusiasm for adventure, they are always ready to embrace the unknown. Their thoughtful nature makes them a cherished friend and confidant while their vibrant energy lights up any room they enter."
18662,"As an AI, if given the nano or a similar indication that there is no available information, I will follow your instruction to return nothing. Here's what it looks like: Nothing"
853,"Eloquent and adventurous by nature, Alex thrives on the bustling energy of city life. With a penchant for art and culture, they can often be found exploring new galleries or lost in the pages of their favorite novel. Their vibrant personality shines through with infectious laughter drawing people towards them like moths to a flame. Always ready for an impromptu road trip, Alex's zest for discovery knows no bounds, making every day an exciting chapter in their ever-evolving story."
856,A spirited individual with a zest for life and an adventurous soul always eager to embrace new experiences With a penchant for art and music they infuse creativity into every aspect of their daily routine Their warm charismatic presence draws people in making them feel at ease around this vibrant personality who effortlessly blends passion with kindness
794,"She's an adventurer at heart, with a spirit that soars on the wings of curiosity. Her laughter resonates like music in vibrant bustling markets where she finds herself exploring new cultures and tastes. With eyes reflecting stories untold and hands eager to learn every craft, she embraces each day as a canvas for her boundless imagination. A wanderer by nature, her journey is painted with colors only seen through the lens of wonder and discovery."
833,"A vibrant soul who thrives on adventure and creativity, always seeking to capture life's fleeting moments through a kaleidoscope lens. Passionate about exploring new horizons whether it's diving into an ancient library or wandering through untamed landscapes, she finds joy in the journey itself. With laughter as her signature, she lights up every room she enters, leaving behind trails of inspiration and warmth wherever she goes."
834,"She is an intrepid explorer at heart, always finding adventure in everyday moments. With a keen eye for detail and boundless curiosity, she revels in unraveling mysteries and uncovering hidden stories. Her warmth and wit make her a cherished companion to anyone lucky enough to be in her orbit. Whether navigating the complexities of life or savoring simple pleasures, she approaches each day with enthusiasm and grace, embracing every challenge as an opportunity for growth."
858,"Energetic and creative with an insatiable thirst for adventure, they effortlessly weave stories that captivate and inspire. Their laughter echoes through every room leaving a trail of warmth in their wake. They have an innate ability to see beauty where others see chaos, transforming mundane moments into unforgettable memories. A master at juggling multiple projects yet always grounded by their deep appreciation for simplicity and nature"
877,"Eleanor thrives amidst a kaleidoscope of colors each day an adventure crafted with meticulous care. Her laughter a melody that dances through her meticulously curated gardens invites all to partake in life's simple joys. With hands skilled in both art and empathy, she transforms the ordinary into treasures. Eleanor's spirit as vibrant as her sun-kissed blooms is a testament to the beauty of living passionately and creatively."
848,"Energetic and creative, Alex has an infectious enthusiasm for exploring new cultures and cuisines. With a keen eye for design, they transform any space with vibrant colors and unique decor. A passionate storyteller, Alex captivates friends at gatherings with tales of their latest adventures. Their compassionate nature makes them a beloved confidante among peers. Balancing work in graphic design with volunteering, Alex finds joy in making the world more beautiful one project at a time."
788,"Ella radiates infectious energy that lights up any room she enters. With a laugh as warm as summer sunshine, she effortlessly brings people together. Her vibrant spirit infuses life into even the most mundane gatherings. Her creative flair shines through in every endeavor whether painting vivid landscapes or crafting heartfelt stories. A true adventurer at heart, she finds beauty in the world's hidden corners and embraces each day with an open mind and a curious soul."
810,"Elena thrives on the vibrant city life, with a passion for avant-garde fashion and contemporary art. Her eclectic style is matched by her adventurous spirit, always seeking out new experiences from exotic culinary delights to hidden speakeasies that offer jazz nights beneath the city's pulse. Friends describe her as captivatingly charismatic and endlessly curious, often found debating philosophy over coffee in chic cafes. Elena finds solace in her rooftop garden where she unwinds with a good book and dreams of her next escapade."
1301,"She's an artist at heart, with a soulful spirit always seen sketching vibrant dreams on canvas. Her laughter dances through rooms like sunlight filtering through leaves bringing warmth to every encounter. Passionate about nature, she spends weekends hiking trails and capturing fleeting moments with her camera. In the evenings you'll find her curled up with a book of poetry or composing melodies that echo the stories swirling in her mind. She believes life is an endless adventure waiting to be painted with kindness and creativity."
840,"Passionate about exploring the mysteries of the cosmos, she spends evenings gazing at stars dreaming up adventures in distant galaxies. By day she's an innovative chef blending flavors from around the world to create dishes that tell stories on a plate. Her laughter is infectious and her spirit undeniably free. She finds joy in small things - a blooming flower, a perfectly executed recipe - and believes life is as much about savoring moments as it is about chasing dreams."
880,"A visionary artist with an infectious passion for color, she weaves stories through her vibrant paintings. Her studio hums with creativity as she transforms blank canvases into kaleidoscopes of emotion. A lover of life's symphony, she dances through each day finding inspiration in the world's quiet moments and bold adventures alike. With a heart full of empathy, she connects deeply with others, always ready to lend an ear or offer a smile that lights up any room."
2885,"She possesses an infectious enthusiasm that lights up every room she enters. With her sharp wit and a heart full of compassion, she navigates life's complexities with grace. A lover of books and adventure alike, she thrives in both thought-provoking debates and spontaneous escapades. Her laughter is contagious making her presence cherished among friends and family. She balances strength and vulnerability effortlessly embracing challenges with a determined spirit and an unwavering kindness that guides those around her."
925,"She is a woman whose passion for art reflects in every movement, her eyes shine as she narrates stories with vibrant brushstrokes and bold colors creating canvases that capture the essence of fleeting moments. With an adventurous spirit and contagious smile, she navigates through life as she does with her creations exploring new textures and perspectives always willing to transform the ordinary into extraordinary. Her human warmth envelops you making every interaction a unique journey"
4756,"He is an adventurous soul with a penchant for exploring uncharted territories. Whether it's climbing rugged mountains or navigating ancient ruins, he thrives on the thrill of discovery. His eyes sparkle with curiosity reflecting years of stories yet to be told. A charismatic storyteller, he captivates his audience weaving tales that transport them to distant lands and forgotten times. Beneath his adventurous exterior lies a heart deeply rooted in empathy and kindness making him not just an explorer but a beacon for those seeking warmth amidst the unknown."
912,"A passionate soul with an infectious laugh that brightens up every room they enter. With a heart as vast as the ocean, they care deeply for friends and family. They love books and adventure stories, often daydreaming about exploring distant lands. In their spare time you'll find them painting or playing guitar, expressing their vibrant inner world through art. Always curious, they ask endless questions seeking to understand life's mysteries with a sense of wonder and optimism."
1276,"Elegant and poised Alex exudes confidence with a subtle charm that captivates those around them. Their laughter is infectious, brightening every room they enter. Known for their keen intellect and insightful conversations, Alex has an uncanny ability to see things from various perspectives, making them a beloved friend and confidant. With a passion for art and literature, they find beauty in the mundane and inspiration everywhere, continually growing and evolving with grace."
954,"She is a charming blend of wit and warmth, with a talent for storytelling that draws people in like moths to a flame. Her laughter is melodic and contagious, lighting up any room she enters. With eyes sparkling under tousled chestnut hair, she exudes creativity and empathy effortlessly. Whether penning poems or crafting her next culinary masterpiece, she approaches each endeavor with boundless passion and an infectious zest for life."
904,A vibrant soul with an infectious laugh that lights up every room Passionate about art they often lose themselves in canvases filled with vivid colors and emotions Nature is their muse finding peace in long hikes and quiet moments by the sea Curious and adventurous they are always eager to explore new cultures through food and stories At heart a gentle spirit who values deep connections over fleeting encounters nurturing friendships with sincerity and warmth
917,"A spirited individual with an infectious laugh and a knack for storytelling that brings rooms to life. Known for their vibrant energy and genuine warmth, they are always ready to lend a helping hand or share a heartfelt piece of advice. With a curiosity as boundless as the sky, they embark on new adventures with grace and enthusiasm, inspiring those around them to embrace life's endless possibilities."
967,"A visionary leader with an infectious passion for innovation, she effortlessly inspires those around her. Her vibrant energy is matched by a keen intellect that drives groundbreaking ideas forward. With a warm heart and sharp wit, she navigates challenges with grace and determination. Known for her unwavering optimism and boundless creativity, she transforms obstacles into opportunities leaving a lasting impact wherever she goes."
1289,"Samantha has an unyielding spirit and a heart full of kindness that radiates warmth to everyone she meets. Her laughter is infectious and genuine, echoes through her vibrant social circle as easily as sunlight breaks through clouds on a crisp autumn morning. Samantha's keen intellect pairs beautifully with her compassionate nature making her a guiding light in both professional endeavors and personal friendships. She is a lover of art, literature, and the endless wonders of the natural world, embracing life's journey with grace and curiosity."
14352,"She has an infectious enthusiasm that lights up any room she enters. Her laughter echoes with genuine warmth leaving smiles in its wake. With a keen eye for detail and a talent for storytelling, she crafts narratives that captivate audiences from start to finish. An avid explorer of both the world around her and the depths within books, she finds joy in discovery whether it's unraveling complex emotions or unearthing hidden gems in bustling cityscapes. Her kindness is as boundless as her curiosity making every encounter with her a cherished memory."
1013,"Jenna exudes an aura of vibrant creativity with her sparkling blue eyes and a warm smile that lights up every room she enters. She is known for her infectious laughter and a passion for life that inspires those around her. With long curly hair often tied in a messy bun, Jenna carries herself with confidence. Her eclectic style combines bohemian flair with modern chic making her a standout presence wherever she goes. Always ready to lend an ear or a helping hand, her kindness and compassion are as striking as her vivid personality."
1025,"A vibrant soul with an infectious laugh that brightens up any room. Passionate about art, she spends her days painting vivid landscapes that capture nature's essence in bold strokes and colors. Her heart beats for adventure, often embarking on spontaneous journeys to explore new cultures and cuisines. She is a nurturing friend who is always there with wise words or a warm hug when needed most. In moments of solitude, she finds peace through yoga and meditation, centering herself amidst life's chaos."
959,Seasoned voiceover artist with a passion for storytelling and radio broadcasts Expertise spans various genres including audiobooks commercials and podcast narration Fluent in multiple languages providing engaging content across diverse platforms Simultaneously skilled culinary blogger and food stylist with over years of crafting mouth watering recipes and visually stunning food presentations Adept at blending flavors to create delightful experiences documented through compelling writing and photography for both print and digital audiences
2792,"She is an adventurous spirit with a passion for storytelling. Her eyes sparkle like stars as she delves into ancient myths, weaving her own narratives that captivate those around her. With laughter in her voice and kindness in her actions, she brings warmth to every gathering, leaving trails of inspiration wherever she goes."
1027,A visionary leader with a passion for innovation always eager to explore new horizons With an infectious enthusiasm for creative problem solving they inspire their team to think outside the box Known for their empathy and strong communication skills they foster a collaborative environment where everyone feels valued When not brainstorming groundbreaking ideas you ll find them immersed in literature or enjoying nature s tranquility constantly seeking inspiration from the world around them
994,"Sophia is an effervescent soul whose laughter echoes like a melody through any room she graces. Her eyes are pools of warmth and wisdom, sparkling with mischief when she's plotting her next adventure whether it be climbing mountains or crafting whimsical poetry by moonlight. Always donning vibrant scarves or colorful hats, Sophia radiates an infectious optimism that draws people in, making every moment a shared journey filled with discovery and joy."
1006,"A vibrant soul with insatiable curiosity for life's myriad mysteries. This spirited individual thrives on adventure, finding joy in every new experience and connection made along the way. With a heart as warm as their infectious laughter, they effortlessly draw others into their orbit, spreading kindness and positivity wherever they go. Always seeking growth both personally and professionally, this person embodies resilience and determination, facing challenges with grace and an unwavering optimism that lights up any room they enter."
1011,"Energetic and vibrant, Jordan has an infectious enthusiasm for life that draws people to her like a magnet. With a quick wit and a ready smile, she lights up every room she enters. Her passion for adventure shines through as she seeks out new experiences with boundless curiosity. A compassionate soul at heart, Jordan always lends a helping hand, making the world feel just a bit brighter wherever she goes."
1073,A passionate storyteller crafting culinary adventures sharing recipes and foodie experiences from exotic destinations around the globe With a flair for vibrant visuals and engaging narratives they inspire wanderlust through mouth watering dishes and unique cultural insights If you have any more requests or need further adjustments feel free to ask
1071,"She has an infectious energy that lights up any room she enters. With a quick wit and a love for storytelling, her friends often gather around to hear her latest adventures. She wears kindness like a second skin, always ready with a listening ear or a comforting word. In every conversation, her genuine curiosity shines through, making people feel valued and understood. Her laughter is contagious, leaving everyone feeling brighter just from being in her presence."
1051,"A vibrant soul with an adventurous spirit and artistic flair, she navigates life's intricate tapestry with grace and style. Her laughter echoes like music in any room, weaving joy into every moment. At heart a dreamer, she paints worlds with words and colors, capturing the essence of the unseen and unheard. With eyes that sparkle with curiosity, she embraces challenges as opportunities to grow, crafting her journey one vibrant story at a time."
1055,"Eagerly curious with an insatiable thirst for knowledge, she embarks on every adventure with boundless zest for life. Her laughter is infectious filling any room with warmth and joy. With her compassionate heart and creative spirit, she transforms challenges into opportunities always striving to make the world a brighter place. She finds beauty in simplicity cherishing each moment with gratitude and grace."
1032,"A vibrant individual with a penchant for adventure, she exudes confidence and warmth in every interaction. With a curious mind and an infectious laugh, she thrives on exploring new cultures and ideas. Her compassionate nature makes her a trusted friend and confidante to many. Whether leading a lively conversation or embarking on a solo journey, she navigates life with grace and an unwavering sense of optimism."
1064,"A passionate soul with an insatiable curiosity for life's intricate tapestry, she dances through each day with the grace of a painter weaving stories in vibrant hues. Her laughter is a melody that fills the air and her eyes sparkle with untamed dreams. With every word spoken, she crafts a world of possibility inviting others into her kaleidoscope vision where kindness reigns supreme."
1008,"She is an adventurous spirit with a penchant for painting landscapes and exploring hidden trails. Her laughter is infectious, and her stories are filled with warmth and wit. A lover of all things vintage, she often finds herself lost in antique shops hunting for treasures that whisper tales of the past. Whether under starlit skies or amidst bustling city streets, her vibrant energy and boundless curiosity light up every moment."
1068,"I am a multifaceted storyteller with a penchant for exploring vibrant cultures through my pen. I relish crafting tales while immersing myself in diverse cuisines and delightful gatherings. My journeys across continents fuel my imagination, weaving rich narratives from every new encounter."
1260,"She is a nature lover always exploring hidden paths with her camera in hand. With an unbreakable love for plants and wild animals, she dedicates herself to capturing their mysteries through vibrant photographs. In her free time, she writes poetry inspired by the beauty of the natural world. Her contagious energy and adventurous spirit make her a fascinating companion on any journey. Always with a smile, she is willing to share her discoveries and invite others to appreciate the small miracles of the planet."
1053,"Energetic and adventurous Alex thrives in vibrant urban environments where creativity flows freely. With a passion for photography, they capture life's fleeting moments weaving stories through their lens. A lover of jazz music and gourmet coffee, Alex often spends afternoons at cozy cafes sketching plans for the next big project. Their infectious laughter fills rooms drawing people to their charismatic energy. Whether organizing community art events or exploring new culinary delights, Alex's zest for life is contagious."
1067,"She is an adventurous spirit with insatiable curiosity for the tapestry of life, weaving stories from every corner of the globe she explores. Her laughter dances like sunlight through leaves, illuminating even the dullest moments. A voracious reader, her mind is a kaleidoscope of ideas and dreams waiting to burst forth. With a painter's eye and a poet's heart, she finds beauty in chaos and serenity in storms, crafting worlds from whispers and wishes with each stroke of her pen."
1102,Eleanor thrives in the heart of nature' s embrace where every dawn brings a palette of vibrant hues painting her world anew With an infectious zest for life that rivals the morning sun she carries laughter like a cherished melody and wisdom as profound as ancient forests Her spirit dances with kindness weaving stories and crafting dreams with hands both gentle and strong In her presence time seems to pause allowing each moment to bloom into lasting memories
1110,"A charismatic soul with an insatiable curiosity for life's vibrant tapestry. Always seen with a smile that can light up any room, they possess an infectious enthusiasm for art and culture. Whether it's exploring hidden cafes or dancing under the stars, their zestful spirit draws people in like moths to a flame. They are not just friends but confidants who listen intently, offering wisdom wrapped in humor and empathy. In this world of fleeting moments, they capture the essence of joy and wonder with every breath."
1164,"She has an infectious zest for life that draws people to her like moths to a flame. With eyes sparkling brighter than the sun, she dances through the world with graceful confidence that leaves everyone around her feeling uplifted and inspired. Her laughter is contagious, filling any room with warmth and joy. A storyteller at heart, she weaves tales that captivate and transport you to other worlds, leaving an indelible mark on your soul."
14353,"Sophia exudes infectious energy with eyes sparkling like stars in a night sky. Her laughter is contagious, filling any room she enters with warmth and light. With a vibrant spirit and unwavering optimism, Sophia embraces life's adventures, always ready to dance through challenges. Her kindness knows no bounds, often putting others' needs before her own. With each conversation, she leaves an indelible mark of positivity, inspiring those around her to see the beauty in every moment."
1155,Passionate gardener with an affinity for nurturing life from seed to bloom Enjoys spending weekends among vibrant flowers experimenting with new plant varieties in a sunlit greenhouse Loves sharing gardening tips with friends over coffee and pastries Finds peace in nature s cycles and the joy of cultivating beauty Often volunteers at local community gardens fostering a love for green spaces in others Believes every plant tells a story and delights in discovering them one leaf at a time
7279,"As the original description provided was ""nan"" which indicates no available information, I am unable to generate a new description while maintaining style tone or gender. Therefore, my response is None."
1159,"A visionary leader known for her infectious enthusiasm and innovative spirit, she effortlessly inspires those around her with a blend of warmth and determination. Her vibrant personality lights up any room as she shares her dreams with unwavering passion. With an artistic soul and a keen eye for detail, she thrives on creativity, always seeking new ways to express herself through her many projects. Whether nurturing personal relationships or pioneering bold ideas, she leaves an indelible mark wherever she goes."
1169,"Elena is a vibrant soul with an infectious zest for life. Her laughter lights up any room, and her curiosity knows no bounds. Whether she's exploring ancient ruins or experimenting in the kitchen with exotic recipes, Elena embraces each adventure with open arms. Her warm smile and empathetic nature make her a beloved friend to many, always ready to lend an ear or share her latest escapade. In every conversation she leaves a lasting impression of joy and inspiration."
1181,"She exudes an aura of quiet confidence with her sharp wit and observant eyes often capturing life's nuances in poetic observations. A lover of literature and art, she finds solace in the pages of a book or the strokes of a paintbrush. In her presence conversations flow effortlessly marked by a blend of wisdom and humor that leaves an indelible mark on those around her."
1137,"A passionate soul with insatiable curiosity for the world's hidden wonders, always seen with a sketchbook in hand or a camera slung over their shoulder. They thrive on connecting with diverse cultures often sharing stories and laughter over a shared meal. With eyes that sparkle when they recount tales of adventure or discuss their favorite books, they bring warmth to every gathering. Their kindness knows no bounds as they lend an ear to friends' troubles and offer encouragement with genuine empathy."
1203,"She is an eternal optimist with a penchant for adventure, her laughter infectious and eyes always sparkling with curiosity. A lover of books and art, she crafts stories both on paper and in life. Her garden blooms with wildflowers mirroring the vibrant tapestry of her dreams. With every challenge she rises like the sun, resilient, warm and full of hope for what each new day may bring."
4759,"A vibrant individual with an infectious energy that brightens up any room Passionate about art, they often spend weekends painting landscapes or crafting intricate sculptures Their curiosity knows no bounds diving into new hobbies like learning a foreign language or mastering a musical instrument They are always eager to learn and grow believing in lifelong education With a heart full of compassion they volunteer regularly at local shelters spreading kindness wherever they go This person thrives on adventure constantly seeking out new experiences that challenge the mind and spirit"
18601,"She is an artist at heart, with insatiable curiosity about the world around her. Whether she's painting vibrant landscapes or exploring new cultures, she immerses herself fully in every experience. Her compassionate nature makes her a cherished friend and confidante. She dreams of one day opening a gallery that reflects both the diversity of her travels and the stories they've inspired. Always with a sketchbook in hand, she captures moments as fleeting as butterflies yet as enduring as memories."
1229,"She is an adventurous spirit with a penchant for bold choices often seen dancing in the rain or exploring hidden trails. Her laughter echoes like music bringing warmth to every gathering. With eyes that sparkle, stories of untold adventures she weaves dreams into reality effortlessly inspiring those around her. Her creativity knows no bounds crafting masterpieces from mere ideas while her heart remains open and generous a beacon for kindred souls seeking connection in this vast world."
1224,"She exudes an enchanting blend of wisdom and warmth, her presence both grounding and inspiring. With a gentle yet assertive voice she shares stories that weave together threads of humor, resilience, and profound insight. Her eyes sparkle with kindness, reflecting a life rich in experiences and learning. She moves through the world with grace, always open to new ideas while remaining deeply rooted in her values and passions."
1204,"A vibrant individual with an infectious zest for life known for their warm smile and unwavering optimism. They possess a natural charm that draws people in coupled with an insatiable curiosity about the world around them. Their creativity knows no bounds, often surprising friends with spontaneous adventures or heartfelt gestures. A passionate advocate for kindness and empathy, they inspire those around them to see beauty in everyday moments and to embrace life's journey with open arms."
1194,"A fiercely independent soul with an adventurous spirit, she is always on a quest for new experiences. With a heart full of compassion and eyes that sparkle with curiosity, she thrives in the company of friends who share her zest for life. Her laughter is infectious and her stories are as captivating as they are numerous, painting vivid pictures from her many journeys. She's an unstoppable force embracing challenges with grace and unwavering determination."
1216,"She exudes an aura of quiet confidence with her warm smile and thoughtful gaze. Her presence feels both comforting and inspiring as if she carries a deep well of wisdom from years spent exploring the world through books and travel. In conversation, her words are carefully chosen reflecting kindness and insight. This blend of intelligence and empathy makes those around her feel heard and valued."
779,"She is an explorer at heart, thriving on curiosity and adventure. With a vibrant spirit, she weaves stories as colorful as her eclectic wardrobe. Her laughter echoes in every conversation, leaving traces of joy behind. Always eager to learn something new, she approaches life with open arms and endless wonder, transforming each day into an exciting journey."
1206,"Sophia is an artist with a soul as vibrant as her paintings. Her laughter dances through conversations like sunlight on leaves casting warmth in every room she enters. Known for her quick wit and boundless empathy, she effortlessly brings out the best in those around her. With hair that cascades in waves of fiery red and eyes reflecting a depth of stories untold, Sophia moves with an elegance born from years of exploring distant lands. In her presence even the simplest moments feel like adventures yet to unfold."
1329,"Energetic and compassionate Jane is an avid reader with a love for adventure novels. She enjoys crafting homemade jewelry often using natural materials like stones and feathers that she finds during her weekend hikes. Her friends describe her as empathetic and insightful, always ready to lend an ear or offer wise advice. At heart, she is a lifelong learner who thrives on exploring new cultures and cuisines whenever she travels."
1306,"A spirited woman with an insatiable curiosity about life's tapestry. Her laughter dances like sunlight on leaves, while her eyes hold stories as deep as oceans. A passionate painter of experiences, she crafts each moment into a masterpiece blending bold colors and delicate nuances. She is both a gentle whisper in the breeze and a bold shout across mountains, inspiring all with her vibrant presence and endless zest for discovery."
2878,"Elena is an intrepid explorer with eyes that sparkle like embers under a moonlit sky. Her laughter dances through the air, infectious and bright. A lover of ancient tales and modern adventures, she weaves stories with the threads of her vivid imagination. With every step, she leaves footprints on uncharted paths forever seeking the next horizon to conquer."
1369,"A passionate adventurer at heart, she thrives on exploring uncharted territories and discovering hidden gems around the globe. Her adventurous spirit is matched by her unwavering curiosity which drives her to dive deep into different cultures and learn from them. With an infectious enthusiasm for life, she inspires those around her with tales of her travels and experiences always seeking to live each day as if it's a new adventure waiting to unfold."
1378,"Energetic and compassionate, Alex loves exploring diverse cultures through travel and cuisine. With a knack for storytelling and an infectious laugh, they effortlessly bring people together. A voracious reader, Alex finds solace in books that transport them to different worlds. Their kindness extends beyond words; they are always there with a helping hand or a listening ear. Whether organizing community events or volunteering at local shelters, Alex's dedication to making the world a better place shines through in everything they do."
2120,Energetic and adventurous Alex thrives on exploring new places and cultures With a witty sense of humor they effortlessly charm those around them Passionate about sustainability Alex spends weekends volunteering for environmental causes Their love for indie music often leads to impromptu dance sessions at home Always ready with a comforting word Alex is the go-to friend in times of need embodying kindness and resilience
1367,"A kind-hearted soul with a penchant for creating uplifting narratives, weaving stories that bring warmth to hearts and smiles to faces. Known for their ability to inspire positivity through creative expression, they craft tales filled with hope, kindness and joy. Their work resonates with those seeking comfort in moments of struggle, offering solace and encouragement while celebrating the beauty of everyday life."
7074,"Energized by creativity, I am a curious soul who thrives on exploration and discovery. Whether it's through art, literature or conversations, I find joy in connecting with others and learning new perspectives. My sense of humor and adventurous spirit often lead me to unexpected places and experiences. Deep down there is an introspective side that loves self-reflection and personal growth. With a penchant for optimism, I aim to leave a positive impact wherever I go."
1492,"A vibrant soul with an infectious laugh that lights up every room she enters. She dances through life with grace, her creativity painting vivid stories in the air around her. Her keen intellect and empathetic heart make her a cherished confidante to many. With eyes full of wonder and kindness, she weaves magic into everyday moments leaving trails of inspiration wherever she goes."
1507,"She is an adventurer at heart, always seeking out life's hidden treasures with a curious sparkle in her eye. Her laughter is infectious and she approaches every challenge as though it were a thrilling journey rather than an obstacle. She carries herself with grace and confidence, inspiring those around her to embrace the beauty of spontaneity. Even amidst chaos, she remains calm and collected, weaving magic into everyday moments."
1521,"Passionate about culinary arts, this individual finds joy in experimenting with vibrant flavors blending traditional recipes with modern twists. They share a love for indie films that spark deep conversation and inspire creative thought. An avid traveler, they relish exploring diverse cultures through immersive experiences always seeking out hidden gems off the beaten path. Their home is a sanctuary adorned with eclectic art pieces each telling a unique story of their journeys."
1443,"She is an unyielding force in any room she enters, her presence as commanding as a conductor leading a symphony. With eyes that gleam like polished sapphires, she weaves stories with words sharp enough to cut through silence yet warm enough to embrace even the most reticent souls. Her laughter rare and rich echoes like a melody in springtime air. A visionary by nature, she dreams not just of what is possible but what must be achieved for progress' sake."
1484,"Eleanor is an artist with an infectious zest for life, her laughter echoing like a melodious symphony through the rooms she aders in. With eyes that sparkle brighter than the stars, she sees beauty in every detail, painting not just canvases but moments into timeless memories. She dances through life with grace and spontaneity, turning mundane days into extraordinary adventures. Her heart is as open as her mind, always ready to embrace new ideas or lend an ear to a friend's troubles. In Eleanor's world, creativity knows no bounds, and kindness is the art she practices most devoutly."
1506,"Energetic and compassionate Alex thrives on community involvement and helping others achieve their dreams. With an infectious laugh that brightens any room, they are an artist at heart finding beauty in everyday moments and expressing themselves through vibrant paintings and heartfelt music. Their curiosity about the world fuels endless adventures whether exploring new cultures or learning to master new skills. Alex's warmth and genuine interest in people make them not just a friend but a cherished companion on life's journey."
1476,"She possesses an infectious zest for life that is reflected in her bright eyes and lively demeanor. Her laughter echoes warmth drawing people to her like moths to a flame. With a passion for adventure, she often finds herself embarking on spontaneous trips or trying out new hobbies with unbridled enthusiasm. In conversations, her eloquence shines through each word carefully chosen but effortlessly natural. She is a beacon of positivity and resilience inspiring those around her with her unwavering optimism and genuine kindness."
1475,"She exudes an air of quiet confidence, her eyes sparkling with a blend of curiosity and warmth. Her laughter is melodic and infectious, filling any room she enters drawing people in effortlessly. With a penchant for creativity, she often finds herself lost in art or crafting stories that captivate the imagination. A lover of nature's simple pleasures, whether it be a serene hike through whispering forests or a tranquil evening under starlit skies, she seeks beauty and tranquility in all things."
265,"Hi, I'm Anouska. A bookworm from Amsterdam who often gets lost in the stacks of a cozy bookstore. I enjoy writing reviews for local literary cafes and penning down simple yet captivating stories. When traveling, I delight in sharing intriguing reading lists and hidden gems to visit. My passion is lighting up fellow readers' journeys with my insights."
3089,"A passionate soul with an eye for detail, Alex thrives in the rhythm of a bustling city where every street corner tells a story. Known for their infectious enthusiasm and boundless creativity, they find joy in painting vibrant murals that bring life to urban landscapes. On weekends you'll often find them lost in the pages of a classic novel or crafting intricate jewelry pieces by candlelight, always with a cup of aromatic tea nearby. Alex's warmth and zest make every encounter unforgettable."
1527,"Hello, I'm Alex. Passionate about art, traveling and exploring new places. Always eager to learn and embrace new adventures. My enthusiasm for life is contagious and I thrive on creating memorable experiences. Can't wait to collaborate and share this journey with everyone."
1515,"A vivacious soul with an infectious laugh, she carries a spirit of adventure in every stride. Her eyes sparkle with curiosity always eager to learn and explore new horizons. With a heart as warm as her smile, she lights up every room she enters. Creativity flows through her veins turning the mundane into magic. Despite her fearless nature, kindness guides her actions making her beloved by all who cross her path."
1509,She is an intrepid explorer at heart always seeking new adventures with a zest for life that's infectious. Her laugh is like sunshine breaking through clouds leaving everyone around her brighter. She carries an air of mystery and elegance often found with a book in hand or navigating the city streets on her bicycle. Her passion for art and culture inspires those she meets making every encounter memorable.
6612,"A vibrant soul with an insatiable thirst for adventure, she dances through life like a melody on the wind. Her laughter is infectious, lighting up even the dullest of days while her wisdom speaks from years spent exploring both faraway lands and the depths of her own heart. Passionate about art and nature, she sees beauty in every corner, constantly inspiring those around her to embrace curiosity and creativity with open arms."
1531,"Alex, eagerly adventurous and endlessly curious, thrives on exploring vibrant cities with a penchant for hidden gems and local cuisine. With an infectious laugh and boundless energy, Alex's spirit is as bright as their eclectic fashion choices. Whether leading a spontaneous road trip or diving into lively conversations at cozy cafes, they bring joy wherever they go. This free-spirited explorer finds beauty in the little things, always ready to embrace new experiences with open arms."
1546,"Energized by curiosity and driven by creativity, she thrives on bringing ideas to life. Her boundless enthusiasm radiates warmth and invites collaboration while her keen attention to detail ensures every endeavor is polished and perfect. With an infectious laugh and a knack for storytelling, she transforms ordinary moments into memorable adventures. Whether painting vibrant landscapes or crafting heartfelt poetry, her spirit of exploration shines brightly inspiring those around her to embrace the beauty in discovery."
3060,Adventure seeker culinary aficionado and eco warrior at heart Always on the lookout for a new recipe or sustainable initiative to explore Balances the art of gourmet cooking with an unwavering commitment to preserving our planet When not in the kitchen you re likely delving into the pages of the latest mystery novel or planning your next travel escapade A true explorer of flavors and experiences
1547,"A vivacious soul with an infectious laugh, she dances through life's challenges like a breeze through leaves. Her curiosity knows no bounds, leading her to explore every corner of the world with childlike wonder. Armed with empathy and kindness, she touches hearts effortlessly inspiring those around her to embrace their true selves. Whether painting sunsets or crafting stories from the mundane, she finds beauty in everything, leaving an indelible mark on all who cross her path."
436,"Dynamic and innovative, she thrives on creativity and problem solving. With a zest for life, she balances her career as an artist with her passion for teaching art history to inspire others. Her infectious enthusiasm makes her beloved in both personal and professional circles. Whether exploring new cultures or experimenting with bold colors on canvas, she embraces every moment with curiosity and joy."
7111,"As an artist, she dances through life with vibrant imagination and boundless creativity. Her laughter weaves stories in the air like colorful threads on a loom. Every encounter becomes a canvas where kindness paints strokes of joy and inspiration. With eyes sparkling under the sun or moon, she carries warmth that lights up any room leaving hearts touched by her genuine spirit and contagious enthusiasm."
1258,"A vibrant spirit with an adventurous heart, she dances through life with contagious zest. Her laughter echoes like music weaving stories in every conversation. With eyes that sparkle with curiosity and hands skilled at crafting beauty from chaos, she embraces change as her closest companion. In every moment she finds magic whether in the pages of a beloved book or amidst nature's untamed splendor. Her resilience is a beacon guiding others through life's ebb and flow with grace and courage."
2944,"A vibrant soul with an insatiable curiosity always exploring new horizons and embracing life's adventures with contagious enthusiasm. Known for their warm smile and genuine kindness, they effortlessly bring people together celebrating the beauty in diversity and the strength found in unity. With creativity flowing through every endeavor from art to cooking, they transform ordinary moments into extraordinary memories leaving a trail of joy wherever they go."
3084,"Hello, I'm Isa an adventurous travel vlogger from The Netherlands. On TikTok Instagram and YouTube I explore hidden gems and cultural insights worldwide. I am excited about partnering with diverse brands to share my journeys and experiences."
393,Innovative chef at the forefront of culinary arts exploring vegan cuisine with passion Host of a popular YouTube series on sustainable cooking Author of the book Plant Based Wonders Engaged in creating food festivals and workshops worldwide Join my flavorful journey
3095,"As an AI language model, I can't create descriptions from nothing if there is no existing content to modify or expand upon. It would be inappropriate for me to invent details out of thin air. If you have another request or need help with something else, feel free to ask."
1578,"She is an adventurous spirit with a love for all things nature. On weekends you will find her hiking through lush trails or kayaking across serene lakes. Her laughter fills the air as she shares stories over campfires and her eyes sparkle with curiosity about the world around her. She is driven by a passion to explore and learn, finding joy in discovering hidden gems tucked away in the wild. An artist at heart, she captures her experiences through vibrant paintings and heartfelt poetry."
3023,"Passionate about painting landscapes with vibrant colors, I often share my creative process on Instagram. Known for my love of nature's beauty, my followers enjoy seeing how a blank canvas transforms into a captivating scene. In between brushstrokes, I find joy in experimenting with different styles and techniques constantly seeking inspiration from the world around me."
1574,"A visionary architect from London known for blending artistry with eco-conscious design, With a penchant for creating sustainable urban sanctuaries that inspire tranquility amidst the city's hustle and bustle, they masterfully merge nature and concrete into breathtaking landscapes. This artist of innovation channels their vibrant energy into projects that challenge conventions and redefine modern living spaces. Their work not only captures imaginations but also serves as a testament to harmonious coexistence with our environment."
1591,"Enthusiastic and creative, I find joy in painting vibrant landscapes that capture the essence of nature's beauty. With a heart full of curiosity, I love exploring new cultures through travel and cuisine. Balancing my career as an environmental consultant with a passion for yoga keeps me grounded. My evenings are filled with laughter shared over board games with friends or lost in a good book under a cozy blanket."
1597,"A spirited individual who thrives on creativity and adventure, always seeking to explore new horizons both literally and metaphorically. With a quick wit and an infectious laugh, they inspire those around them with their boundless energy and passion for life. Whether navigating complex challenges or simply savoring the joy of spontaneity, they approach every moment with optimism and resilience, leaving a trail of inspiration wherever they go."
1660,"An imaginative soul with a penchant for adventure, she thrives on exploring uncharted territories both in her mind and the world around her. Her laughter is contagious and her stories are woven with threads of curiosity and wonder. Known for her compassionate heart, she approaches every interaction with genuine kindness and an open spirit always eager to learn from those she meets."
1630,"Evelyn embodies an enchanting blend of serenity and dynamism. Her laughter, reminiscent of a gentle stream sparkles with wit and intelligence. Often clad in earthy tones that echo her love for nature, she moves through life with grace and purpose. Evelyn's eyes are deep pools of wisdom holding stories untold yet palpably felt. A fervent advocate for the arts, she finds solace in poetry and paints emotions on canvases that speak volumes without a word. Her presence is both grounding and uplifting like a warm breeze on a summer afternoon."
1552,Dynamic and creative individual with an insatiable curiosity about the world around them Always on the lookout for new experiences they thrive in vibrant environments where ideas flow freely Known for their empathetic nature they effortlessly connect with others fostering a sense of community wherever they go Balancing spontaneity with thoughtful reflection they navigate life s challenges with grace and resilience Whether painting abstract masterpieces or crafting innovative solutions at work their passion shines through in every endeavor
1559,A sanctuary of tranquility for mindful adventurers Chronicles of embracing a vibrant lifestyle Unveiling serene escapes bespoke wellness routines and beyond
14359,"As an artist, she dances with colors on canvas, each brushstroke whispering her soul's deepest yearnings. Her laughter is infectious and bright, echoing in every corner of any room she graces. She crafts stories from nothingness, weaving dreams into reality with the gentle strength of her words. In nature's embrace, she finds peace; her heart attuned to the rhythm of the earth beneath her feet. Her spirit is a flame: warm, inviting and fiercely alive."
1634,"Energetic and spirited, she thrives in bustling environments where her vibrant personality shines brightly. With a quick wit and an infectious laugh, she effortlessly brings joy to those around her. Her adventurous spirit often leads her into exciting escapades, always seeking new experiences and challenges. Kind-hearted and empathetic, she is deeply committed to making a positive impact on the lives of others, weaving warmth and compassion into every interaction."
1652,"A warm-hearted individual with an infectious laugh, known for their vibrant creativity and boundless imagination. Their kind nature makes them a pillar of support in any circle, often seen painting or writing stories that transport others into fantastical worlds. In moments of solitude they prefer stargazing, dreaming up future adventures. Always ready to lend an ear or share a joyful smile, their presence is like a gentle breeze on a sunny day."
1592,"Sophia exudes an effortlessly chic aura that captivates everyone she meets. With her keen eye for detail, she crafts spaces where creativity thrives and comfort reigns. A lover of vibrant colors and bold patterns, Sophia finds joy in blending artistry with practicality, transforming everyday moments into extraordinary experiences. Her warm smile and infectious enthusiasm inspire those around her to embrace life's beauty with open hearts and curious minds."
1594,"She has an infectious laugh that brightens up any room she enters. Known for her keen sense of style, she effortlessly combines vintage pieces with modern flair, always looking chic yet approachable. Her creativity shines through in everything from her vibrant garden to her eclectic collection of art books. A natural leader, she inspires those around her with her optimism and determination, tackling challenges head on while fostering a warm inclusive community spirit wherever she goes."
1595,"Energetic and spirited with an infectious laugh, she has a knack for seeing beauty in everyday moments. Her eyes light up when sharing stories from her travel adventures across vibrant cities and serene landscapes. She is compassionate yet fiercely independent, always ready to lend an ear or offer a helping hand. A bookworm at heart, she finds solace in the pages of novels that transport her to other worlds. Her warmth draws people close, making every gathering unforgettable."
1629,"She is an effervescent soul with a penchant for creativity and adventure. Her laughter is infectious, and her curiosity knows no bounds. A lover of both art and nature, she finds joy in capturing life through vibrant brushstrokes or exploring hidden trails. With a heart full of empathy, she connects deeply with others, offering kindness like sunshine on a cloudy day. She is spontaneous, thriving on the unexpected twists that add color to her days and always ready for her next exciting chapter."
1668,"He's an avid storyteller with the knack for turning mundane moments into epic adventures. His eyes light up as he shares tales from his travels, each story woven with humor and heartfelt wisdom. Whether recounting a misadventure or sharing insights from life's encounters, he captivates listeners with warmth and infectious enthusiasm. His spirit is both adventurous and nurturing, reflecting a life lived with curiosity and kindness."
1710,"She is an adventurous soul with a zest for life always ready to embrace new challenges. Her laughter lights up any room drawing people in like moths to a flame. With a creative spark that never dims, she paints her world in vibrant hues and melodies. Whether it's climbing a mountain or diving into a book, her curiosity knows no bounds. She cherishes connections deeply making each friendship a treasure trove of memories. In the dance of life, she twirls with grace and courage leaving footprints that inspire those who follow."
1697,"A vibrant soul with an infectious laugh, Alex has the knack of making every gathering feel like a celebration. Their eyes light up when sharing stories from their travels or discussing their latest culinary experiment. Alex's wardrobe is as eclectic as their interests featuring bold patterns and vintage finds that reflect their unique personality. Always ready to lend a hand or offer words of encouragement, they are cherished by friends for their unwavering kindness and warmth."
1675,"She has an infectious enthusiasm that lights up any room she enters. With her sharp wit and vibrant energy, she effortlessly engages everyone around her. Her keen sense of style mirrors her creative spirit, always adding a unique flair to every situation. Balancing her demanding career with personal passions, she thrives on challenges and embraces life's adventures with unwavering optimism. She values deep connections and is fiercely loyal, always there for those who matter most in her circle."
3327,A passionate storyteller with an infectious laugh that lights up every room Always seen with a sketchbook capturing moments in vibrant colors and whimsical lines An avid traveler at heart finding joy in discovering new cultures through music and dance Enjoys gardening nurturing life from tiny seeds into flourishing blooms A gentle soul who believes in kindness and the power of a smile to change someone s day Loves hosting gatherings where stories laughter and good food are shared abundantly
1631,"A creative soul with an eye for vibrant colors and a heart that beats in rhythm to nature' s symphony, she finds solace in the quiet corners where imagination can roam free. A storyteller at heart, her words dance across pages like autumn leaves caught in the wind, each sentence painting vivid landscapes of emotion. She is often found lost in thought or with a paintbrush in hand creating worlds only she knows intimately. Her laughter is a melody that warms even the coldest days."
1812,"As an AI, I am unable to provide a revised description since the original content was marked as ""nan"" indicating that there is no available information to work with. If you have another description or details about the person, please feel free to share them."
1746,"A visionary leader with an infectious passion for innovation, she thrives on challenges that push boundaries. Known for her eloquent communication, she inspires those around her to embrace change with open hearts and minds. Her curiosity drives endless exploration in every endeavor. Offstage, she finds solace in the simple pleasures of nature, often embarking on quiet walks through serene landscapes where she gathers new perspectives and recharges her spirit."
1758,"As an AI model, I recognize that the input provided was `nan` which signifies no data or a null value. According to your instructions for such cases, there should be no output so my response is `None`."
1827,"Ella exudes an aura of quiet confidence that is both magnetic and soothing. Her laughter, a melodic cascade often draws people in like moths to a flame. With eyes that reflect a rich tapestry of stories yet untold, she moves through life with grace and purpose. Whether speaking in hushed tones or sharing her vibrant ideas, there is an undeniable authenticity about her, like a gentle whisper reminding everyone of the beauty in being unapologetically oneself."
1806,"Intriguingly elusive yet strikingly present with a voice that dances between warmth and wisdom, you are an ever evolving tapestry of intellect and charisma. Your laughter rich and inviting beckons those around to share in your world - a world painted with the vibrant hues of curiosity and compassion. As much a listener as a storyteller, you weave narratives that leave a lasting impression all while maintaining an air of gentle mystery that leaves others yearning for more."
1767,"She possesses an infectious enthusiasm that lights up any room she enters. With a keen intellect matched by her compassionate heart, she navigates life with grace and determination. Her laughter is warm and genuine, often becoming the highlight of gatherings. Known for her creative flair whether in art or problem solving, she approaches challenges as opportunities to grow and learn. Despite her achievements, humility remains her cornerstone, making her both inspiring and approachable."
1832,"Energetic and adventurous, she thrives on exploring new horizons both literally and metaphorically. With a curious mind and an infectious laugh, she embraces challenges with unwavering optimism. Whether leading her team through a project or embarking on spontaneous travels, her passion for life inspires those around her to seek their own adventures and embrace the beauty in every moment."
2808,"She thrives on vibrant city life finding inspiration in its eclectic mix of cultures and cuisines. With a penchant for bold fashion choices that reflect her unique personality, she navigates through bustling streets with an infectious energy. Her adventurous spirit leads her to explore hidden gems within the urban jungle always eager to discover new experiences and connect with diverse communities."
1777,"A vibrant individual with an infectious laugh and zest for life, she loves to explore new places and embrace adventure. With an artistic flair, she often finds herself sketching or painting amidst nature's beauty. Her compassionate heart leads her to volunteer regularly spreading kindness wherever she goes. She values deep connections and meaningful conversations, cherishing the moments spent with loved ones over coffee or a scenic walk. In every endeavor, she approaches life with optimism and an open mind, always ready for the next chapter in her journey."
1785,"A visionary soul with insatiable curiosity about the intricacies of the world, she moves through life with a graceful blend of intelligence and intuition. Her laughter is contagious, her empathy profound; always listening intently and sharing generously. In any room, she lights up corners with warmth and sparks lively conversations. A lifelong learner, she treasures personal growth and seeks adventure in every moment. With an artist's eye for beauty and a storyteller's flair, she weaves magic into the ordinary, inspiring those around her to embrace life's tapestry with open hearts."
1904,"A visionary leader with an infectious zest for life, she dances through challenges with grace and determination. Her laughter is a melody that inspires her circle to strive for greatness. With a heart as expansive as her dreams, she weaves compassion into every endeavor, leaving a trail of positive impact wherever she goes. Her strength lies in nurturing growth not just her own but in those around her, making the world a brighter place with each passing day."
1822,"Elegant and charismatic, she thrives on nurturing relationships and fostering a warm inclusive environment. Her infectious laughter and keen wit often leave those around her both charmed and inspired. With a penchant for storytelling, she effortlessly weaves narratives that captivate audiences revealing hidden depths of empathy and understanding. Always at the heart of any gathering, she brings people together with grace and genuine care."
1835,"Ella exudes an aura of warmth and charisma with a passion for storytelling that captivates anyone within earshot. Her laughter dances through conversations like sunlight through leaves, always uplifting those around her. She possesses an unwavering curiosity about the world, embarking on adventures both big and small with equal enthusiasm. A true connector of people, she weaves together diverse souls into a vibrant tapestry of friendship and community, leaving a trail of positive energy in her wake."
1780,"A vibrant soul, she dances through life with an infectious zest that captivates all around her. Her laughter is a melodious symphony that fills any room with joy and warmth. With eyes sparkling like sapphires, she sees beauty in the ordinary, turning everyday moments into treasures. An artist at heart, she paints stories on canvas, weaving colors and dreams. Her creativity knows no bounds as she crafts masterpieces both tangible and ephemeral. She inspires those who cross her path, leaving a trail of wonder and possibility wherever she goes."
1778,"She is an adventurous spirit with a heart full of curiosity. Her laughter echoes through the bustling streets as she explores vibrant markets, her keen eyes spotting stories in every corner. In moments of quiet reflection, she finds solace in the gentle sway of trees or the rhythmic lull of ocean waves. With a passion for connecting souls and bridging cultures, she weaves threads of understanding with every person she meets, leaving behind trails of inspiration wherever she goes."
1961,"Hi, I'm Jordan a passionate year old who loves painting landscapes on canvas. My Instagram is filled with vibrant colors that capture nature’s beauty. When I’m not creating art you can find me hiking through serene trails or exploring new places for inspiration. Art and adventure are my true passions"
1862,"A vivacious spirit with an infectious laugh, she dances through life with a colorful flair. Her creativity knows no bounds; often found painting stories in vibrant hues or crafting melodies on her guitar. Beneath her adventurous exterior lies a compassionate heart always eager to lend an ear or offer a helping hand. She thrives on the energy of new experiences whether exploring ancient ruins or trying exotic cuisines. With every sunset she finds beauty and inspiration weaving tales that captivate all who listen."
1929,"Aspiring chef, avid gardener, passionate storyteller and outdoor enthusiast, I find joy in crafting unique dishes that tell a story with every bite, nurturing plants to life, weaving tales that captivate listeners and exploring the great outdoors where adventure awaits at every turn. Balancing creativity and an insatiable curiosity drives my spirit as I embrace each day's flavours and surprises."
1905,"Jenna exudes an effortless blend of creativity and grace often found lost in the pages of a vintage novel or capturing life's fleeting moments through her lens. Her laughter dances like sunlight on water, infectious and warm drawing people towards her vibrant energy. With a penchant for storytelling that transforms even the mundane into something magical, Jenna inspires those around her to find beauty in every corner of their world."
1945,"She exudes an aura of creativity and warmth, always seen with a sketchbook in hand or a camera around her neck. Her laughter is infectious filling any room she enters with joy. With a deep appreciation for art and nature, she spends her weekends hiking through forests or exploring local galleries. Her wardrobe is a kaleidoscope of vibrant colors and eclectic patterns reflecting her adventurous spirit. Friends admire her for her kindness and unwavering optimism, always ready to lend an ear or offer advice."
1921,A spirited individual with an infectious laugh and a love for adventure Always ready to explore new horizons whether it s hiking in distant mountains or diving into a good book by the fireplace Their warmth and sincerity draw people in making every conversation lively and memorable With a knack for finding beauty in the everyday they inspire those around them to see life with wonder and optimism
1952,A vibrant individual with an infectious laugh that lights up every room they enter Known for their boundless creativity whether it s through painting vivid landscapes or composing heartfelt songs on a whim artistry flows naturally within them They have a knack for seeing beauty in everyday moments often capturing these glimpses of magic through photography Their compassionate heart guides them to volunteer regularly at local shelters offering kindness and support to those in need Always eager to learn they thrive in environments that challenge their mind and soul constantly seeking new experiences to broaden their horizons
1936,"Year after year, he has been attached to music travel art and coffee drinking An adventurous soul always looking for new cultures and creative expressions with a passion for discovering global flavors and sounds in the comfortable atmosphere of a warm cup of coffee."
1944,"A vibrant soul with an infectious zest for life, they bring warmth wherever they go. Artistic at heart, their creativity flows through every endeavor, painting vivid stories in color and sound. With a laugh that lights up rooms and empathy that touches hearts, they navigate the world with grace and kindness. A true adventurer always seeking new horizons and experiences, they inspire those around them to embrace life's endless possibilities."
1846,Enthusiastic about cooking up delectable dishes especially sharing quick recipes and culinary tips on TikTok Passionate about inspiring others through delicious meals and vibrant food photography Always experimenting with flavors and techniques in the kitchen
1895,"A seasoned storyteller with an infectious laugh, this individual captivates any audience with tales spun from a lifetime of adventure and curiosity. They possess a keen eye for detail transforming mundane moments into extraordinary narratives. Known for their boundless energy and empathetic nature, they effortlessly weave connections between people creating warmth wherever they go. Despite their deep love for the written word, it is their ability to bring stories alive through vivid conversation that truly defines them."
1907,"A woman whose presence is as gentle as a spring breeze, carries an infectious enthusiasm for life. Her laughter is like music effortlessly drawing smiles from those around her. She's adventurous at heart finding joy in exploring new places and meeting diverse people. With a keen eye for beauty in the mundane she inspires others to see the world through a lens of wonder and kindness."
1963,"Elena is known for her contagious laughter that lights up any room she enters. With a passion for painting, she finds joy in capturing life's vibrant moments on canvas. Her adventurous spirit often leads her to explore hidden trails and forgotten places, always with a sketchbook in hand. Elena's warmth and kindness make her a cherished friend as she effortlessly weaves empathy into every conversation and interaction."
1964,"A captivating individual with an infectious laugh that lights up any room they enter. Known for their boundless energy and adventurous spirit, they thrive on exploring new places and meeting diverse people. Their curiosity knows no bounds, often diving deep into books or conversations to uncover hidden gems of knowledge. This person's warmth is matched only by their kindness, always ready with a helping hand or an encouraging word. In every endeavor they bring creativity and enthusiasm, leaving a lasting impression wherever they go."
4822,"Samantha dances through life with an infectious energy that captivates everyone she meets. Her laughter is a melody in itself, filling any room like sunlight piercing through clouds. A lover of literature and art, her mind is always exploring new horizons. With compassionate eyes and a generous heart, Samantha offers wisdom wrapped in kindness, guiding friends along their journeys with gentle grace. She embodies the spirit of curiosity and creativity, painting her world with vibrant strokes of joy and discovery."
2032,"She is an adventurous soul with a penchant for mystery novels and hiking through unknown trails. Her laughter echoes like music, bringing warmth to any room she enters. An artist at heart, her canvas speaks in vibrant colors and bold strokes that tell stories only she can weave. With an insatiable curiosity, she dives into each day as if it is a new chapter of her own thrilling adventure novel."
2022,"She's an adventurous spirit with a flair for storytelling, often found exploring hidden paths in bustling cities or quiet countryside lanes. With her vibrant energy and quick wit she effortlessly charms those around her. A lover of art, music and culture, she thrives on discovering the beauty in unexpected places and sharing these experiences through her vividly descriptive anecdotes. Her adventurous soul is matched by a compassionate heart making her a cherished friend to many."
1920,"A vibrant soul with an infectious laugh, she's a passionate artist whose creativity knows no bounds. In every project, her imagination dances vividly on canvas or screen leaving trails of awe behind. Her kindness is as boundless as her talent, always offering a helping hand or a warm smile to brighten someone's day. When not crafting masterpieces, she delves into books seeking inspiration from tales and adventures. Her zest for life is contagious, inspiring those around her to embrace their dreams with courage and joy."
2013,"A passionate soul who dances through life with an infectious laugh that lights up any room she enters. She is a storyteller weaving tales from her adventures across mountains and oceans. Her heart beats for art and music, often found painting or strumming melodies under the moonlight. Compassionate and intuitive, she nurtures those around her with wisdom far beyond her years. A free spirit always chasing dreams with relentless enthusiasm and boundless energy, leaving a trail of inspiration wherever she goes."
2006,"She is an adventurous spirit with a penchant for storytelling always ready to explore new horizons. Her laughter rings clear in every room she enters, lighting up faces around her. A lover of books and a connoisseur of fine teas, she balances curiosity with kindness, often surprising friends with thoughtful gestures. With a flair for painting and an ear for music, she finds beauty in the everyday and inspires those lucky enough to cross her path."
1923,"A woman with an unwavering passion for nature's symphony stands before you. Her eyes, vibrant green like fresh leaves in spring, reflect a soul deeply attuned to life's intricate melodies. She crafts pottery by the riverside, shaping clay as effortlessly as she navigates the complexities of human emotion. With laughter that dances like sunlight through trees, she invites companionship and warmth into every room she graces."
37,"She is an adventurous spirit with a talent for storytelling. With her quick wit and infectious laughter, she brightens up every room she enters. A lover of nature, she spends weekends hiking through trails or exploring new cities. Her curiosity knows no bounds; always eager to learn something new. She crafts stories in her head as vividly as she paints them on canvas, finding inspiration in the smallest details of everyday life. Her friends cherish her for her loyalty and unyielding optimism."
2000,"A vibrant spirit with an infectious laugh, always eager to dive into new adventures. Known for her warm smile and a knack for storytelling that captures hearts. She is passionate about nature and sustainability, often found exploring the great outdoors or sharing tips on living green. Her creativity shines through in her art projects, blending colors and textures in unique ways. A true friend, she's always there to lend an ear or offer a helping hand with genuine kindness."
14819,"Passionate about capturing life's moments through her lens, she finds beauty in both chaos and calm. Her vibrant spirit reflects in every photograph blending colors like a painter with an eye for untold stories. On weekends you will find her lost in books at cozy cafes or exploring new trails always seeking the next adventure. Her laughter is infectious, warming any room she enters. A true believer in making every moment count, she inspires those around her to see the world through a more curious and compassionate lens."
3070,"He is an unyielding spirit with a passion for painting landscapes that capture nature's raw beauty. His eyes light up when discussing art history and he often spends weekends hiking to find inspiration in the great outdoors. Known for his witty humor, he can charm anyone at first glance but prefers to let his work speak volumes about his dedication and creativity. He is as comfortable leading a group discussion on modern art techniques as he is lost in thought while sketching by a serene lakeside."
3024,"Greetings, I am thrilled at the prospect of collaborating with you. As a multilingual communicator fluent in Thai, Dutch and English, I bring creativity, adaptability and attention to detail to every project. Passionate about innovation and teamwork, my aim is to deliver exceptional results while fostering positive relationships. Let's create something amazing together."
2967,"Evelyn has an infectious laugh that brightens up any room she enters. With her keen eye for fashion, every outfit feels like a curated masterpiece. She carries herself with grace, blending confidence with kindness. As a passionate environmentalist, Evelyn often volunteers at local green initiatives and educates others on sustainable living. Her compassionate nature is evident in the way she listens to and supports her friends, always ready with advice or a comforting word. With an insatiable curiosity for world cultures, she dreams of traveling around the globe embracing new experiences along the way."
2021,A spirited individual with an infectious enthusiasm for life always ready to tackle challenges head on With a heart full of warmth and a mind sharp as a tack they navigate their world with grace and humor Their laughter is contagious drawing people into their orbit like moths to a flame Whether at work or play they leave a trail of positivity and inspiration wherever they go encouraging those around them to embrace life s adventures wholeheartedly
3164,A vibrant soul with an infectious laugh always seen in a kaleidoscope of vintage clothes each outfit telling its own story They carry a book under one arm while sketching dreams into their notebook with the other hand Known for brewing aromatic teas and sharing tales of distant lands at local cafes Their warm eyes sparkle with curiosity inviting others to join in their adventures A heart full of compassion they volunteer weekly spreading joy and kindness wherever they go
3172,"A warm-hearted individual with an infectious laugh that brightens up any room they enter. They possess a keen eye for beauty in everyday moments, often finding inspiration in the simplest things. This person has a knack for making others feel heard and valued through their empathetic nature. With a creative spirit, they enjoy expressing themselves through art and storytelling, weaving tales that both entertain and inspire. Their optimism is contagious, spreading joy wherever life takes them."
3085,"Jasmine exudes a effervescent charm with her quick wit and infectious laughter that lights up any room she enters. Her vibrant personality is matched by a deep passion for art, often seen sketching in her favorite park or losing herself in the world of literature. She's fiercely independent yet compassionate, always ready to lend an ear or a helping hand to those around her. With an adventurous spirit, Jasmine embraces life with open arms, eager to explore new places and experiences while maintaining close ties with family and friends who adore her for her authenticity and zest for life."
3044,"A passionate storyteller with an infectious laugh, always carrying a hint of mystery in their eyes. Known for their creative flair and artistic spirit, they weave tales that captivate and inspire. With a heart full of empathy and kindness, they are always there to uplift those around them. This adventurous soul thrives on exploring new horizons constantly seeking out life's hidden treasures with an unwavering sense of wonder."
3106,"She is an avid explorer with a passion for uncovering hidden gems in bustling cities and serene countryside landscapes alike. Her curiosity leads her to endless adventures where she cherishes capturing moments through her camera lens, each photo telling its own unique story. With a heart full of empathy and a spirit that thrives on connecting with diverse cultures, she weaves narratives from her travels into vibrant tapestries of art and friendship."
3155,"She is an adventurer at heart with a spirit as wild as the ocean waves. Her laughter can light up any room, and she carries stories from distant lands in her eyes. She is fiercely passionate about painting sunsets and crafting poetry that whispers secrets of love and life. With kindness woven into every gesture, she inspires those around her to chase their dreams fearlessly."
2811,"A vibrant soul with an infectious laugh that lights up any room she enters Passionate about nature, finding solace in hiking through lush forests and stargazing on clear nights An avid reader, her bookshelves are a kaleidoscope of stories from around the world With a nurturing heart, she is always ready to lend an ear or offer wise advice Balancing her love for adventure with creativity, she paints vibrant landscapes that capture moments of tranquility and beauty"
2097,"She is an imaginative soul with an insatiable curiosity about life's mysteries, often lost in thought or sketching vibrant dreams on her worn out journal. Her laughter echoes like a melody bringing warmth to those around her. With an artist's eye and a storyteller's heart, she sees beauty in the mundane weaving tales from the threads of everyday moments. Driven by passion, she dances through life always eager for the next adventure."
2114,"An energetic individual with an infectious laugh and an eye for detail, they navigate life's journey with creativity and grace. With a penchant for storytelling, their conversations are as colorful as their vibrant wardrobe blending elegance with a touch of whimsy. A true explorer at heart, they find beauty in everyday moments inspiring those around them to see the world through a kaleidoscope of possibilities."
2124,Crafting an inspiring character An adventurous soul with a spirit as boundless as the ocean Alex navigates life's adventures with a fearless heart With laughter in their eyes and curiosity guiding every step they dance through challenges like sunlit waves on a summer day Known for their unyielding optimism Alex inspires those around them to embrace change and pursue dreams with unwavering courage In moments of reflection their thoughtful nature shines offering solace and wisdom to friends A vibrant tapestry of resilience and joy they embody the art of living fully in every breath
3188,"A charismatic individual with an infectious laugh, always ready to lend a helping hand or share a story. With a love for adventure and an insatiable curiosity about life they embrace each day with enthusiasm. Known for their artistic flair whether sketching in a park or experimenting in the kitchen creativity is their constant companion. Compassionate and empathetic, they cherish deep conversations and meaningful connections always seeking to inspire those around them."
3198,"With a fiercely independent spirit and a heart full of empathy, this individual navigates life with an unwavering sense of curiosity and resilience. Whether engaging in lively debates or crafting intricate stories, their words are imbued with warmth and a touch of whimsy. They possess an insatiable thirst for knowledge, constantly seeking to understand the world from multiple perspectives. In friendships they are known as a steadfast confidant, always ready to offer a listening ear or a thoughtful piece of advice."
2871,A charismatic individual with an infectious smile known for their quick wit and engaging storytelling abilities They possess a keen eye for detail often noticing nuances others might overlook Their creativity shines through in everything they do from art to problem solving Despite being deeply passionate about their interests they maintain a humble demeanor always eager to learn more and connect with those around them
3101,"As an AI model, I can't create a new description from ""nan"" because it doesn't indicate any input or information to work with. Therefore, according to your instructions, I will return None."
2184,"She is an enigmatic soul with an insatiable zest for life, weaving stories through her expressive brushstrokes as a talented artist. Her laughter echoes like music in the air drawing people to her vibrant energy and infectious optimism. With eyes that sparkle with curiosity she seeks adventure in every corner of the world yet finds deep joy in simple moments shared with friends over cups of steaming tea."
3178,"A spirited individual with an infectious laugh that lights up every room she enters. Known for her creative flair, she often surprises friends with homemade crafts or spontaneous dance sessions. Her curiosity leads her on adventures big and small from hiking local trails to diving into the world of philosophy over coffee. With a heart full of empathy, she listens intently offering wisdom wrapped in kindness. Always eager to learn, she embraces each day as a canvas waiting for new experiences."
3014,"A vibrant soul with a penchant for storytelling, she weaves laughter into every conversation. With an infectious smile, she lights up any room; her warmth invites you to join in on life's adventures. Her compassion shines through as she listens intently and offers heartfelt advice. Whether navigating the complexities of friendship or celebrating simple joys, her presence is both comforting and inspiring, making every moment memorable."
3200,"A spirited adventurer with an insatiable curiosity for life's hidden treasures, she thrives on the thrill of discovery. With a heart full of kindness and eyes that sparkle with unspoken stories, her laughter echoes like a melody in the breeze. She dances through challenges with grace and resilience, weaving tales of courage and compassion along her journey. In every step she leaves a trail of inspiration for those lucky enough to follow her path."
3045,"A charismatic individual who lights up every room with their infectious laughter and warmth Known for their quick wit and sharp intelligence, they often engage in lively debates on a variety of topics With an adventurous spirit, they are always eager to explore new places trying out different cuisines and cultures along the way Their kindness and empathy shine through as they listen intently and offer support to friends in need Balancing professional ambition with personal interests, they continuously strive for growth and fulfillment"
3204,"A spirited soul with an infectious laugh, Alex lights up every room they enter. With a penchant for adventure and a curiosity that knows no bounds, they are always ready to dive into new experiences or take on challenges head-on. Their compassion shines through as they lend a listening ear or offer support when needed, making them a cherished friend. Although grounded in practicality, Alex's dreams are painted with vibrant strokes of imagination, inspiring those around them to embrace life's limitless possibilities."
2200,"Jenna exudes an infectious blend of warmth and wit, a testament to her vibrant spirit. With laughter in her eyes and kindness in every gesture, she effortlessly lights up any room. Her creativity knows no bounds whether crafting stories or solving puzzles. Jenna approaches life with imagination and grace. She is the friend who listens deeply, offering advice wrapped in empathy and humor. In her world of boundless enthusiasm, each day is an opportunity for new adventures and cherished memories."
2137,An avid linguistics enthusiast at Leiden University passionately exploring the intricacies of language and communication Enjoys unraveling the subtleties of human interaction in both academic circles and vibrant social settings Known for a keen analytical mind and a flair for engaging discussions on cultural narratives Balances scholarly pursuits with creative writing endeavors always seeking to connect deeper meanings across languages
2175,"She is an adventurous spirit with a flair for storytelling, always weaving magic into every conversation. Her laughter echoes like music through the air, captivating everyone around her. A lover of nature's serenity, she finds solace in the rustling leaves and whispering winds. On weekends you will find her exploring new trails or curled up with a good book sipping herbal tea by the fireplace. With an artist's heart and wanderlust soul, she paints life with vibrant colors, leaving a trail of inspiration wherever she goes."
2193,A spirited and curious individual with an adventurous spirit always ready to explore new horizons With a quick wit and infectious laughter they bring warmth to any gathering Deeply compassionate they have a knack for understanding others perspectives often lending a helping hand when needed Whether navigating challenges or celebrating victories they do so with grace and resilience embracing life s unpredictability with open arms
2172,"Dynamic and insightful, with an infectious enthusiasm for life's intricate tapestry. They approach every situation with a balanced blend of empathy and intellect, always seeking to understand others deeply. Their creativity sparkles in conversation, often bringing unexpected perspectives that challenge and inspire. Rooted in kindness, they navigate the world with genuine curiosity, making those around them feel valued and seen."
2159,"She possesses an enchanting blend of grace and resilience that leaves a lasting impression on everyone she meets. With eyes as deep and mysterious as the ocean, her gaze can convey both warmth and wisdom simultaneously. Her laughter rings out like music in the air, bringing smiles to those around her. Beneath her soft exterior lies a fiercely independent spirit unafraid to speak her mind or stand by her beliefs. Whether she is navigating challenges with determination or embracing life's joys with an open heart, she approaches each day with a quiet confidence and unwavering positivity that is truly inspiring."
2164,"She exudes an air of gentle sophistication, her eyes sparkling with curiosity. Her laughter dances through conversations like a playful melody. With every stride she carries an aura of grace and confidence. A lover of art and literature, she often finds inspiration in the beauty around her. Her warmth draws people close, creating bonds that feel both comforting and invigorating. In moments of quiet reflection, her thoughtful nature reveals itself as she contemplates life's intricacies with a serene mind."
2196,"A vibrant soul with an exploratory bent, this woman dances through life with infectious laughter. Her eyes sparkle with curiosity and she carries an unwavering sense of adventure in every step. With a heart as open as her mind, she thrives on connecting deeply with people from all walks of life weaving tales that captivate and inspire. Her spirit is a blend of creativity and resilience turning everyday moments into extraordinary memories."
2154,"She is a woman of light and contagious smile always finding the positive side in everything. With eyes that shine like shooting stars, she has an innate talent to connect with people around her. Her laughter is pure melody and her vital energy seems to infuse hope wherever she goes. With a curious and creative mind, she transforms the ordinary into extraordinary leaving behind a trail of inspiration and warmth"
2187,"A passionate gardener with an eye for vibrant colors, she finds peace in nurturing her blooming oasis. Her laughter echoes through the rows as she shares stories with every plant and visitor alike. With a keen sense of design, each garden corner tells a tale of creativity and love. She often hosts tea parties among the roses where friendships blossom just like her cherished flora. In this serene world, time stands still allowing nature's beauty to unfold in harmony."
2269,"She is a person of unshakeable vitality and mental acuity known for her wit and adventurous spirit. With a generous heart and contagious laugh, she delights in connecting with others through fascinating stories and innovative ideas. She embraces curiosity as an integral part of her being, always seeking to challenge her own limits and explore new horizons. Her distinctive style combines classic elegance with bold contemporary flair."
14366,A gentle soul with a heart full of dreams always ready to lend an ear or share a hearty laugh Prefers cozy evenings curled up with books over loud gatherings finding solace in nature's embrace during weekend hikes Passionate about painting and capturing moments through photography their art is a window into their tender yet vibrant world A true friend endlessly supportive and often seen sipping tea while brainstorming life's next adventures
2265,"She is an artist at heart, with a penchant for painting vibrant landscapes that evoke emotion. Her laughter is melodic and infectious, often filling her cozy studio overlooking a serene lake. With eyes reflecting both wisdom and curiosity, she thrives on adventure, always seeking new experiences to inspire her next masterpiece. Balancing creativity with compassion, she mentors young artists, sharing her passion and nurturing their talents while also savoring quiet moments with her loyal golden retriever by the water's edge."
3039,"I am a fashion enthusiast with an eye for the latest hairstyle and trendy outfit inspiration. I enjoy styling and sharing my favorite look combinations on Instagram while always discovering the most beautiful accessories. In addition, I am a fan of creative DIY beauty tips that I like to share with others"
3118,"A vibrant soul with an infectious laugh, she's known for her boundless creativity and adventurous spirit. Her eyes sparkle with curiosity as she explores new ideas and cultures. A natural storyteller, she captivates those around her with tales woven from her colorful experiences. Always ready to lend a hand or offer a kind word, her warmth is as comforting as a cozy blanket on a chilly evening. With unwavering optimism, she approaches each day as a canvas waiting for her vibrant touch."
7127,Aspiring influencer with a passion for digital storytelling constantly honing skills to captivate diverse audiences through engaging content Enthusiastic about exploring creative platforms eager to inspire connections while embracing personal growth and authenticity in each post Dedicated to building a community centered around shared interests values and positivity
3032,"Passionate culinary explorer, crafting stories through flavors and textures. Enjoys capturing moments with a vintage camera weaving narratives that celebrate diversity and creativity. Finds joy in hosting intimate dinner parties where conversations flow as freely as the wine embracing connections and new perspectives with open arms."
2816,"A spirited soul with an infectious laugh always ready to dive into life's adventures Passionate about art and storytelling, they weave vibrant tales that captivate hearts Whether painting the sunset or crafting a new recipe, their creativity knows no bounds Kind hearted yet fiercely independent, they inspire those around them to embrace authenticity and joy in every moment"
2985,"Hey there, I am a lively lady in her early twenties with a passion for painting quirky landscapes. When not dabbling in colors you'll find me crafting poetry that captures the whimsy of everyday moments. English is my go-to language but I also enjoy sprinkling in some Italian phrases when chatting with friends"
3082,"Energetic and vibrant Alex radiates enthusiasm in every endeavor from painting vivid landscapes to organizing community events with a flair that lights up any room. Their sharp wit and warm laughter make them an unforgettable presence always ready with thoughtful advice or an impromptu adventure. With a heart as open as their mind is curious, they inspire those around them to embrace life's joys and challenges with equal gusto"
2271,"She is passionate about travel and literature, always looking for new adventures to feed her curious spirit. With a bohemian touch in her style, she carries a backpack full of memories and stories to tell. Her contagious laughter and eyes filled with compassion resonate with those who know her, inviting them to explore the most beautiful corners of the world and the human heart. She lives every day as an unexpected chapter in her own novel."
3047,"She is a creative force with an infectious smile, always seeing beauty in everyday moments. Her laughter is like music, brightening any room she enters. At heart, she is an adventurous spirit who loves exploring new places and trying exotic cuisines. When she isn't on her next adventure, she can be found painting or writing poetry that captures the essence of life's whimsical journey. A kind soul, she has a knack for making everyone feel special with just her presence."
2970,"She is an adventurous spirit with insatiable curiosity always seeking new horizons in both her career and personal life. Her infectious laughter and twinkle in her eyes reflect a young, restless soul that finds joy in the little details. With an innate talent for connecting with people she enjoys organizing gatherings among friends creating memorable memories around her. Her personal style is unique, boldly mixing vibrant prints and classic garments, reflecting her multifaceted nature"
3021,"I am an avid reader with a preference for mystery novels. My bookshelf is always stacked high with tales that twist and turn in unexpected ways. On weekends, I love crafting homemade candles in vibrant hues - a soothing way to unwind after a busy week. My garden is my sanctuary where I spend hours tending to roses and sunflowers finding peace in the simple act of nurturing life. With a heart for volunteering, I dedicate time at the local animal shelter sharing smiles with furry friends. In moments of reflection, I pen poetry that captures fleeting thoughts and dreams."
2279,"Ella captivates with her vibrant energy and sparkling creativity. An artist at heart, she weaves stories through paint and prose leaving a trail of wonder in her wake. Her laughter is contagious spreading warmth wherever she goes. A natural leader, she inspires those around her to embrace their dreams fearlessly. Whether exploring new horizons or nurturing deep connections, Ella's presence is both uplifting and transformative."
3058,"I am here to assist with creating descriptions but since you've indicated ""nan"" which suggests no information or data, I can't provide a new description for a non-existent one. If you have any details or aspects about a person you'd like me to describe instead please let me know."
3003,"Born under a sky painted with twilight hues, Alex embodies both fierce and serene spirit. With eyes that reflect a world yet unexplored and laughter that dances like the wind through leaves they navigate life's symphony with grace. A storyteller at heart, each word from their lips weaves magic into reality. In quiet moments there is a depth within them akin to an ancient ocean. Through love and loss Alex remains undaunted, always seeking, always dreaming."
2289,"An adventurous spirit with an insatiable curiosity for life's hidden stories With a penchant for spontaneous road trips, this free-spirited soul loves to capture fleeting moments through vibrant photography An avid reader, they often find themselves lost in the pages of fantastical novels and historical sagas At gatherings, their infectious laughter is matched only by their insightful conversation drawing people into deep meaningful discussions Embracing change with open arms, this person thrives on exploring new horizons both literally and metaphorically."
2316,"A lively spirit with an infectious laugh that lights up every room she enters, Sarah is known for her vibrant storytelling abilities. Always ready to lend a helping hand, she blends creativity with compassion in everything she does. Whether painting or planning community events, her kindness and imagination shine through, making her beloved by all who know her."
2227,"Energetic and vibrant, Alex is an eternal optimist with a contagious laugh that brightens up every room they enter. Known for their creative flair, Alex has the knack of turning mundane moments into memorable adventures. A lover of nature, they often find solace in hiking trails and painting landscapes capturing the beauty around them through artful expressions. Always ready to lend an ear or share wisdom, Alex's compassionate heart guides them in nurturing genuine connections with those around them."
184,"A vibrant individual with infectious energy for life's adventures, always ready to embrace new challenges. They possess a curious mind and a compassionate heart making connections effortlessly through their genuine warmth and humor. Known for their creative flair, they often find inspiration in everyday moments turning them into unique experiences. This person values authenticity above all else living with an open spirit that invites positivity and growth wherever they go."
2214,"Elegant and poised, she exudes confidence with every graceful stride. Her laughter is a melodious symphony that lights up any room reveals her genuine warmth and kindness. An avid reader, she finds solace in the worlds woven by words, always carrying a book close at hand. Passionate about art, her creative spirit thrives on exploring new mediums while her culinary adventures often leave friends and family delightfully surprised with her latest gastronomic creation."
2301,"A vibrant soul with an insatiable curiosity for life's little wonders. Their laughter, a melody that brightens any room, echoes their love for spontaneity and adventure. With an artist's heart, they find beauty in everyday moments, painting memories with their words and actions. A lifelong learner always ready to embrace new experiences and challenges with open arms and a hopeful spirit driven by kindness and empathy in everything they do."
2353,"As an accomplished artist, she weaves vibrant tapestries of color and emotion through her expressive paintings. Her studio, a sanctuary filled with sunlight and creativity, echoes with laughter as she works alongside fellow creatives. Known for her warm presence and keen insight into human nature, she inspires those around her to see the world in new ways. Balancing her artistic pursuits with community involvement, she dedicates time to teaching art classes for local youth, nurturing their burgeoning talents with patience and passion."
2296,"A vibrant soul with an infectious laugh, she finds joy in painting stories through her vivid imagination. Her eyes sparkle like stars as she weaves tales that captivate all who listen. Adventurous at heart, she thrives on exploring new horizons and embracing life's unexpected twists. Compassionate by nature, she radiates warmth and kindness to everyone around her. With a spirit of creativity and an unwavering zest for life, she inspires those lucky enough to cross her path."
2246,"As an AI language model, I am unable to generate or transform a description when provided with ""nan"" as it indicates that there is no initial information available. If you have another description in mind, feel free to share it and I will be happy to help create a new one while maintaining the style and tone."
2302,"My name is Chris, I am a 30-year old podcaster with a passion for the latest tech trends. My listeners love my humor and wit that makes even the most complex topics enjoyable to follow."
2223,"Sophia is an adventurous spirit with a zest for life that shines through her infectious laughter. Her eyes sparkle like stars telling tales of countless travels and stories waiting to be written. She embraces challenges with grace, turning every obstacle into an opportunity. Sophia's warmth draws people in, creating connections as effortlessly as she crafts beautiful poetry. In the world's vast tapestry, she dances between cultures, languages and experiences, weaving her unique thread with unwavering passion and curiosity."
14367,"A vibrant individual with an infectious laugh, she possesses the unique ability to make everyone around her feel at ease. Her eyes sparkle with curiosity and warmth reflecting a heart full of kindness and empathy. She often finds herself lost in books or exploring new cultures thriving on learning and personal growth. With a creative spirit, she pours her soul into art whether through painting, writing, or music. Her life is a colorful tapestry woven from diverse experiences and connections with people from all walks of life."
2349,"Sophia is a beacon of creativity and warmth. Her laughter echoes like a melody through any room she graces, drawing people in with her infectious charm. With an artist's eye for detail and a storyteller's knack for weaving vivid narratives, Sophia brings life to every conversation. Passionate about travel, she collects experiences as eagerly as souvenirs, each adventure adding another layer to her rich tapestry of stories. Her kindness is a guiding light, inspiring those around her to embrace the world with open hearts and curious minds."
2217,"As an AI model, I cannot create content from non-existent information when given ""nan"" as input. If you provide a specific description to start with, I would be happy to help transform it while maintaining its style and tone."
2351,A vibrant soul who thrives on creativity and curiosity always seeking to explore new horizons with boundless energy that inspires those around her With an infectious laugh and warm smile she embraces life's adventures wholeheartedly turning everyday moments into cherished memories Her passion for art and nature fuels her desire to make the world a brighter place one thoughtful gesture at a time
2372,"Energetic and creative, I am an artist at heart with a passion for painting vibrant landscapes that capture the essence of nature's beauty. On weekends you will find me exploring trails or immersing myself in books about ancient history. Coffee fuels my early mornings which are filled with brainstorming ideas for new projects. A lover of spontaneity, I thrive on traveling and meeting people from diverse backgrounds always eager to learn and grow through these experiences. My laughter is infectious and conversations often leave friends feeling inspired and uplifted."
2368,"A spirited soul with an infectious laugh that lights up any room. She's a master at weaving stories, each one dripping with vivid detail and heartfelt emotion. Her eyes sparkle with curiosity, reflecting a mind always brimming with questions about the world around her. With every step she leaves behind a trail of creativity and kindness, inspiring those lucky enough to cross her path. This enigmatic woman is a blend of wit, warmth, and wonder, making every encounter unforgettable."
2335,"She is an adventurous and curious woman always looking for new experiences to enrich her life. She loves photography and capturing unique moments with her vintage camera. She has a contagious sense of humor and a smile that illuminates any room. She loves cooking exotic dishes from different cultures, transforming her small kitchen into a culinary sanctuary. She is an unconditional and faithful friend who is always ready to support those she loves in every step of the way."
2425,"She is an adventurous spirit with insatiable curiosity about the world. Her laughter is contagious, a melody that brightens every room she enters. She has a knack for storytelling, weaving tales that transport listeners to places they have never been. With eyes full of wonder and a heart open to new experiences, she embraces life with enthusiasm and grace, always seeking out the next chapter in her vibrant journey."
2424,"As an aspiring chef with a passion for fusion cuisine, I blend flavors from across the globe to create innovative dishes that delight the senses. My kitchen is my canvas where every ingredient tells a story - a symphony of colors and textures harmoniously combined. With a keen eye for detail and a relentless pursuit of perfection, I craft culinary experiences that are not only delicious but also memorable. Each plate is an invitation to embark on a flavorful journey celebrating the diversity of our world through food."
2435,"She is an adventurous spirit with a heart full of curiosity. Her laughter resonates like wind chimes in a gentle breeze, infectious and bright. With eyes that sparkle at the promise of discovery, she crafts stories from everyday moments, weaving magic into the mundane. Whether scaling mountains or diving into books, her zeal for life knows no bounds, painting the world with vibrant strokes of joy and wonder."
2445,"A visionary with an infectious zest for life, this individual effortlessly connects through humor and authenticity amassing over K followers. Known for their dynamic content that blends creativity with everyday relatability they inspire a community to embrace positivity and self expression. Always ready to engage in meaningful conversations, their digital presence is a vibrant tapestry of joy and innovation."
2463,"As there is no existing description provided, I am unable to recreate one. If you'd like, please provide details or aspects about a person that you would like included in a new description."
2453,"She is an adventurous soul with a penchant for storytelling. Her laughter echoes through the streets she roams, painting vibrant tales that captivate those around her. With eyes reflecting boundless curiosity and hands skilled in crafting intricate jewelry, each piece tells its own story. She finds solace in nature's embrace, often wandering into forests to uncover hidden wonders. Her warmth draws people close, leaving a trail of inspiration wherever she goes."
2449,"A vibrant soul with an infectious laugh, she effortlessly brightens up any room. With a passion for art, her hands weave stories through color and texture creating masterpieces that speak to the heart. Her adventurous spirit leads her on spontaneous journeys always eager to explore new cultures and cuisines. Beneath her playful exterior lies a compassionate heart devoted to nurturing those around her with kindness and understanding. In every moment she embraces life's joy with open arms and an unwavering zest for discovery."
2486,"Sophia, with her sparkling eyes that mirror the limitless skies exudes a creative and warm aura. Her laughter, a melodic symphony, draws people into her world of color and imagination. A masterful storyteller, Sophia weaves tales with every gesture, leaving listeners captivated by her enchanting narratives. Whether she is lost in painting or crafting intricate designs, her hands tell stories of their own, brimming with life and passion. Sophia is an ever-present beacon of inspiration, lighting up lives with her boundless energy and infectious enthusiasm."
2384,"A vibrant individual with an infectious zest for life, she exudes warmth like a summer's day. Her laughter dances through conversations leaving echoes of joy in its wake. An ardent lover of art, her hands weave stories from colors and textures crafting masterpieces that speak volumes without uttering a word. Whether exploring the mysteries of literature or embarking on culinary adventures in her kitchen, she approaches each endeavor with boundless curiosity and an unwavering spirit. Her presence is like a gentle breeze refreshing and uplifting to all who cross her path."
2462,"She is an adventurer at heart always seeking out hidden gems in bustling cities and serene landscapes alike. Her laughter echoes with joy as she navigates through life's little mysteries, her curiosity fueling every new journey. With a keen eye for beauty, she finds inspiration in everyday moments capturing them with the click of a camera or the stroke of a pen. Her warmth draws people to her like moths to a gentle flame creating connections that transcend time and place."
2478,"She is an imaginative soul with a passion for the arts often seen with paint stained fingers or sketchbook in hand. Her laughter is infectious, lighting up any room she enters. Adventurous at heart, she loves exploring new cultures and cuisines. Kind-hearted and always ready to lend an ear, her friends cherish her unwavering support. Whether dancing under the stars or crafting stories from everyday moments, she embraces life with a vibrant spirit and endless curiosity."
2456,A vibrant soul with an infectious laugh and keen wit Always seen exploring new horizons whether through books or travel embracing cultures and cuisines alike This free spirit thrives on creativity often found crafting stories that weave magic into reality A generous heart beats within always ready to lend a hand or share wisdom gleaned from life s endless lessons At their core they cherish deep connections valuing authenticity above all else in both friends and adventures
2495,"A vivacious spirit with an infectious laugh, this individual dances through life with a flair for adventure. Their keen intellect matches their empathy making them both thoughtful companions and insightful leaders. In moments of stillness they find solace in painting intricate landscapes, each brushstroke reflecting the beauty they see in the world. With a penchant for storytelling, their words weave tales that captivate and inspire those around them."
2464,"A woman with an adventurous spirit and a heart full of curiosity, she thrives in bustling cityscapes as much as in serene countryside retreats. Her laughter is infectious, her empathy profound, and her creativity boundless whether painting vibrant canvases or crafting captivating stories. A lover of both bold flavors and tranquil moments, she finds beauty in the unexpected twists of life's journey. With a keen intellect and an unwavering zest for discovery, she navigates each day with grace and wonder."
2613,"Samantha is an innovative spirit with a flair for creativity and problem solving. Her infectious enthusiasm lights up any room, inspiring those around her to think outside the box. With a keen eye for detail and a passion for storytelling, she weaves narratives that captivate and engage. Balancing professionalism with warmth, Samantha effortlessly connects with people from all walks of life, making every interaction memorable. Her boundless curiosity drives her to explore new horizons constantly evolving in both personal and professional realms."
2566,"She is an adventurous woman with a heart full of empathy always ready to explore new horizons both inside and outside herself. With her insatiable curiosity, she transforms every experience into valuable learning that she generously shares with others. Her contagious joy and resilience are her most powerful tools for navigating life, inspiring those around her to embrace change and grow constantly."
2537,A vibrant spirit with an infectious laugh always seen in a sunhat and oversized sunglasses whether at the beach or in bustling city streets With a penchant for spontaneous road trips she's known for her eclectic taste in music and art Her cozy apartment is cluttered with travel souvenirs and plants creating an ever evolving sanctuary of comfort and creativity She thrives on storytelling sharing adventures from past journeys over cups of homemade chai tea
15237,"A visionary artist with an innate flair for blending imagination and reality, I immerse myself in crafting engaging narratives through my creative pursuits. Passionate about storytelling, I explore diverse mediums to express unique ideas that resonate with a broad audience. Known for my innovative spirit, I constantly seek inspiration from the world around me, turning abstract concepts into captivating visual experiences that challenge perceptions and spark conversation."
2563,"She has an infectious smile that lights up any room she enters. A natural storyteller, her anecdotes are filled with humor and warmth, often leaving listeners both charmed and enlightened. Her eyes sparkle with curiosity and kindness as she listens intently to others, making them feel truly heard. With a playful spirit and genuine empathy, she effortlessly inspires those around her, creating an atmosphere of joy and understanding wherever she goes."
2573,"She is an avid adventurer with insatiable curiosity for the world around her. With a heart full of warmth and laughter, she navigates life with grace and resilience. Her eyes sparkle with creativity as she crafts stories that inspire those who hear them. Whether leading a lively group on a hiking trail or hosting intimate gatherings filled with good cheer, she brings people together in joyous celebration of the simple yet profound moments in life."
2532,"Born under Parisian skies, she is an artist at heart painting life with vibrant strokes on canvas both real and imagined. Her days are a delicate ballet of poetry and prose, each word a brushstroke of emotion. With every step through cobblestone streets, she dances in rhythm to the city's pulse, her soul echoing its timeless song. In laughter and tears, she finds beauty weaving stories with threads of gold from her rich tapestry of experiences."
2589,"She exudes effortless charm with her vibrant personality that lights up any room she enters. Known for her quick wit and infectious laughter, she navigates life with a zestful grace. Her style is effortlessly chic, blending classic elegance with modern flair. As a compassionate friend, she offers unwavering support and empathy to those around her. With an adventurous spirit, she embraces new experiences with open arms, always eager to explore the unknown."
2617,"Energetic and insightful, she thrives on innovation and creativity. With an infectious enthusiasm for life's adventures, her warm smile lights up every room. Known for her compassionate heart and sharp wit, she effortlessly balances kindness with a touch of humor. Always eager to learn, she approaches challenges as opportunities, inspiring those around her with her resilience and optimism."
2602,"Hello, I'm Emily, years old, living in Melbourne. I am enthusiastic about travel photography, cooking exotic dishes, hiking and expanding my blog ""Traveller's Diary""."
2535,"A visionary artist whose brush strokes tell stories of vibrant dreams and serene landscapes. Always seen with a gentle smile, they inspire others through their passion for creating beauty from chaos. Whether in nature or bustling city streets, they find inspiration everywhere crafting canvases that speak directly to the soul. This kind-hearted soul lights up every room radiating warmth and creativity with each word and gesture."
2651,"She is an intrepid explorer with insatiable curiosity about the world's hidden corners, her soul ignited by adventure and discovery. Her vibrant spirit dances through ancient ruins and uncharted territories where she finds solace in solitude and strength in nature's embrace. With eyes that sparkle like starlit skies and a heart as warm as summer suns, she crafts tales of wonder weaving her experiences into tapestries of inspiration for all who wander alongside her."
2593,"She is an enigmatic presence, a whirlwind of creativity wrapped in a mysterious aura. With eyes that sparkle like stars at twilight, she effortlessly captures attention wherever she goes. Her laughter echoes with warmth and wisdom, inviting others into her world where possibilities seem endless. A master storyteller, she weaves tales that transport listeners to realms beyond imagination. In the quiet moments, she is introspective, finding inspiration in the simplest things. Elegantly balancing boldness and grace, she moves through life as a muse for all who know her."
7225,"With eyes as deep as the ocean during twilight, she possesses a captivating charm that effortlessly draws people in. Her laughter is like music melodious and infectious leaving everyone around her with a brighter mood. In conversation, her wit shines through sharp yet gentle often sprinkling humor into even the most mundane discussions. Her fashion sense is uniquely eclectic, always finding ways to blend classic elegance with modern flair seamlessly. Despite this vibrant exterior, she holds a profound depth of kindness and empathy in her heart making every interaction genuinely memorable."
2631,"Elena is an adventurous spirit with insatiable curiosity about the world around her. With a gentle smile, she weaves stories that captivate those lucky enough to listen. Her laughter is infectious, lighting up any room she enters. A lover of all things nature, Elena finds peace in the rustle of leaves and the whispering winds. Balancing grace with strength, she approaches life's challenges with resilience and optimism. Each day, she embraces new experiences, forever a student eager to learn and grow."
14823,"Eager explorer with insatiable curiosity for life's myriad mysteries. This vibrant individual thrives on adventure whether diving into a new book or embarking on spontaneous road trips. Their infectious enthusiasm lights up every room they enter, making friends wherever they go. With a heart full of compassion and a witty sense of humor, they navigate the world with grace and an open mind always ready to learn and grow from each experience that comes their way."
4830,"She's an intrepid explorer of both the natural world and human connection. With a heart as vast as the oceans she sails, her curiosity knows no bounds. Whether she's uncovering hidden gems in ancient cities or sharing laughter over campfire stories, her zest for life is contagious. She thrives on adventure, always eager to embrace new cultures with open arms and an infectious smile that lights up every room."
2605,"A fiercely independent spirit with an infectious laugh that lights up every room she enters, Emma thrives on adventure and spontaneous travel plans. With a book in one hand and a paintbrush in the other, her eclectic interests mirror her vivid imagination. Known for her compassionate heart, she is always ready to lend an ear or extend a helping hand, cherishing deep conversations over coffee under starlit skies. Her warmth and kindness make her beloved by all who know her."
2652,"She is a free-spirited artist with an adventurous heart always ready to explore the unknown with her colorful palette of emotions. Her infectious laughter brightens up dark rooms while her curious eyes capture beauty in every corner of the world. She lives fully, letting the wind guide her dreams and making each day a surprising and vibrant masterpiece of life."
2698,"As an AI, if I receive ""nan"" as input for a description, I will follow your instructions and simply provide nothing in response. If you would like to share any details or have another request, please feel free to let me know."
2681,"She is an adventurous spirit with a heart full of curiosity always seeking new horizons and thrills. Her laughter echoes like music in the air as she dances through life with grace and energy. With a passion for exploring both faraway lands and the depths of her own creativity, she crafts stories that captivate and inspire. Beneath her vibrant exterior lies a soulful wisdom guiding her with kindness and an unyielding zest for all things beautiful."
2676,"Sophia is an enigmatic soul with a penchant for creativity and adventure. Her vibrant personality radiates warmth drawing people into her eclectic world. A lover of art and culture, she's known for her insightful conversations and unique fashion sense that mixes vintage with modern flair. Sophia thrives on exploring new horizons and cherishing the little moments in life. With a heart full of empathy and an unwavering zest for life, she inspires those around her to embrace their true selves."
2738,"She is an adventurous spirit with insatiable curiosity for the myriad mysteries of life. With a twinkle in her eye, she navigates the world like a vibrant storyteller weaving tales from ordinary moments into extraordinary experiences. Her laughter is contagious and her warmth invites you to join her on endless escapades through art galleries or nature trails. Always with a sketchbook at hand, she captures life's fleeting beauty constantly seeking new horizons and embracing change with open arms."
2693,"She is an indomitable force with a fiery spirit always leading with her vibrant smile that illuminates any room she enters. Her laugh echoes with sincerity drawing people into her warm embrace like moths to a gentle flame. She thrives on adventure and loves weaving stories from every experience, sharing them over cups of steaming coffee or late night stargazing sessions. With eyes full of dreams and hands ready to craft the future, she embodies resilience and hope, inspiring those around her to chase their own stars."
2756,"A visionary leader with an infectious charisma, wherever she goes she commands attention. Known for her sharp wit and empathy, she effortlessly connects with people from all walks of life. In moments of silence you can find her lost in thought or sketching vibrant landscapes that mirror her imaginative spirit. Her laughter is a melody that echoes through the halls leaving smiles in its wake. A tireless advocate for change, she champions causes close to her heart, inspiring those around her to dream bigger and reach further."
2629,A spirited individual with a contagious zest for life always seen with a twinkle in their eye Whether navigating complex projects at work or exploring vibrant cities on weekends they bring creativity and enthusiasm to every endeavor Their laugh resonates through conversations sparking joy wherever they go With an unwavering commitment to personal growth this person constantly seeks new experiences embodying a rare blend of curiosity and compassion that leaves a lasting impression on everyone they meet
2695,A dynamic individual with an infectious enthusiasm for life constantly seeking new adventures and learning experiences They approach challenges with a blend of grace and determination always ready to lend an ear or a helping hand Their curiosity drives them to explore diverse cultures and ideas while their warmth and authenticity make others feel valued and understood With a quick wit and a genuine smile they navigate life s journey with both joy and resilience
3745,"A visionary spirit with a heart that sings in vibrant hues, she dances through life's intricate melodies with grace. Her laughter is like sunlight breaking through morning mist, illuminating paths less traveled and inspiring those around her to embrace curiosity. In every step she carries the warmth of countless sunrises leaving trails of hope and creativity wherever she goes. With eyes full of wonder, she crafts worlds from dreams weaving stories that touch souls with kindness and a gentle strength."
2706,"A visionary leader with an infectious enthusiasm for innovation, she possesses remarkable ability to inspire those around her. Her passion for art and nature fuels her creativity often leading her team on adventurous brainstorming sessions amidst vibrant landscapes or colorful galleries. Known for her empathy and intuition, she effortlessly connects with people fostering a collaborative and inclusive environment. Despite her serious dedication to her work, she maintains a playful sense of humor that brightens any room."
2674,"Dynamic and charismatic, she exudes confidence in every step. With a passion for adventure and an insatiable curiosity about the world, her vibrant energy inspires those around her. Known for her quick wit and sharp intellect, she effortlessly navigates conversations with flair. Her eclectic fashion sense is as bold and unpredictable as her personality, always leaving others intrigued. Whether leading a team to success or exploring new horizons, she thrives on challenges and turns them into opportunities, making every moment unforgettable."
2724,"A meticulous planner with an eye for detail, she thrives organizing elaborate events that bring people together. Her vibrant energy lights up any room and her knack for storytelling captivates everyone around her. She finds joy in creating beautiful spaces often transforming ordinary gatherings into memorable experiences. With a passion for travel, she is always on the lookout for new cultures to explore bringing back unique ideas and inspirations that spark creativity in all aspects of life."
2952,"Eloquent and insightful, Jane captivates everyone with her profound understanding of literature and art. Known for her vibrant storytelling, she often finds herself lost in thought pondering the mysteries of life. Her warm smile and gentle demeanor draw people to her as if she radiates a comforting light. With an unwavering passion for learning, Jane constantly seeks new experiences that challenge her intellect and broaden her horizons."
2760,"She is a dreamer visionary who finds magic in the small details of everyday life. Her adventurous spirit leads her to explore unusual places and discover fascinating stories in every corner of the world. Creativity flows through her veins, expressed in works of art that defy traditional expectations. Her friends appreciate her unique ability to listen attentively and offer words of wisdom with a charming smile. Her contagious optimism is a beacon of hope even in the most difficult moments."
2759,Creative Director at ArtisanCraft Known for innovative storytelling through design I weave aesthetics with functionality to create compelling narratives in physical products With a keen eye for detail and an enduring passion for sustainable artisanship I guide teams towards crafting unique experiences that resonate emotionally with users worldwide My work celebrates the fusion of tradition and technology leaving a lasting imprint on both culture and commerce
3008,"Eleanor is an adventurous spirit with a talent for storytelling that captivates anyone who listens to her animated expressions. She thrives on challenges, always seeking to learn something new whether it's mastering a foreign language or perfecting the art of baking bread from scratch. With a love for nature and a penchant for travel, Eleanor finds joy in exploring every nook and cranny of the world. Her infectious enthusiasm is matched only by her compassion, making her both inspiring and beloved among friends."
3133,"A vibrant soul with an infectious laugh, she dances through life with a curious heart and creative spirit. Her eyes sparkle with stories untold as she paints her world in shades of imagination and warmth. Always ready for adventure, she finds joy in the simple moments and treasures deep connections with those around her. Her presence is like a gentle breeze uplifting everyone she meets."
2729,"She is an unyielding force with a zest for life that lights up any room she enters. Her laughter is infectious, weaving through conversations like a melody. A passionate artist at heart, she paints not just canvases but moments, each stroke capturing the essence of her vibrant soul. With eyes that sparkle with curiosity and a mind brimming with ideas, she navigates the world with fearless grace, always ready to embrace new adventures. Her warmth invites others in, making every encounter memorable."
2964,"She is an adventurer at heart with a penchant for mystery novels and endless cups of tea. Her laughter is contagious, lighting up any room she enters. With a passion for painting landscapes that reflect her soulful perspective on nature, she finds joy in the simple things - a crisp morning walk or a heartfelt conversation under the stars. Always ready to lend an ear or a helping hand, her warmth and kindness make her presence a gift to those around her."
3022,"She exudes an aura of quiet confidence often seen with a sketchbook in hand. Her laughter lights up any room as vibrant as her kaleidoscopic wardrobe. On weekends she is usually found exploring local trails or experimenting in the kitchen always eager to discover new flavors. With a penchant for mystery novels and indie films, she carries an insatiable curiosity about the world. Her warmth draws people towards her making every conversation feel like catching up with an old friend."
3010,"She is an energetic and creative person always with a ray of light in her eyes. A lover of art and literature finds inspiration in every corner of the world. Her contagious laugh fills any room, and her insatiable curiosity leads her to discover new cultures and traditions. She embraces change with a smile, turning even gray days into colorful adventures. With a kind heart and an astute mind, she is a generous soul who always seeks to leave a positive mark on the world."
3136,Renowned author captivated by nature's wonders sharing poetic reflections through beautifully curated photo essays on Instagram and reflective stories on TikTok Known for her evocative storytelling that transports followers into serene landscapes and introspective journeys she inspires creativity and mindfulness with each post Her online presence is a tranquil oasis in the digital world inviting others to pause reflect and appreciate the artistry of life around them
2941,"A passionate gardener who finds peace in nurturing plants, I relish each moment spent with my hands in the soil. My weekends are dedicated to cultivating an array of vibrant flowers and hearty vegetables creating a sanctuary that inspires creativity and tranquility. Friends often seek my advice on plant care drawn by my enthusiasm for sharing knowledge and the joy of watching life thrive under my care."
14825,"An adventurous spirit with insatiable curiosity for the world's hidden corners. I thrive on new experiences that challenge my perceptions. With a heart full of laughter and eyes sparkling with wonder, I weave through life's tapestry leaving traces of joy wherever I go. Whether scaling mountain peaks or exploring bustling city streets, each moment is a treasure waiting to be discovered. My journey is an open book inviting stories yet untold driven by the thrill of what lies just beyond the horizon."
2122,"Hello, my name is Alex. I am a one-year-old graphic designer who has just started to dive into the world of photography. My passion lies in capturing urban life and nature's beauty with occasional ventures into art exhibitions around London. Let's explore creativity together."
3258,"Eleanor is known for her vibrant spirit and insatiable curiosity. She is a voracious reader who finds joy in exploring diverse genres and often gets lost in a world of books. Her adventurous nature leads her to seek new experiences whether it's trying exotic cuisines or hiking unfamiliar trails. With an infectious laugh and quick wit, she lights up every room she enters. Eleanor is passionate about sustainability, always finding creative ways to reduce waste and inspire others to do the same."
3005,"A creative soul with an insatiable curiosity for life's intricacies, crafting vivid stories in her head before translating them into breathtaking art. Her laughter fills rooms like sunlight breaking through clouds, contagious and warm. Always ready with a thoughtful word or listening ear, she weaves connections effortlessly. In moments of reflection, she finds peace in nature's gentle embrace, drawing inspiration from its serene beauty. With a heart full of dreams and kindness, she navigates the world leaving trails of joy wherever she goes."
3260,"She has an infectious enthusiasm that lights up every room she enters. With a keen eye for detail, she approaches each task with precision and creativity whether it's crafting stories or organizing events. Her warm smile and genuine interest in others make her a beloved friend and confidante. She possesses a unique ability to blend grace and humor turning even mundane moments into memorable experiences. Adventurous at heart, she is always eager to explore new horizons both physically and intellectually."
2972,"Energetic and vibrant, Alex carries an infectious enthusiasm for life that is as captivating as it is inspiring. With a keen eye for detail, this creative soul finds joy in turning ordinary moments into extraordinary memories through art and storytelling. A true adventurer at heart, they embrace each day with curiosity and the courage to explore uncharted territories both physically and emotionally. Alex's warmth and genuine interest in people make them an unforgettable friend and confidant."
3228,"As an AI language model, I strive to adhere to your instructions diligently. Since the provided description is ""nan"" which implies that there is no content available, my response follows the directive you've given for such a case. None"
3268,"She possesses an infectious enthusiasm for life's simplest pleasures, finding joy in a gentle breeze or the vibrant hues of a sunset. Her empathy shines through her interactions, offering a listening ear with genuine understanding. A lover of books and art, she often explores new horizons seeking inspiration in every corner of the world. With a knack for creativity, she crafts stories that captivate hearts and provoke thought. Her warmth and kindness draw people to her like moths to a flame, making her not just a friend but a beacon of hope and encouragement."
3281,"Born under a starlit sky in the heart of an ancient forest, Elara embodies the spirit of adventure with a gentle soul. Her laughter dances like wind through leaves carrying stories of distant lands she dreamed to explore. Each morning she awakens with the dawn, her dreams as vivid and untamed as the wilderness that surrounds her home. A whisper in the trees, a guardian of secrets, Elara moves with grace, leaving only footprints on the soft earth and wonder in the hearts she touches."
3316,"As an AI language model, I am not able to create a new description because your input was ""nan"". If you provide me with an existing description, I will be happy to help you transform it while maintaining its style and tone. Let me know how you would like to proceed."
3302,"A passionate storyteller with an infectious laugh, often seen exploring vibrant cityscapes with a keen eye for hidden gems. This adventurous soul loves to connect with people through shared tales and spontaneous adventures. Always equipped with a notebook, they capture fleeting moments of beauty and inspiration that fuel their creative spirit. Whether sipping coffee in a cozy café or hiking through lush trails, this person thrives on the energy of new experiences and the joy of simple pleasures."
3291,"Passionate and introspective Alex finds solace in painting vibrant landscapes that echo their inner world. They possess an infectious enthusiasm for music often seen with headphones lost in a melody or strumming on their guitar under the stars. A natural storyteller, Alex captivates listeners at gatherings with tales of adventure and whimsy. Their curiosity about cultures leads them to explore far off lands always returning home with souvenirs and stories. With a heart as open as the skies they love, Alex's warmth and creativity touch everyone they meet."
3283,"As the original description is not provided, I'll create a new one while maintaining an undefined style tone and gender. An enigmatic soul with eyes that tell stories untold, they weave magic in every interaction. Whether lost in thought or sparking conversation, their presence is both calming and intriguing. They possess a quiet strength, a gentle humor that lights up any room. Their heart though often guarded reveals its warmth to those who truly know them. In simplicity there's elegance in silence wisdom."
3331,"Sophia radiates an aura of serene confidence with her radiant smile and sparkling eyes that tell tales of adventures past and dreams yet to be fulfilled. Her laugh, a melody in the air, invites warmth into every room she graces. With a heart full of kindness and a mind brimming with curiosity, Sophia is a perpetual student of life's vast lessons, always eager to explore new horizons while savoring the simplicity of quiet moments."
3407,"Elegant and poised, Alex radiates confidence with every step. With a passion for art and storytelling, they often find themselves lost in books or painting scenes from their vivid imagination. Known for their warm smile and engaging conversations, Alex effortlessly brings people together at gatherings. A lover of nature, they enjoy long hikes where thoughts flow freely. Their thoughtful gestures and keen sense of empathy make them a cherished friend to many."
3400,"As an artist who thrives in the quiet moments of life's symphony, I find joy in the subtle strokes of a paintbrush on canvas each one revealing hidden hues of my soul. My garden is a tapestry of colors where wildflowers dance with the breeze, a testament to nature's serene beauty. In every corner of my cozy home I have woven threads of tranquility and warmth creating a sanctuary for reflection and creativity."
3399,"She possesses an infectious enthusiasm for life that draws people in like a magnet. Her laughter as bright as morning sunshine fills any room she graces with warmth and joy. With a penchant for adventure, she explores new horizons both near and far, her curiosity leading her on countless journeys of discovery. She holds a deep compassion for others, always ready to lend an ear or extend a helping hand. In everything she does there is a poetic grace, a blend of strength and gentleness that defines every step she takes."
4784,"A spirited soul with an infectious zest for life, she thrives on creativity and exploration. Her laughter is a melody that lightens any room while her warmth draws people close. With eyes sparkling like stars, she navigates the world with curiosity and grace. An adventurer at heart, she finds beauty in the simplest moments and inspiration in every corner. Her resilience and optimism make her an unwavering source of joy and encouragement to those around her."
3370,"She is an enigmatic blend of strength and elegance, always seen holding a book in hand or a paintbrush poised to capture the world's subtle hues. Her laughter echoes like music through rooms leaving trails of warmth in its wake. A natural leader, she inspires those around her with a quiet confidence that speaks volumes more than words ever could. Whether navigating the complexities of life or crafting her next masterpiece, she does so with unwavering grace and an open heart."
3411,"Elegant and poised, with an infectious charm that lights up every room she enters. Her laughter is like a melody drawing people in effortlessly. A modern Renaissance woman balancing career success and artistic pursuits with grace. Passionate about travel and cultural exploration, her curiosity leads to endless adventures. She carries herself with confidence yet remains deeply empathetic and caring towards those around her."
3364,She radiates an unassuming warmth that draws people in effortlessly With a laugh as infectious as a summer breeze she navigates life with grace and poise Her creative spirit shines through her eclectic style blending vintage flair with modern chic In conversation she exudes wisdom beyond her years always curious and ready to learn Her resilience is inspiring turning challenges into stepping stones She's the kind of friend who makes you feel seen and valued leaving a lasting impression long after she walks away
3452,"Energetic and vibrant, she brings joy wherever she goes. Her laughter is a contagious melody that lights up any room. Passionate about environmental conservation, she spends weekends hiking through nature reserves documenting wildlife with her trusty camera. An avid reader, she often loses herself in the pages of fantasy novels weaving tales of adventure in her head. Her love for cooking experimental dishes is matched only by her curiosity for trying new cuisines from around the globe. With a heart full of dreams and a spirit that dances through life's adventures, she remains an inspiring force to those around her."
1519,"A spirited and vibrant individual, Alex radiates warmth with a quick wit that lights up any room. With a penchant for adventure and an insatiable curiosity, they are always eager to explore new cultures and ideas. Whether engaging in deep philosophical debates or enjoying simple moments of laughter with friends, Alex's passion for life is contagious, inspiring those around them to embrace the beauty of every experience."
3507,"She is a woman of adventurous spirit and insatiable curiosity. Her passion for classical music finds its balance in an equally deep love for the starry skies, spending whole nights admiring the universe from her small observatory. In her free time she explores international cooking recipes, sharing her creations with friends and family during cozy gatherings. Her contagious laugh illuminates any room making the world a brighter place with every smile"
3465,"A lively spirit with an infectious laugh always finding joy in the smallest things. With a heart as warm as their bright smile, they light up any room they enter. Passionate about life's adventures, they are constantly exploring new horizons and embracing challenges head on. They are creative souls who often express themselves through art and music, weaving vibrant tapestries of melody and color that inspire those around them. Their optimism is a guiding star leading them through the ebbs and flows with grace and resilience."
3540,"An energetic soul with an insatiable curiosity for life's hidden corners, always eager to explore new ideas and experiences. Known for a warm smile that lights up any room and a heart full of generosity, they effortlessly inspire those around them. A lover of art in all its forms, from painting vibrant landscapes to crafting stories that captivate the imagination. This individual thrives on connection, believing deeply in kindness as the bridge between hearts."
3462,"Alex is an adventurous soul with a talent for storytelling. Whether capturing life's fleeting moments through their camera lens or spinning tales by the campfire, Alex thrives on exploring new places and cultures. With laughter in their eyes and curiosity as their compass, they navigate the world's wonders leaving behind footprints of kindness and inspiration wherever they go."
3528,"She is an enigmatic soul with a penchant for mystery and elegance. Her laughter as bright as moonlight on water draws people in like moths to a flame. With eyes that sparkle with untold stories and hair cascading like midnight silk, she moves through life with the grace of a dancer. Despite her gentle demeanor there is an unyielding strength within fueled by dreams too vast for any horizon to contain"
3588,"Born under the bright summer sun in a small coastal town, Jamie grew up with sand between their toes and saltwater in their veins. Their curious nature led them to explore the mysteries of the ocean, earning them an unofficial title as the local marine whisperer among peers. With eyes that mirror the depth of the sea, they possess an infectious laugh that rivals the sound of crashing waves. A storyteller at heart, Jamie's tales weave magic and reality into a tapestry as vibrant and unpredictable as life itself."
14857,"Eloquent and poised, with an unshakeable sense of determination, she navigates life's challenges like a seasoned captain steering through stormy seas. Her laughter is infectious, lighting up any room while her wisdom often comes from a place of quiet introspection. Though fiercely independent, she cherishes deep connections and is always ready to lend a helping hand or offer an insightful piece of advice. With eyes that sparkle with curiosity, she approaches each day as an adventure waiting to unfold."
451,"She possesses an unwavering sense of adventure that dances in every step. Her laughter is infectious, carrying with it stories of countless journeys and unspoken dreams. Each eye crinkles as she smiles, revealing a heart brimming with kindness and empathy. She's a weaver of connections effortlessly drawing people into her orbit with genuine warmth and an ever curious spirit. With a palette of pastel colors adorning her wardrobe, she paints the world in hues of hope and whimsy."
3548,"She is an artist at heart, with eyes that sparkle like stars on a clear night. Her laughter is infectious and her smile warms even the coldest days. She loves to explore new places, always seeking adventure in unexpected corners of the world. In moments of quiet reflection she finds inspiration for her next masterpiece - be it painting, poetry or playing her guitar under the moonlight. With a spirit as free as the wind, she dances through life with grace and boundless creativity."
3506,"Born in a small coastal village, Alex has always felt an affinity for the sea's vast mysteries. Their eyes mirrored the deep blues of ocean waves while their laughter could rival the sound of seagulls soaring overhead. An avid reader and dreamer, Alex spent countless hours with novels that took them to distant lands finding solace in stories of adventure and discovery. They possess an innate kindness often seen lending a helping hand or sharing their favorite books with anyone who would listen. With a spirit as free as the wind, Alex navigates life with curiosity and grace, always ready for whatever comes next."
3515,"She is an embodiment of warmth and intelligence, with a touch of quirkiness that makes her unforgettable. Her laughter is contagious, often echoing in rooms long after she has gone. With a passion for adventure, whether through books or travel, she embraces life's mysteries with open arms. Artistic flair shines through every conversation, each word painting vivid pictures. Kind-hearted yet fiercely independent, she balances compassion and strength effortlessly, inspiring those around her."
3554,"She possesses an unyielding spirit and an infectious laugh that lights up any room. Her eyes, a kaleidoscope of curiosity sparkle with intelligence as she navigates life's complexities with grace. With a passion for artistry, she weaves stories through her paintings and poetry leaving others touched by her creativity. She is the anchor in stormy seas offering warmth and wisdom to those around her. Her strength lies in her kindness making every encounter memorable."
3491,A vibrant spirit with an infectious laugh known for their boundless creativity and deep empathy Always eager to explore new horizons they blend curiosity with a knack for storytelling that captivates everyone around them Their kindness shines through in both grand gestures and small acts of thoughtfulness making the world a brighter place With a zest for life and an open heart they effortlessly connect with people from all walks of life inspiring positivity wherever they go
3690,"As an AI language model, I am designed to respect your privacy and data security. Since you indicated ""nan"" which stands for not a number or could imply a null value in data terms, I will follow your instruction and return no new description. If you have any other task or need further assistance, feel free to let me know."
3590,"Eagerly stepping into any adventure, Alex embodies a spirit of curiosity and spontaneity. With laughter often bubbling from their lips, they bring lightness wherever they go. Known for their boundless enthusiasm, Alex thrives on discovering new places and meeting diverse people. Whether exploring bustling cities or serene landscapes, they find joy in the journey itself, leaving trails of positivity in every heart they touch."
3567,"Confident and poised, Alex exudes an aura of quiet confidence with a warm smile that disarms even the most guarded individuals. With a love for art and a keen eye for detail, they often find themselves lost in creative pursuits from painting to crafting intricate jewelry. Their laughter is contagious, filling any room with joy while their thoughtful nature makes them a trusted friend. Alex's passion for travel fuels their adventurous spirit constantly seeking new experiences and cultures to explore."
3678,"A vibrant soul embracing every moment with passion and joy From spontaneous adventures to meaningful connections I thrive in creating unforgettable memories while staying true to myself With a heart full of dreams and a zest for life I am always ready for the next adventure sharing my happiness wherever I go Life is an art and I paint it with love, laughter and endless possibilities"
7231,"She's an adventurous soul with a zest for life always seeking new horizons and experiences. With a contagious laugh that lights up any room, she exudes warmth and kindness drawing people to her effortlessly. Her passion for art and culture shines through in her expressive style and eclectic taste. Nature is her sanctuary where she finds peace often captured in her soulful paintings or poetic musings. An eternal optimist, she believes in the beauty of possibility and the power of dreams."
3417,"Enchanting yet grounded, she navigates life with a blend of grace and wit. Her eyes sparkle with curiosity reflecting an insatiable thirst for knowledge. With a laugh that resonates warmth and kindness, she lights up every room she enters. In moments of contemplation, her thoughtful nature unveils insights wrapped in empathy. A lover of art and culture, she finds beauty in the mundane, transforming everyday scenes into masterpieces with her creative spirit. Her strength lies not just in resilience but also in fostering connections that uplift and inspire those around her."
3584,"She is a vibrant storyteller with insatiable curiosity for adventure. Her laughter lights up any room, drawing people in as she weaves tales from her extensive travels. A lover of art and culture, she often finds herself lost in galleries or immersed in the local traditions of distant lands. With infectious enthusiasm, she inspires those around her to explore their own passions and embrace life's journey with open arms and a fearless heart."
3677,"She captures the essence of sunsets with her eyes reflecting a soft and melancholic mystery. Her laughter is contagious like a light-hearted melody breaking the silence of dusk. Always wrapped in her favorite thick woolen sweater, she gracefully walks carefree leaving behind a trail of fresh jasmine. Her hands are skilled artists capable of creating miracles from the simplest brush and chalk. She is the whisper in the breeze and the charm that escapes between leaves."
3747,"She possesses an infectious enthusiasm for life that radiates from her like a beacon drawing people in with ease. Her laughter is both melodic and contagious, creating moments of joy wherever she goes. With keen eyes reflecting curiosity and intelligence, she approaches each day as an adventure to be savored. Her creativity knows no bounds whether it's through art, storytelling or spontaneous acts of kindness that leave smiles in their wake. Her presence is a gentle reminder of the beauty in embracing life with open arms and an open heart."
3660,"She radiates warmth and wisdom with every word she speaks, her laughter as infectious as it is genuine. A natural leader, she inspires those around her with a blend of kindness and determination that is both rare and captivating. Her passion for storytelling whether through art or conversation reveals depths of creativity and insight that leave lasting impressions on everyone fortunate enough to cross her path."
3663,"A vibrant soul with an adventurous spirit, she delights in exploring art galleries and immersing herself in eclectic music scenes. With a penchant for storytelling through writing, she finds joy in crafting narratives that weave emotion with intrigue. Her compassionate nature shines brightly when volunteering at local shelters where her laughter is as infectious as her boundless energy. In the tranquility of nature, she often retreats to find inspiration and inner peace."
3686,"A passionate artist whose canvas breaths with vibrant colors, she finds joy in the quiet moments between brushstrokes. With a heart for adventure and an eye for detail, she captures life's fleeting beauty sharing her world through each creation. Her laughter echoes through galleries inviting everyone to see the wonders she sees every day."
3757,"She exudes an aura of serene confidence, her laughter a melodic blend that draws people in effortlessly. With expressive eyes she communicates volumes beyond words crafting connections effortlessly. Her presence is both calming and invigorating like a gentle breeze on a sunny day. She carries herself with grace, each movement deliberate yet seemingly effortless capturing the attention of everyone around her. Her style is eclectic reflecting her adventurous spirit and unapologetic authenticity."
3748,"Energetic and adventurous at heart, Alex thrives in spontaneous moments often found with a camera capturing life's fleeting beauty. With an insatiable curiosity for world cultures they have traveled far yet always find comfort among old friends over coffee chats. A lover of music, their eclectic taste weaves through lively gatherings bringing warmth and connection. Beneath the adventurous spirit lies a thoughtful soul ready to lend an ear or offer sage advice when needed. Alex's vibrant energy and genuine care for others make every encounter memorable."
3814,"She is an enigmatic soul with eyes that dance like stars in a twilight sky. Her laughter bubbles forth effortlessly, weaving warmth into every encounter. In her presence time seems to pause; her stories paint vivid landscapes within one's mind. A blend of strength and vulnerability guides her through life's labyrinth, embracing each moment with grace. Whether whispering secrets to the ocean or orchestrating symphonies in silence, she crafts her own unique melody in the tapestry of existence."
4791,"Eleanor thrives in vibrant cityscapes where towering skyscrapers meet cobblestone streets. Her laughter is infectious, a melody that dances through crowded cafes as she sketches life's whimsical moments with her charcoal pencil. Eleanor adores vintage fashion, often spotted in retro dresses paired with modern flair. On weekends you'll find her at local art galleries or lost in the pages of a classic novel dreaming of adventures yet to come. Her spirit is both grounded and free-spirited, a harmonious blend of past and present."
3715,"A visionary spirit with insatiable curiosity about technology and innovation, always exploring new frontiers, this individual effortlessly blends creativity with a methodical approach to problem solving. With a heart full of passion for art and culture, they find beauty in simplicity and complexity alike. Friends describe them as grounded yet dreamy, embodying the perfect blend of practicality and whimsy. This person navigates life's journey with grace and an ever-present zest for discovery."
14833,"Johanna is a vibrant storyteller with an infectious laugh that lights up any room she enters. Her eyes sparkle with curiosity, reflecting her endless fascination with the world's myriad cultures and histories. She dresses in colors as bold as her personality, often seen carrying a book or sketchpad ready to capture life's fleeting moments. A lover of adventure, Johanna thrives on exploring new landscapes both literal and intellectual, driven by an insatiable thirst for knowledge and connection."
3734,"She possesses an infectious charm that draws people in effortlessly, her laughter a melody that brightens any room she enters. Intelligent and insightful, she navigates life with grace, often leaving a trail of inspiration behind her. Her creative spirit shines through her passion for painting where colors dance at her command to capture the essence of life's fleeting moments. She is kind-hearted, always ready to lend an ear or offer support, making those around her feel cherished and understood."
3707,"Sorry, there was no existing description to modify. If you provide one, I'd be happy to help create a new version."
3851,"Evelyn glides through life with an artist' s grace painting her world in vibrant hues of curiosity and empathy. Her laughter is a melody that weaves warmth into every encounter leaving echoes of joy wherever she goes With eyes that sparkle like stars at twilight, Evelyn sees beauty in the mundane and crafts stories from everyday moments In the realm of creativity she reigns supreme always with a sketchbook at hand to capture fleeting inspirations or the quiet whispers of her heart."
3844,"She is an adventurous spirit with a penchant for storytelling, always seen with her trusty camera capturing life's spontaneous moments. Her laughter is infectious, bringing warmth to any gathering. Whether exploring new cuisines or diving into books from around the world, she thrives on curiosity and connection. She believes in kindness and empathy as guiding stars making every relationship meaningful. With a love for the arts, her creativity knows no bounds, painting canvases with vibrant dreams and possibilities."
3877,"Energetic and spirited with an infectious laugh, Alex navigates life with a sense of wonder and curiosity. A lover of adventure, they embrace new experiences with open arms whether it's exploring hidden trails or delving into a captivating book. With their vibrant personality and warm smile, Alex lights up every room drawing people in with stories that feel like personal journeys. Their genuine kindness shines through in everyday interactions making friends and strangers alike feel cherished and valued."
3884,"Eager and creative, this person thrives in vibrant social settings and finds joy in exploring new hobbies with a curious mind. With a compassionate heart they often volunteer their time to help those in need. Adventurous by nature, they love traveling and immersing themselves in different cultures. This individual is both spontaneous and thoughtful, always ready to embrace life's unexpected twists with a warm smile and an open mind."
3889,"She possesses an insatiable curiosity for art history often seen with a sketchbook in hand while exploring museums worldwide. Her laughter is contagious easily sparking joy in any room she enters. Known for her kindness, she spends weekends volunteering at local animal shelters. A talented pianist, evenings find her lost in melodies creating music that speaks volumes of her soulful nature. Despite her achievements, she remains grounded and deeply empathetic always ready to lend an ear or a helping hand."
3833,"She is an enigmatic artist whose creativity knows no bounds. With a flair for vibrant colors, her paintings tell stories that resonate deeply with those who gaze upon them. Her laughter is infectious, lighting up any room she enters and her insightful conversations leave you reflecting long after they've ended. In both life and art, she embraces authenticity, always staying true to herself while inspiring others around her."
3855,"As an accomplished artist, I find tranquility in the colors that dance on my canvas. Each brushstroke tells a story from my heart, a blend of emotions captured through vibrant hues. My days are spent wandering nature's gallery gathering inspiration and whispers of creativity. In these moments, solitude becomes my muse, encouraging a deeper connection with my inner world. I cherish the gentle embrace of dawn as it paints the sky, fueling my desire to mirror its beauty in every piece I create."
3826,"She exudes an aura of tranquility with a penchant for vintage fashion that complements her warm smile. An avid reader, she finds solace in classic literature and often loses herself in the pages of timeless novels. Her laughter is contagious drawing people into lively conversations filled with wit and wisdom. She's deeply compassionate, always ready to lend an ear or extend a helping hand. In moments of solitude she immerses herself in gardening, nurturing her plants as tenderly as she nurtures friendships."
3872,"Eleanor is an inquisitive soul with a penchant for storytelling that captivates her audience like no other. Her infectious, bright laughter resonates through every room she graces. With a love for vintage fashion, she drapes herself in timeless elegance, each outfit telling its own story. Eleanor's passion extends to the arts; painting is where her heart finds peace, blending colors with emotions on canvas. Her wisdom shines when sharing life's adventures and lessons, inspiring those around her to see beauty in every moment."
3943,"She's an adventurous spirit with a heart full of wanderlust always seeking new horizons to explore. Her eyes sparkle like the stars she gazes at during her late night travels. With a laugh as infectious as her enthusiasm for life, she dances through every challenge turning obstacles into stepping stones towards her dreams. Whether scaling mountains or diving into cultural adventures, she embraces each moment with grace and an unyielding zest for discovery. Her journey is not just about the places she visits but the stories she weaves along the way."
3898,"A visionary thinker with an infectious laugh, she lights up every room she enters. Known for her adventurous spirit, she is always ready to explore new horizons whether through travel or diving into a good book. Her empathy and warmth make her approachable and beloved by all who know her. With a passion for gardening, she finds peace in nurturing life, cultivating beauty with patience and care."
3939,"As an artist with a flair for vibrant colors and bold patterns, I find joy in transforming ordinary spaces into extraordinary canvases. My garden blooms with whimsical sculptures that dance under the sun while my kitchen experiments are culinary adventures. With laughter as my constant companion, I weave stories through my handmade quilts, each stitch a testament to life's endless tapestry of moments."
3903,"She is a woman with a vibrant and energetic presence. Her contagious laugh fills any room while her curious eyes sparkle at the world around her. With an astute mind and a heart full of empathy, she dedicates herself to connecting with people in her environment always willing to listen and share inspiring stories. Her creativity knows no bounds which is reflected in her artistic projects that explore the beauty of everyday detail. It is this mix of sweetness and strength that leaves an indelible mark on those who have the pleasure of knowing her."
3930,"Elena exudes an air of quiet confidence with her sharp wit and keen intellect often found lost in the pages of a novel or engaged in lively debates over coffee with friends. Her laughter is contagious, lighting up any room she enters. A lover of art and culture, Elena thrives on creativity and new experiences, always seeking out adventures that challenge her perspective. She values authenticity above all, cherishing deep connections and honest conversations."
3892,"She has an insatiable curiosity for the world around her, always eager to dive into new experiences with a vibrant energy that lights up any room she enters. Her laughter is contagious spreading joy wherever she goes. With a keen eye for detail and a knack for storytelling, she brings life to every conversation. Balancing strength and empathy, she effortlessly connects with others making them feel seen and heard. Adventurous at heart yet deeply rooted in her values, she embraces each day with an open mind and a generous spirit inspiring those around her to do the same."
3836,"A charismatic individual with an infectious laugh and a passion for painting. Always seen with a sketchbook in hand capturing life's fleeting moments on canvas. They adore storytelling, weaving tales that spark curiosity and wonder. Known for their warmth and generosity, they volunteer at local community centers spreading joy wherever they go. An explorer at heart, they find beauty in the simple things and cherish every adventure."
3941,"Passionate about exploring cultural diversity, she immerses herself in different cuisines, languages and traditions with insatiable curiosity. Her vibrant personality shines through her love for painting, capturing life's myriad hues on canvas. A natural leader, she inspires those around her with empathy and innovative ideas, always seeking to make a positive impact. Whether organizing community events or mentoring young talents, her enthusiasm is contagious, making the world a more colorful place."
3962,"A vibrant soul with an infectious laugh that lights up any room she steps into. Her eyes sparkle with curiosity always ready to dive into new adventures or explore uncharted territories. With a heart as warm as her smile, she effortlessly connects with people from all walks of life. Passionate about art and nature, she finds joy in the simple pleasures - the rustle of leaves, the stroke of a paintbrush. An eternal optimist, she views challenges as opportunities to grow, inspiring those around her with her resilience and grace."
3870,"A creative soul with insatiable curiosity for life's mysteries, she revels in painting vibrant landscapes that capture fleeting moments of beauty. Her laughter resonates like music through the air drawing people to her warmth and infectious enthusiasm. In quiet evenings she loses herself in ancient tales and poetry finding solace in their timeless wisdom. Her spirit dances freely between dreams and reality embracing each day as an adventure waiting to unfold."
18998,"I thrive on exploring diverse cuisines, cooking is my passion turning simple ingredients into delightful meals that bring people together around a shared table. Every dish tells a story inspired by travels and cultural exchanges. Whether it's mastering traditional recipes or experimenting with new flavors, I find joy in the art of culinary creation. This love for food fuels not only my creativity but also my desire to connect and share experiences through every meal prepared."
3920,"A visionary with an insatiable zest for life, she dances through challenges like a maestro commanding an orchestra. Her laughter rings as clear as morning bells infusing warmth into every encounter. With eyes that sparkle with curiosity and a mind that thirsts for knowledge, she paints her world in vibrant hues of creativity and kindness embracing each day as an artist embraces a blank canvas."
4793,"Sophia is a fearless explorer of both the mind and the world around her, always with a keen eye for life's intricate details. Her laughter is infectious, echoing through gatherings like music drawing people in. She carries herself with grace yet there is a fiery spark behind her warm smile that hints at countless untold stories. Sophia finds beauty in the mundane and sees adventure where others see routine, making every day an opportunity to discover something new or to share wisdom gathered along her journey."
4032,"An avid reader with an eye for fashion, always spotted with captivating style and an ever-present stack of novels. Enjoys crafting unique looks inspired by their favorite literary heroes while savoring the magic woven into every book's pages. Finds inspiration in storytelling to create a wardrobe that narrates their own personal journey, blending creativity with elegance."
4005,"A vibrant soul with an infectious smile, she dances through life like a summer breeze. Her laughter echoes in every room drawing people in with warmth and kindness. An avid reader, she finds solace in stories that take her to distant worlds. Whether organizing community events or tending to her garden, her passion is as colorful as the flowers she cultivates. She thrives on connection, always eager to learn from others while sharing her own unique perspective."
1061,"Passionate about the arts with a penchant for sketching by moonlight, she finds solace in quiet coffee shops. Her laughter dances like sunlight on water warming every room she enters. Known for her wise words and curious nature, she loves unraveling mysteries through books and film noir. A connoisseur of spicy cuisines, she often hosts vibrant dinner parties where stories flow as freely as the wine."
3956,"Energetic and creative Alex has always been drawn to vibrant colors and bold patterns. With an infectious laugh that lights up any room, they bring warmth and enthusiasm wherever they go. Passionate about sustainable fashion, Alex crafts unique garments from upcycled materials, blending artistry with eco-consciousness. Their eclectic style reflects a soul unafraid of standing out, always ready to inspire others through their bold choices and unwavering authenticity."
4004,"A fiercely independent spirit with insatiable curiosity for life's hidden mysteries, always seeking adventure in the mundane. With a heart full of empathy and eyes that sparkle with mischief, this individual thrives on creativity and connection. They are the quintessential free thinker who embraces change like an old friend, leaving trails of laughter wherever they go. Always ready to lend a helping hand or share a thought-provoking conversation, they cherish authenticity above all else."
4740,A spirited individual with a flair for creativity known for their vibrant personality and infectious laughter They possess an innate curiosity that drives them to explore new ideas and cultures often bringing people together through engaging conversations and storytelling With a keen eye for detail and a compassionate heart they navigate life s challenges with resilience and grace leaving a lasting impression on those around them
4029,"A passionate soul with an insatiable curiosity for life's endless wonders embraces each day as a new adventure. Known for their warm smile and kind heart, they inspire those around them to dream big and never settle. Their laughter is contagious and their optimism infectious, making every moment brighter. Whether painting vivid landscapes on canvas or composing melodies that dance through the air, they find joy in creativity and sharing it with others."
3969,"Energetic and spirited Alex thrives in vibrant cityscapes drawing inspiration from bustling streets and eclectic cultures. With a passion for storytelling through photography, every shot captures a unique moment or emotion. When not exploring new horizons they are often found writing captivating tales or experimenting with culinary arts adding flavor to both food and life. Their laughter is infectious making any gathering more lively as they share stories of adventures past and dreams yet to be realized."
3974,"A visionary with an infectious zest for life, Alex navigates the world with a rare blend of kindness and wit. Known for their captivating stories and genuine warmth, they effortlessly light up any room. With a heart full of dreams and hands eager to create, Alex's creativity knows no bounds. Whether it's through painting vibrant landscapes or crafting innovative solutions at work, their passion is contagious. Always ready with an encouraging word, Alex inspires those around them to embrace life's adventures with open arms."
3951,"She exudes an aura of mystery wrapped in creativity, every movement a brushstroke on life's canvas. With eyes that sparkle like stars against midnight skies, she weaves stories with laughter as golden threads, inviting others into her vivid dreamscape. Her voice both soothing and invigorating dances through conversations, leaving trails of inspiration. Though fiercely independent, her warmth embraces those she cherishes, making them feel cherished and understood."
4110,"A passionate adventurer at heart, always seeking new experiences with a curious mind and an open spirit. They cherish meaningful connections finding joy in sharing stories over a warm cup of coffee or exploring hidden trails. Their creativity flows freely through art and music where they express their innermost thoughts and emotions. With a gentle yet firm resolve to make a positive impact, they navigate life's challenges with grace and empathy always guided by kindness and an unwavering sense of wonder."
4117,"She is a effervescent spirit with a penchant for adventure, her laughter echoing through life's vibrant tapestry. With eyes like sparkling sapphires she approaches each day as an artist would a blank canvas boldly and without hesitation. A lover of literature and late night conversations by the fire, she weaves stories from threads of whimsy and wisdom. Her heart is an open book inviting others into her world of boundless curiosity and infectious joy."
4035,"Alex is an adventurous spirit who thrives on exploring uncharted territories both in the world around them and within their own creative pursuits. With a vibrant energy that lights up any room, they blend curiosity with courage to tackle challenges head-on. Alex's eclectic taste in art and music often leads to spontaneous road trips or impromptu dance sessions at home. They are known for their infectious laughter and the ability to turn everyday moments into extraordinary memories. Whether navigating complex projects or simply enjoying a sunny day, Alex embraces life with open arms and an unwavering zest for discovery."
4105,"She radiates an infectious energy that lights up any room she enters. With her keen intellect and quick wit, conversations with her are always enlightening and full of laughter. Her passion for art and culture often leads to impromptu museum visits or engaging debates over coffee. She is adventurous yet thoughtful, balancing spontaneity with a nurturing heart that draws people close."
4131,"She is an enigmatic soul with a heart full of curiosity and adventure. With her sparkling eyes, she navigates life's tapestry weaving stories as vibrant and colorful as her eclectic wardrobe. She loves to dance through life's challenges always finding joy in learning new things. Her laughter is contagious drawing people into her world of whimsy and wonder. Though fiercely independent, she values deep connections with those who truly understand the depths of her spirit."
4107,"Sophia embodies warmth and grace with an infectious laughter that lights up any room she enters. Her creativity flows effortlessly through painting vibrant landscapes and crafting intricate poetry. Sophia's nurturing spirit makes her a confidante to many as she listens with patience and offers wisdom wrapped in kindness. Whether exploring the bustling city streets or wandering serene countryside paths, her adventurous spirit is matched only by her deep appreciation for life's simple pleasures."
4112,"A vibrant soul with an adventurous spirit, she thrives on creativity and exploration. Her laughter dances like sunlight through leaves bringing warmth wherever she goes. Whether lost in a captivating book or painting her dreams onto canvas, she finds joy in every moment. With unwavering optimism, she inspires others to embrace life's beauty and challenges alike. Her heart is a treasure trove of kindness, always eager to share stories from her many travels and the friendships that light up her path."
4104,"An innovative thinker with an infectious laugh, Alex thrives on crafting innovative solutions in tech and design. With a keen eye for detail and boundless imagination, Alex transforms complex ideas into captivating realities. Whether leading a team through challenges or mentoring young minds, Alex inspires those around him with unwavering optimism and a zest for learning. A natural storyteller, Alex's warmth and charisma make every interaction memorable, leaving an indelible mark on all who cross his path."
4054,"Hello, I am a vibrant soul who loves expressing warmth through heart emojis. My days are filled with creativity, laughter, and an endless curiosity about life's little wonders. Whether it is crafting beautiful art or sharing heartfelt messages, I find joy in making connections that sparkle with kindness and positivity. There is always a smile on my face as I navigate this colorful journey of exploration and friendship."
18999,"She is an enigmatic artist with a flair for vibrant colors and abstract forms that challenge reality. Her laughter echoes like wind chimes, bright and unexpected drawing people in. She crafts stories through her art, each piece a window into a soul as deep as the ocean. At gatherings she is both observer and participant, weaving connections effortlessly. Despite her serene exterior, she thrives on spontaneity, always ready to dance with life's unpredictable rhythms."
4101,"An adventurous artist with a love for music photography and cultural discoveries. With a flair for creating magical moments and weaving stories, she finds inspiration in the colors of different cities worldwide. Her creativity shines through in every carefully composed photo and every poem she writes under a foreign sky"
4022,A vibrant soul with an infectious laugh that lights up any room With a penchant for storytelling they weave tales that captivate and inspire Always eager to explore new places whether through books or travel their curiosity knows no bounds Their kindness is as boundless as the sea touching lives with genuine warmth and empathy A dreamer at heart constantly seeking beauty in everyday moments and sharing it generously with those around them
4172,"She is an adventurous spirit with a love for exploring the unknown. Whether it's trekking through dense forests, diving into crystal clear waters or hiking to breathtaking peaks, she thrives on discovering new places. Her insatiable curiosity drives her to learn about different cultures and their histories as much as the natural world. A voracious reader, she is always eager for a good story or an intriguing fact that sparks her imagination. With a heart full of compassion and a laugh that lights up any room, she is a beacon of joy wherever she goes."
4126,"She is an artist who thrives in chaos, finding beauty in the unexpected twists of life. Her laughter is infectious like a melody that brightens any room. With eyes full of curiosity, she explores new horizons with a fearless heart and an open mind. Whether painting vibrant canvases or crafting intricate stories, her creativity knows no bounds. She cherishes deep conversations over coffee, always eager to learn from others while sharing her own quirky insights."
4174,"A vibrant individual with an infectious laugh, she brightens up every room she enters. With a passion for art and literature, she often loses herself in the pages of classic novels or paints intricate landscapes that reflect her vivid imagination. Her friends admire her creativity and warmth, always finding solace in her comforting presence. Despite juggling numerous projects, she maintains an unwavering optimism, inspiring those around her with her resilience and zest for life."
4153,"Energetic and thoughtful, Alex thrives on challenges with an infectious enthusiasm that brightens every room they enter. Their passion for creative problem solving and keen eye for detail make them a natural leader. Alex's warmth and wit forge deep connections easily as they navigate life with grace and humor. They cherish the simple joys of nature and art, always ready to explore new ideas while staying true to their core values."
4205,"An artist with a flair for vibrant storytelling, this individual exudes warmth and creativity in every endeavor. Their keen eye for detail transforms ordinary moments into extraordinary experiences, always accompanied by a sense of humor that lights up any room. Whether painting canvases or crafting narratives, they infuse their work with passion and an infectious zest for life, captivating all who encounter them"
4159,"A vibrant spirit with an insatiable curiosity for the world's hidden tales, she dances through life's challenges with grace and wit. Passionate about art and culture, her eyes sparkle with stories untold. Her laughter is a melody that brightens any room, echoing her adventurous heart. Embracing change like a new horizon, she crafts beauty from chaos, leaving trails of inspiration wherever she goes."
4136,"In the soft glow of morning light, Alex stands as a gentle force of nature with hair like autumn leaves dancing in the breeze and eyes reflecting stories untold. Known for an infectious laugh that can brighten even the gloomiest days, they carry kindness effortlessly touching lives with thoughtful words and open gestures. An avid painter, Alex finds beauty in chaos transforming it into vibrant canvases that speak of hope and resilience. In a world rushing by, they remind us to pause, breathe, and appreciate the moment's fragile grace."
4179,"Eagerly engaging in vibrant conversations, this person radiates warmth with a contagious smile. Their laughter rings through rooms making every gathering more joyful. A natural leader they inspire those around them to reach their full potential. Passionate about painting and hiking, they find tranquility in nature's embrace or the stroke of a brush on canvas. They cherish moments spent with loved ones over cozy dinners or exciting adventures. Their resilience is admired by many facing life's challenges with grace and optimism always ready for what comes next."
19001,"Inventive and spirited with an undeniable zest for life, Alex is a beacon of creativity who turns everyday moments into extraordinary adventures. With eyes that sparkle like stars on a clear night and a laugh as infectious as sunshine, Alex brings warmth wherever they go. Their passion for art and storytelling knows no bounds, weaving tales that captivate hearts and ignite imaginations. Ever the optimist, Alex finds beauty in chaos and sees potential where others see obstacles. Friends describe them as an unyielding force of positivity and a muse to those lucky enough to cross their path."
4213,"As an avid explorer of nature's wonders, I find solace in the quiet rustling of leaves and the distant calls of wildlife. My weekends are often spent hiking through dense forests or sitting by serene lakes sketching the landscapes that inspire my imagination. In these moments, I feel connected to something greater than myself - a reminder of the simple joys life offers when we pause to observe."
4280,"A fiercely independent soul with an insatiable curiosity for the world's mysteries, often found with a book in one hand and a camera in the other capturing moments that others might miss. A blend of wit and wisdom, she approaches life with both humor and sincerity. Her laughter is contagious and her advice is sought after by many. Though she treasures solitude, her friends consider themselves lucky to be part of her vibrant tapestry of experiences."
4223,"Passionate about art and exploring new cultures, this individual thrives on connecting with people through meaningful conversations and immersive experiences. Their enthusiasm for creative expression shines in both their personal pursuits and social interactions, always seeking to learn and share with others."
4238,A radiant soul who dances through life with an infectious laughter that lights up every room they enter With a heart as vast as the ocean she finds beauty in the smallest of moments always ready to offer kindness like a warm embrace on a chilly day Her passion for art and creativity is matched only by her love for sharing stories under the starlit sky weaving dreams with words and whispers
4231,"Sophia is an adventurous soul with a penchant for capturing life's fleeting moments through her lens. Her laughter is infectious, often drawing smiles from strangers on crowded streets. With an insatiable curiosity, she travels far and wide seeking stories in every corner of the world. In quieter moments, Sophia finds solace in her cozy nook surrounded by books that fuel her dreams and aspirations. She is a vibrant spirit who lights up any room with her warmth and genuine enthusiasm for life."
4258,"I'm sorry, but there is no existing description to modify because it is listed as ""nan"". If you provide a description or need help creating one from scratch please feel free to let me know."
7457,"Energetic and adventurous, Jordan thrives on exploring new places and ideas. With a contagious enthusiasm for life, they often find themselves in the heart of the action whether hiking through mountains or diving into deep conversations at lively gatherings. Their vibrant personality draws people to them like moths to a flame sparking joy wherever they go. While deeply empathetic, Jordan's curiosity never wanes constantly seeking out new experiences and perspectives that challenge the norm."
4212,"She is an artist at heart, weaving magic through vibrant canvases that speak louder than words ever could. Her laughter dances like sunlight on water, infectious and bright. A guardian of dreams, she finds beauty in the chaos of life, turning every moment into a masterpiece with her boundless curiosity and fierce compassion. She moves gracefully between worlds of imagination and reality, always leaving a trail of inspiration in her wake."
4253,"A vibrant soul with an infectious laugh, she dances through life with curiosity as her compass. Whether exploring new cuisines or diving into a thrilling book, her zest for discovery knows no bounds. Friends find comfort in her empathetic ear and genuine warmth. On sunny days you might catch her painting landscapes, each brushstroke capturing the world's fleeting beauty. At night she dreams of stars, always chasing new horizons with unwavering optimism and grace."
4218,"A visionary artist with an insatiable curiosity for exploring vibrant landscapes through her bold brushstrokes, effortlessly blending tradition with modernity to create captivating pieces that invite viewers into a world where imagination knows no bounds. Her studio is a sanctuary filled with eclectic inspirations and the scent of fresh paint. With every creation she challenges perceptions igniting conversations about beauty, emotion and the human experience in her distinctive style."
4266,"She is an adventurous soul with a heart full of wanderlust, often found exploring hidden trails or diving into ancient cultures. Her laughter is contagious, echoing through bustling markets and serene landscapes alike. A voracious reader, she carries tales from far off lands in her mind, ready to share over cups of coffee brewed with stories. With every sunrise, she finds new inspiration crafting poetry that captures the essence of life's fleeting moments."
4250,"She is an unyielding explorer of life's hidden treasures, with a contagious laugh that echoes through every room she enters. Her eyes sparkle like embers at midnight, always ready to uncover stories beneath ordinary moments. With a heart as vast as the ocean, her kindness knows no bounds, drawing people into her orbit effortlessly. A relentless dreamer and doer, she crafts beauty from chaos with grace and determination, inspiring all who cross her path."
4273,"A vibrant soul with an infectious laugh, she paints her world in vivid hues of joy and curiosity. Always seen with a sketchbook or camera in hand capturing life's fleeting moments through art and photographs. Her conversations are peppered with stories from her travels, each tale more enchanting than the last. In every endeavor she approaches challenges with grace and resilience, inspiring those around her to embrace their journeys with open hearts."
4288,"Energetic and passionate about nature, I find joy in exploring the great outdoors. Whether it's hiking through lush forests or kayaking along serene rivers, every adventure fills me with a sense of wonder. My love for photography captures these moments, allowing me to share the beauty I see with others. As an avid reader at night, my mind travels worlds away, immersing myself in stories that ignite imagination and inspire creativity. Balancing these pursuits keeps life vibrant and fulfilling."
4298,"A vivacious spirit with an infectious laugh, she brightens up any room she enters. With a passion for storytelling, her eyes sparkle as she weaves tales that captivate hearts. Her warmth radiates like the morning sun, drawing people in with genuine kindness and curiosity about their journeys. Adventure fuels her soul; she is always exploring new horizons whether through books or travel. Her resilience is inspiring; she faces challenges head on with grace and unwavering optimism."
4306,"A vibrant spirit with a flair for creativity, she dances through life with an infectious enthusiasm that lights up every room she enters. Her laughter is contagious and her smile as bright as the morning sun. An artist at heart, she paints not just canvases but also the world around her with vivid imagination. Driven by curiosity, she explores new ideas with boundless energy always eager to learn and grow. In her presence people feel inspired to embrace their own passions and dreams."
4849,"A vibrant soul with an infectious laugh, she exudes warmth like sunshine on a spring day. Her passion for art shines through her eyes as they dance over canvases filled with color and emotion. A lover of adventure, she finds joy in exploring new cultures and embracing life's unexpected twists. Compassionate and kind-hearted, she often lends an ear to those who need it most, offering support wrapped in gentle wisdom and unwavering empathy."
4338,"An enthusiastic individual with an infectious laugh and insatiable curiosity for life's adventures, always seen with a camera in hand capturing moments of joy and spontaneity. Enjoys exploring new cultures through vibrant street markets and soulful music festivals. Known among friends for their eloquent storytelling and ability to turn any gathering into a memorable event. A true believer in the power of kindness and empathy, constantly reaching out to support those around them with warmth and understanding."
4329,"A vibrant soul with an insatiable curiosity for life's intricate tapestry, always seeking to embrace new experiences and forge connections that transcend boundaries. With a radiant smile and infectious laughter, this individual brings warmth and joy wherever they go. Known for their empathy and kindness, they have a knack for making people feel seen and understood. Whether navigating challenges with grace or celebrating triumphs with gusto, they embody resilience and positivity in every endeavor."
4394,"As an AI language model, I am not able to generate content from NaN since it implies that there is no existing data to transform. However, if you would like me to create a new self-description in a specific style or tone for someone, please provide some initial details or preferences."
4307,"A woman with an infectious zest for life, she thrives on creativity and adventure. Her laughter is a melody that brightens every room while her eyes sparkle with stories yet to be told. An artist at heart, she weaves color into every canvas and situation. Driven by curiosity, she explores the world with open arms always ready to embrace new experiences and challenges. Her warm spirit and genuine kindness make her not just a friend but a guiding light in any crowd."
4320,"A vibrant soul with an infectious laugh, she thrives on exploring new horizons. Her keen intellect and artistic flair often lead her to create captivating stories that inspire those around her. With a heart full of empathy, she listens intently and offers comfort where it is needed most. Whether discussing literature or painting landscapes, her passion for life is evident in every conversation and every endeavor she undertakes."
4335,"A vivacious spirit with an infectious laugh, she dances through life with a painter's eye for color and a storyteller's love of adventure. In her hands everyday moments turn into vibrant tapestries woven from threads of curiosity and joy. Her warmth invites people to see the world through her kaleidoscopic lens, where even the simplest interactions are filled with wonder and possibility."
4375,"She radiates warmth and creativity with her vibrant personality and a knack for storytelling that captivates everyone around her. Her laughter is infectious, and she approaches life with an adventurous spirit always ready to explore new ideas and places. A lifelong learner at heart, she is endlessly curious about the world and its myriad cultures, weaving these inspirations into her art and daily interactions. Her compassion shines through in how deeply she connects with people, making every conversation meaningful and memorable."
4423,"She possesses an unyielding curiosity that propels her into a myriad of adventures big or small. With a heart full of warmth and wit sharper than a tack she navigates life's challenges with grace. Her laughter is infectious leaving echoes long after she's departed. Whether painting vibrant landscapes or weaving stories from thin air, her creative spirit knows no bounds. In every endeavor she approaches with an open mind and a fearless soul making every moment an exploration of possibility."
4384,"A vivacious spirit with an infectious laugh that lights up any room she enters. She has a keen eye for art, always capturing beauty in unexpected places through her lens or in her sketches. Her boundless curiosity leads her on adventures both big and small from exploring new cities to diving into the pages of a good book. With warmth and wit, she connects with people effortlessly leaving behind memories as delightful as her company."
4490,"She is an enigmatic blend of curiosity and grace, with a penchant for unraveling life's mysteries through literature and art. Her laughter echoes like music in sunlit rooms, and her eyes are deep wells of wisdom that spark conversations that linger long after they have ended. Always one step ahead, she dances through challenges with the elegance of a seasoned performer, leaving behind trails of inspiration wherever she goes."
4072,A spirited one year old navigating the vibrant streets of Tokyo with a heart full of dreams They are crafting their own path blending Eastern culture with personal ambition all while savoring every moment and lesson along the journey toward making their mark in this bustling cityscape
4373,"She is a visionary with an adventurous spirit always finding beauty in the unexpected. With curly hair that dances to the rhythm of her contagious laughter, her green eyes shine like shooting stars when she shares fascinating stories. A born creator, she transforms any space with art and creativity inviting others to explore the imaginary worlds she builds day after day. Her presence is a living reminder of the magic latent in every moment."
10445,"Hey there, I'm Alex and I have been an avid nature enthusiast for years. Whether it's exploring hiking trails, capturing stunning landscapes with my camera or enjoying peaceful moments by the lake, you will often find me embracing the great outdoors. It is where I recharge and connect with myself."
4416,"She's an intrepid explorer of culinary arts, a maestro in the kitchen where her symphonies of flavors dance across the palate like autumn leaves on a gentle breeze. With each dish she crafts stories from distant lands and forgotten traditions infusing them with a modern twist that captivates all who experience her creations. Her laughter is infectious, a melody that harmonizes perfectly with her passion for connecting people through the universal language of food."
4408,As the original description is nan I will provide a new one Confidently poised Alex exudes warmth with a touch of mystery Known for their quick wit and keen eye for detail they navigate social gatherings like a seasoned storyteller leaving an indelible impression With passions ranging from abstract art to environmental advocacy Alex thrives on creative pursuits that spark both joy and change Their laughter is contagious and their sincerity shines through in every endeavor inspiring those around them to embrace life s complexities with open hearts and minds
4086,"As there was no original description provided here, a creative one Eleanor exudes an aura of quiet elegance. Her eyes deep pools of wisdom are always alight with curiosity. In her presence time seems to slow allowing for thoughtful conversation and laughter that dances like sunlight through leaves. She dresses in layers of soft pastels, each garment telling its own story. A lover of words Eleanor often quotes poetry or prose at just the right moment leaving others to ponder their meaning long after she's gone. Her gentle spirit is a balm to weary souls and her kindness knows no bounds."
4087,"Sophia is a vibrant soul with an infectious zest for life. Her laughter echoes like music, and her insights sparkle with wisdom beyond her years. A creative spirit, she paints landscapes with words as effortlessly as she sketches dreams into reality. Whether weaving tales or composing melodies on her vintage piano, Sophia's passion ignites the hearts of those around her. In every endeavor, she approaches life with a playful curiosity, always ready to explore and embrace the beauty in both simplicity and complexity alike."
4452,"Eagerly exploring the world with wide eyes, I find joy in the smallest things - a morning breeze or a captivating sunset. My laughter echoes through nature's embrace as I wander through forests letting creativity flow like a river. Music fuels my soul and inspires stories that dance across pages capturing fragments of dreams and reality alike. With each sunrise, I embrace adventure with open arms seeking connections and crafting moments into cherished memories."
4069,"Eagerly exploring the world with artistic flair, she dances through life like a vibrant melody. Her eyes sparkle with curiosity as she paints stories in vivid hues, always seeking to inspire wonder in others. With a heart brimming with kindness and laughter that echoes through time, she crafts memories with the grace of a poet and the spirit of an adventurer, leaving trails of joy wherever she goes."
4439,"She radiates confidence with every step she takes. Her infectious, melodic laughter fills any room leaving a warm glow in its wake. Driven by curiosity, she explores life's intricacies with open eyes and an open heart. Always ready for adventure, she finds beauty in the simplest of moments embracing both triumphs and challenges with grace. With a creative spirit that knows no bounds, she weaves stories from everyday experiences inspiring those around her to see the world through a vibrant lens."
4474,"A vibrant soul with an infectious laugh, Alex embraces life's adventures with open arms. With a keen eye for detail and a heart full of empathy, Alex captivates everyone they meet. Whether painting their latest masterpiece or volunteering at local shelters, their boundless energy and passion illuminate every space. Known for their insightful conversations over coffee, Alex is both a friend to cherish and a mentor admired by many."
4440,"Elegant and poised with an infectious zest for life, Alex exudes warmth and intelligence in every conversation. Known for a quick wit and an ever curious mind, they are always eager to explore new ideas and cultures. Their vibrant personality draws people in, creating lasting friendships wherever they go. Whether organizing community events or sharing insightful stories over coffee, Alex leaves a positive impact on everyone they meet."
4074,Embrace your uniqueness and shine boldly in every moment undeterred by naysayers or shadows cast by others Celebrate your individuality with confidence knowing that your brilliance is unmatched Stand tall amidst challenges letting your light guide you to true authenticity Never compromise on who you are let your spirit soar free and bright
4477,"She is an adventurous spirit with a penchant for painting the world in vibrant strokes. Her laughter is infectious, echoing through the halls like sunshine piercing clouds. At heart, she is a bibliophile who spends evenings nestled in novels that transport her to distant lands. With every step, she dances through life's challenges, always finding beauty in unexpected places. Her creativity knows no bounds, weaving magic into everything she touches."
4077,"A spirited individual with an infectious laugh, they possess a keen eye for detail in all aspects of life. Known for their compassionate nature, they effortlessly bring out the best in those around them. An avid reader and art enthusiast, they find joy in exploring new cultures and ideas. Whether sharing stories or offering a listening ear, their warm presence is both uplifting and inspiring to everyone who meets them."
4484,"She thrives in bustling cityscapes where the vibrant energy fuels her creativity. With a passion for art and design, she transforms spaces with color and imagination. Her warmth draws people to her, creating connections that inspire mutual growth. As an avid traveler, each journey enriches her perspective and adds depth to her work. She values authenticity in all aspects of life, striving to leave a positive impact wherever she goes."
4085,"A passionate artist who finds joy in the simple moments of life, she often loses herself in vibrant colors on canvas capturing the essence of emotions with each stroke. Her laughter echoes through her home, a sanctuary where creativity and love intertwine seamlessly. With an ever curious mind, she explores new horizons whether it's learning to play a musical instrument or embarking on a spontaneous adventure. She believes in living life fully, embracing change and nurturing the bonds that mean everything to her."
4469,"I am an adventurous world traveler who finds joy in exploring new cultures and landscapes. With a zest for life, I capture memories through my lens and share tales that ignite curiosity. My spirit thrives on spontaneity as I embrace each day with enthusiasm and the courage to chase dreams. As a storyteller at heart, I weave experiences into narratives that inspire and connect."
4071,"A vibrant soul with an infectious zest for life, she dances through each day like a melody on the wind. Her laughter rings out as clear as a bell drawing people in like moths to light. With eyes that sparkle like jewels and a heart full of kindness, she crafts beauty from the mundane weaving magic into everyday moments. Whether painting dreams or planting seeds for tomorrow, her spirit shines with an indomitable warmth that lights up any room she enters."
4519,"A vibrant soul with an infectious laugh, I thrive on exploring new adventures and connecting deeply with people from all walks of life. My artistic spirit shines through my love for painting and storytelling while my curious nature leads me to delve into diverse cultures and philosophies. Compassionate and empathetic, I believe in the power of kindness and always strive to leave a positive impact wherever I go."
4463,Visionary travel vlogger crafting immersive experiences through captivating storytelling and stunning visuals inspiring wanderlust worldwide while fostering a community united by shared adventures and discoveries
7297,"A fiercely independent woman with an infectious zest for life, she thrives on spontaneity and creativity. Her vibrant laughter echoes in every room, inviting those around her to embrace the unexpected. With a penchant for vivid storytelling, she paints pictures with words that captivate audiences far and wide. A lover of nature's beauty, she finds solace in the whispering winds and rustling leaves where inspiration flows like a gentle stream. Her heart is as open as it is bold, always ready to welcome new adventures and genuine connections."
4511,"Sophia exudes a quiet confidence, her eyes sparkling with curiosity and subtle wit. She possesses a magnetic charm that draws people to her effortlessly. With an eclectic taste in fashion, mixing vintage finds with modern cuts, she crafts looks that are uniquely hers. Her laughter is infectious, often echoing through conversations filled with insightful anecdotes and thoughtful reflections. Sophia's strength lies in her resilience; she faces challenges head on with grace and determination, always emerging stronger and wiser."
4453,"As an enigmatic soul with a penchant for the arts, I thrive in the vibrancy of urban life. My days are filled with the rhythmic strumming of my guitar, each note echoing stories untold. I find solace in the pages of classic literature and lose myself in the kaleidoscope of city lights. With every sunset, I feel an overwhelming sense of wanderlust yearning for new horizons and the tales they carry. My laughter is a melody that resonates with those who know me well, inviting them into my world of endless creativity and boundless imagination."
4507,"An eloquent individual with a penchant for vibrant storytelling, she dances through life with infectious charm and curiosity. Her laughter is as rich as her imagination painting vivid pictures in the minds of those around her. A lover of art in all its forms from literature to painting, she finds beauty in the everyday transforming it into something extraordinary. With a spirit as free as the wind, she invites you on an adventure where every moment is a masterpiece waiting to be discovered."
4562,"Ella possesses an undeniable charm marked by her infectious laughter and a keen wit that lights up every room she enters. With a penchant for vintage fashion, she often adorns herself in bohemian skirts paired with delicate lace blouses always accessorizing with quirky brooches or scarves from far off lands. Her eyes sparkle with curiosity and kindness reflecting a soul that thrives on adventure and deep connections. When she speaks, her voice is melodic yet powerful capturing the essence of stories waiting to unfold whether through poetry or heartfelt conversation."
4851,"A creative soul with an insatiable curiosity for life's endless possibilities is always seen sketching whimsical dreams in a tattered journal by twilight. With eyes that sparkle like constellations above, they weave tales as intricate as lace, each word a tapestry of emotions. Their laughter is the melody that fills every room and their presence is like sunshine breaking through storm clouds. In their world, imagination knows no bounds, painting reality with vibrant hues of wonder and joy."
4552,"Evelyn exudes an effortless elegance that captivates everyone she meets. Her warm, infectious laughter echoes through rooms like a gentle breeze on a summer day. With her keen green eyes, she observes life's intricate details with a curious mind always eager to learn. Evelyn's style is timeless yet modern, favoring classic silhouettes paired with unexpected colors that perfectly reflect her vibrant personality. Her presence brings light and joy wherever she goes, much like the sun breaking through after a stormy day."
4530,As the original description was nan here's a new self made profile A spirited individual with an adventurous spirit I relish exploring both bustling cities and serene landscapes My laughter echoes in every room as I share stories over cups of coffee or while hiking under starlit skies With a heart for artistry I sketch life's fleeting moments on canvas or through words Balancing introspection with an infectious zest for life I seek connections that nurture both soul and intellect
4543,"A vibrant spirit with insatiable curiosity for life's many wonders With a heart that dances to the rhythm of adventure, this individual embraces every moment as an opportunity to learn and grow Their laughter is infectious and bright lights up any room they enter A true friend always ready to lend an ear or offer a comforting word In their eyes lies a kaleidoscope of dreams and aspirations painting the world with vibrant hues of imagination and hope"
4617,"Energetic and creative at heart, Jordan thrives in bustling environments where innovation meets adventure. Known for a contagious laugh and insightful conversations, they are an explorer by nature, always seeking out new challenges. Whether it's organizing community events or crafting stories that captivate audiences, Jordan brings warmth and enthusiasm to everything they do, inspiring those around them with their boundless optimism and zest for life."
7433,A visionary artist with an unyielding passion for capturing life's fleeting moments through vibrant abstract expressions Known for their bold use of color and innovative techniques they inspire others to see beauty in chaos Always eager to explore new horizons they seamlessly blend digital media with traditional forms creating immersive experiences that challenge perceptions Their work a testament to resilience and creativity continues to resonate across galleries worldwide
4636,"A vibrant soul with an infectious laugh, she thrives in the heart of bustling city streets finding inspiration amidst chaos. Her fingers dance over a canvas or keyboard creating stories that bridge realities. With eyes that sparkle like distant galaxies, she embraces every sunrise as a new adventure and cherishes deep conversations with friends under starlit skies. In her world dreams are not just fantasies; they're blueprints for tomorrow's wonders."
4615,I'm sorry there is no existing description to modify since it was provided as is. Let me know if you need help creating a new one
4302,"Energetic and imaginative, she thrives on creativity and adventure. Her vibrant spirit shines through in her storytelling and artistic endeavors captivating those around her with tales spun from her vivid imagination. A lover of nature and all things whimsical, she finds inspiration in the simplest moments whether it's a gentle breeze or a butterfly fluttering by. With an infectious laugh and boundless enthusiasm for life, she approaches each day as a new chapter waiting to be written, leaving a trail of joy wherever she goes."
4608,"A vibrant spirit known for her infectious laughter and radiant smile, she is a master storyteller whose eyes sparkle with mischief. Always ready to lend an ear or share advice, her warmth draws people in like moths to a flame. A lover of nature's beauty, she finds joy in simple pleasures - a walk through the woods or savoring a cup of tea by the window on a rainy day. Her resilience and positivity inspire those around her, making every moment shared with her unforgettable."
4573,"She is an avid adventurer with a love for exploring hidden corners of the world. Her vibrant personality shines through her creative storytelling whether she's crafting intricate tales or sharing vivid travel memories. A natural leader, she brings warmth and enthusiasm to any group, inspiring those around her to embrace life's unexpected journeys with open hearts and curious minds."
4583,"A passionate soul who finds solace in the whispers of nature is often seen with a sketchbook in hand capturing fleeting moments. With an infectious laugh and a knack for storytelling, this individual lights up every room they enter weaving tales that transport listeners to lands both near and far. Driven by curiosity, they are always on a quest to learn something new whether it's mastering the art of photography or diving into the rich history of their favorite novels. Their empathy and kindness touch everyone around them making them a cherished friend and confidant."
4622,"Evelyn exudes an air of timeless elegance with her captivating smile that tells stories of a thousand adventures. Her deep thoughtful eyes are windows to a soul full of creativity and warmth. With each graceful movement she brings life to any room. Evelyn's laughter, both melodious and infectious, fills spaces with light while her gentle wisdom offers comfort and guidance. She is truly someone you wish never to leave your side, inspiring those around her with her genuine kindness and vibrant spirit."
4376,"She is an adventurous spirit with a zest for life that knows no bounds. Her laughter resonates like music in the air inviting everyone around to share in her joy. She thrives on exploring new horizons whether it's through books, travel or diving into a project with zeal and curiosity. With a heart full of dreams she approaches each day as an opportunity to learn and grow leaving traces of inspiration wherever she goes"
4605,"A vibrant soul with an infectious laugh, she thrives on adventure and creativity. Her eyes sparkle with curiosity as she navigates life's colorful tapestry constantly seeking new experiences. Passionate about art, she effortlessly weaves beauty into everyday moments. Friends describe her as a beacon of positivity drawing people in with her genuine warmth and empathy. She dances through challenges with grace inspiring those around her to embrace the journey with open hearts."
4693,"Ella's warmth radiates like the sun on a crisp autumn morning. With her infectious laugh, she lights up any room with an aura of joy and kindness. Her eyes sparkle with curiosity and wisdom, always eager to explore new ideas while offering heartfelt guidance. She embraces life with grace and humor, embodied resilience in every step. In friendships, she is the anchor in conversations, a muse; her presence is both comforting and inspiring."
106,A vibrant soul with a passion for culture always exploring new horizons A connoisseur of culinary delights and eclectic music that sets their spirit free They cherish deep psychological insights and nurturing relationships with their children creating unforgettable memories together Let me know if you need further adjustments
4660,"Ella possesses an enigmatic charm that effortlessly draws people in with her vibrant laughter and twinkling eyes reminiscent of a morning sky kissed by sunlight. Her passion for life is infectious, reflected in her adventurous spirit and love for exploring new horizons both literally and metaphorically. With each stride she carries a poetic grace weaving tales of resilience and hope that inspire those around her to embrace the beauty of every moment."
4651,"A charismatic individual who thrives in social settings, always ready with a charming smile and an insightful comment. Passionate about art and culture, they find beauty in everyday moments and express themselves through vibrant storytelling. Known for their adventurous spirit, they are constantly exploring new horizons whether it's traveling to exotic locations or diving into the pages of a compelling novel. Their warmth and enthusiasm effortlessly draw people towards them, creating lasting connections wherever they go."
4643,"A vibrant soul with an infectious laugh, she dances through life with a zest for adventure. Her eyes sparkle with curiosity, always eager to explore new horizons. Compassionate and kind-hearted, she inspires those around her with unwavering positivity. In moments of silence, her mind is a tapestry woven with stories waiting to be told. She finds beauty in the mundane and joy in the simple things - a true artist at heart."
15241,"Intriguingly eclectic and ever curious, Jordan exudes a blend of sophistication and whimsy with their unique fashion sense that combines vintage pieces with modern twists. Always seen with an adventurous gleam in their eye, they thrive on exploring uncharted territories whether it's the cobblestone streets of ancient cities or the untold stories hidden within classic literature. With a warm and inviting aura, Jordan captivates those around them through animated conversations filled with laughter and insightful anecdotes from their latest escapades."
424,"A vibrant soul with an unyielding passion for adventure and creativity. She thrives in spontaneity, her laughter contagious like a melody carried by the wind. With eyes that sparkle like stars on a clear night, she crafts beauty from chaos painting dreams onto reality's canvas. Her spirit dances freely inspiring those around her to embrace life with an open heart and boundless imagination"
15247,"A compassionate soul deeply connected with nature, often seen wandering through lush forests or serene beaches. With a penchant for art, they express themselves through vibrant paintings that capture life's fleeting moments. Friends describe them as intuitive and thoughtful, always offering a listening ear or warm embrace. Their laughter is infectious, filling rooms with joy and light. Passionate about environmental conservation, they volunteer at local shelters and organize community clean-ups. Despite their many talents, they remain humble, constantly seeking to learn and grow."
4659,"She is an adventurous woman with restless spirit always seeking to explore new horizons with passion and intrigue. Her insatiable curiosity leads her to immerse herself in diverse cultures, learning languages as if they were musical notes that compose a symphony. She loves painting vibrant landscapes and capturing fleeting moments with her camera. Despite being meticulous and organized, her free spirit pushes her to enjoy every moment savoring the taste of the unexpected."
7374,"Evelyn is an engaging storyteller with an infectious laugh that lights up any room she enters. Her passion for vintage books is matched only by her love for painting landscapes, where every brushstroke captures the essence of her vivid imagination. On weekends you'll find her hiking through serene trails, always returning with stories and sketches inspired by nature's beauty. With a heart as warm as her spirit is adventurous, Evelyn thrives in the simple joys of life, inviting everyone to join her journey of discovery."
4933,"I'm sorry, but there isn't enough information to create a new description because the original one is missing or undefined. Could you provide some details about the person's characteristics or style that you would like me to emulate?"
1046,"As an AI, I recognize that you have requested a new description for someone when there isn't any existing one provided denoted by nan. Therefore, I will create a fresh description. Eloise is a beacon of creativity and warmth; her presence as invigorating as the first breath of spring. With a wit sharp enough to slice through any tension and a kindness that envelops everyone she meets like a comforting embrace, she navigates life's complexities with grace and an unwavering optimism. Her laughter is contagious spreading joy wherever it lands and her insights are both profound and delightfully unexpected. In every endeavor, Eloise brings not just skill but passion making the ordinary feel extraordinary through her unique lens."
4939,"As an accomplished pianist, she weaves stories with her melodies transporting listeners to a world where each note speaks a language of emotion. Her performances are a testament to years spent mastering harmony and rhythm allowing her to connect deeply with audiences worldwide Offstage she is known for her keen intellect and vibrant spirit often found engaging in lively debates or exploring the art scene. Her charisma and passion for music make every encounter unforgettable."
702,"She is a life teacher with an infectious smile and a heart full of compassion. Her passion for gardening reflects her love for personal growth and natural beauty, while her skill in cooking exotic dishes shows her insatiable curiosity about the world. She deeply values genuine relationships and is always ready to inspire others with stories full of wisdom and adventure"
4960,"A vibrant soul with an infectious laugh always seen with a sketchbook in hand or headphones on her ears lost in music that fuels her boundless creativity. Her stories unfold with the vividness of her dreams each one more enchanting than the last. With eyes full of curiosity and warmth, she lights up any room with her presence weaving magic into every conversation like an artist adds color to a canvas."
4897,"A vibrant soul with an infectious laugh, she thrives on adventure and creativity. With a keen eye for detail and a passion for storytelling, she paints vivid pictures with her words. Whether weaving tales by the fireside or crafting art in her studio, she finds joy in sharing her unique perspective with the world. Always curious, she embraces new experiences with open arms, seeking beauty in the everyday. Her warmth and genuine nature make her an inspiring friend to many."
4893,"Energetic and creative Alex channels boundless enthusiasm into every endeavor. With a keen eye for detail and an ever curious mind, they thrive on learning and exploration whether it's through art or innovative projects. Alex's vibrant personality lights up any room, bringing warmth and inspiration to everyone around them. They approach life with a playful spirit and a zest that encourages others to embrace new experiences with open hearts."
4705,"A vibrant individual with an infectious laugh and a passion for adventure. Always seen in colorful attire, they possess an innate ability to bring joy wherever they go. Their curiosity knows no bounds as they delve into new experiences and cultures with enthusiasm. With a heart full of compassion, they are known for their generosity and dedication to helping others, making them both beloved and inspiring to those around them."
4872,"She is an effervescent soul with a penchant for adventure and spontaneity. Her laughter is infectious, often drawing others into her orbit of joy and curiosity. Whether exploring new cities or immersing herself in art, she thrives on discovery and connection. Known for her creative flair and boundless optimism, she lights up any room, inspiring those around her to embrace life's endless possibilities."
4946,"She is an artist at heart with a passion for exploring vibrant landscapes through her paintings. With every brushstroke she brings to life the subtle nuances of nature's palette. Her creativity knows no bounds as she experiments with textures and colors capturing moments that speak to the soul. She thrives in environments filled with inspiration and finds joy in sharing her work with others, always eager for new artistic challenges."
4962,"A spirited soul with an infectious laugh, Alex navigates life's adventures like a seasoned explorer. Always eager to learn, they find joy in the tiny intricacies that others might overlook. With a knack for storytelling, Alex can weave tales that captivate and inspire. Their empathetic nature makes them a cherished friend, always there to lend an ear or offer guidance. Whether tackling challenges with resilience or celebrating triumphs with gusto, Alex approaches life with courage and grace, leaving a trail of positivity wherever they go."
4937,"As an AI when I encounter nan or similar placeholders indicating a lack of information, I cannot generate content from non-existent data. Therefore in this case, I will not create a new description because the original one does not exist. If you provide more details or context about the person, I would be happy to help craft a description for them."
5013,"Hello, I'm Alex and my passions lie in music and travel. Excited to explore new beats and destinations together. Let's jam out on our next adventure. Note This description maintains the friendly and enthusiastic tone of the original."
4975,"As an AI language model, I am unable to create a new personality profile from ""nan"" as it implies no existing data to modify. If you have an actual description that you would like rewritten, please do not hesitate to provide it."
1577,"Samantha exudes confidence with her charismatic smile and sharp wit captivating everyone in the room. Her passion for art shines through her expressive eyes and thoughtful conversations. Energetic and adventurous, she enjoys exploring new places often with an impromptu road trip or a spontaneous hike. Known for her empathy and kindness, Samantha is always there to lend a listening ear or offer support making those around her feel cherished and understood."
3296,"Hello there, I am a year old travel vlogger who loves exploring hidden gems around the world sharing breathtaking sights and local culinary adventures with my audience. My passion lies in cultural immersion where each video captures the essence of unique destinations and vibrant traditions. Join me as I embark on journeys that inspire wanderlust and showcase the beauty of our diverse planet."
1791,"Hello It’s nice to get to know you. I work as a creative writer and have an aversion to books that I would like to share with the world. In my free time, you can usually find me looking for the next reading pleasure either in the library or online where I share new discoveries with my followers. I love finding unique stories and sharing them because I believe every page is a new adventure"
4976,"As an AI I understand that you are asking for a new creation since the original input was nan. Here is a freshly crafted description. A spirited individual with a penchant for adventure, she finds joy in discovering hidden gems around every corner. Her laughter dances like sunlight through leaves and her curiosity knows no bounds. An artist at heart, she sketches life's fleeting moments on the canvas of her mind. With each day she weaves stories from dreams embracing the vibrant tapestry of existence with open arms and a kindred spirit."
5004,"A warm-hearted soul who thrives in nature's embrace, finding peace in a morning hike or tending to her vibrant garden. Her laughter is infectious, spreading joy as effortlessly as she crafts homemade meals for friends and family. Passionate about storytelling whether through words on a page or tales shared over coffee, she cherishes life's simple pleasures and the connections they forge"
4996,"Crafted with elegance and precision, she exudes a quiet confidence that speaks volumes. Her eyes sparkle with curiosity, always seeking new horizons to explore. She possesses an unshakeable grace moving through life like a gentle breeze that touches everything it encounters. With a heart full of kindness, her laughter is infectious, brightening any room. She navigates the world with a blend of intellect and intuition, always thoughtful yet never taking herself too seriously."
4973,Passionate travel vlogger exploring hidden gems around the world Documenting unique cultures breathtaking landscapes and local cuisine with a focus on sustainability Captivating audiences through storytelling and stunning visuals while inspiring wanderlust and mindful adventures Believes in forging genuine connections and promoting eco friendly practices globally
4425,Social media strategist for Chanel Couture Anastasia Beverly Hills Dior Parfums Prada Accessories Based in Barcelona Valencia Passionate about digital marketing vintage fashion and culinary arts years old
5012,"She is an adventurer at heart with eyes that sparkle like the northern lights. Always on the hunt for her next thrilling escapade, she weaves through life with the grace of a dancer and wit sharp enough to cut glass. Her laughter fills rooms leaving trails of warmth wherever she goes. With a spirit as free as the wind and a soul deeply connected to nature, she finds joy in simplicity and beauty in the everyday."
2951,"I am a music enthusiast who thrives on collaboration. Besides creating playlists that resonate with my vibe, I enjoy teaming up with artists and brands to craft unforgettable experiences. My passion for melodies blends seamlessly with a flair for innovative partnerships. Whether curating soundtracks or exploring new musical landscapes, I love connecting creativity with community vibes."
14375,"She is an adventurous spirit with insatiable curiosity for life's hidden treasures. Armed with a contagious laugh and an eye for beauty, she navigates the world with grace and resilience. An avid reader and storyteller, she finds joy in weaving tales that inspire others to dream big. Her warmth and genuine kindness make her presence felt wherever she goes, leaving a trail of positivity and encouragement in her wake."
5035,"Hi, my name is Sterre and on my TikTok channel I share new makeup tutorials every Wednesday. Additionally, you’ll find lots of travel vlogs and DIY home decor tips from me."
4764,"Hello, I am an adventurous spirit from Amsterdam with a passion for art photography, travel, gourmet cooking and exploring unique accommodations. I love sharing my experiences with vibrant visuals and heartfelt stories. Note This maintains the enthusiastic and creative tone of the original description"
19008,"She is an adventurous spirit with eyes that sparkle like stars after a rainstorm. Her laughter is infectious, often echoing through lively gatherings where stories and jokes are shared freely. With her artistic flair she loves painting vibrant landscapes capturing the beauty of nature in bold strokes. Whether exploring new trails or experimenting with exotic recipes, she thrives on curiosity and embraces life's unpredictable journey with open arms and a heart full of wonder."
5038,Hi I m Marielle a year old foodie exploring the world one dish at a time Sharing my latest culinary adventures recipes and restaurant finds Join me on this delicious journey of flavors and culture FoodieLife CulinaryExplorer
5081,"Eleanor has an unparalleled zest for life that radiates with every step she takes. Her laughter is a melodious symphony echoing through rooms drawing people to her magnetic presence. A lover of art in all its forms, Eleanor can spend hours lost in a gallery finding beauty and stories within each brushstroke. By night, her garden becomes her sanctuary where moonlit whispers reveal secrets only the stars know. With a heart as open as the ocean and a spirit that dances with the wind, she lives fully passionately leaving trails of inspiration wherever she goes."
7411,"Sophie is an enigmatic soul with a penchant for artistry and adventure. Her laughter, as spontaneous as it is infectious, brightens any room. With a keen eye for detail and an unending curiosity about the world, she thrives on exploring new places and ideas. Sophie's love for literature often finds its way into her conversations, weaving tales that leave listeners both captivated and inspired. Beneath her vibrant exterior lies a thoughtful spirit, always pondering life's intricacies with a gentle smile."
5110,"A creative soul with insatiable curiosity for life's mysteries, I often find myself lost in a world of vivid imagination and boundless ideas. My days are filled with exploring new adventures whether through art or travel always seeking that spark of inspiration. With a passion for storytelling, I weave tales that captivate the heart and ignite the mind. Embracing both chaos and order, I am an eternal student of life driven by a relentless desire to learn and grow."
5067,"A vibrant individual with an infectious zest for life, they navigate the world with curiosity and charm. Their laughter is a melody that brightens any room and resonates deeply within those who hear it. Passionate about exploring new cultures, they find joy in discovering hidden gems around every corner. With empathy at their core, they are always ready to lend an ear or a helping hand, making connections effortlessly. Their presence is both comforting and inspiring, leaving lasting impressions on all they meet."
5054,"Energetic and curious by nature, Jordan thrives in environments that challenge her intellect and creativity. With a passion for sustainability, she often volunteers at local community gardens advocating for eco-friendly practices. Outside of work as an architect, she finds joy in painting abstract landscapes capturing the vibrant essence of nature on canvas. A lover of jazz music, she attends live performances whenever possible, letting the melodies guide her into deep thought. Jordan cherishes long conversations over coffee with friends, valuing genuine connections above all else."
5076,"Intriguingly, I am someone who thrives on adventure and discovery. My soul dances with curiosity leading me through vibrant landscapes both physical and intellectual. From mountain peaks to the depths of literature, I find beauty in exploration. Each day is a canvas for creativity and learning painted with bold strokes of passion and empathy. Relationships are my haven offering warmth and understanding as I navigate this colorful journey called life."
2749,"A passionate culinary artist with an insatiable curiosity for flavors from around the globe, I revel in experimenting within my kitchen laboratory to create dishes that tell stories. My love affair with ingredients and techniques fuels endless creativity leading me down a delightful path where each meal becomes a journey of discovery. In every bite, I aim to encapsulate emotion and tradition sharing joy one plate at a time."
5116,"A fiercely independent spirit with an infectious laugh that lights up any room she enters. She is a creative powerhouse often found painting vibrant landscapes or weaving intricate stories from her vivid imagination. Her courage and empathy shine through in everything she does as she champions causes close to her heart. With a passion for adventure, she's always ready to explore new horizons whether it's hiking untouched trails or diving into the pages of an old mystery novel."
5071,"With an unquenchable curiosity, she is always on the quest for new experiences. Her eyes sparkle like stars in the night sky and her laughter rings melodious and genuine. Whether navigating the intricacies of human connections or immersing herself in nature's wonders, her passion is infectious. A lover of art and adventure, she crafts beauty from chaos drawing inspiration from life's unexpected twists. Her warmth invites others into her world making every encounter a cherished memory."
5085,"Crafting a unique personality with charm and grace, they exude confidence while embracing vulnerability. A lover of art and adventure, their curiosity drives them to explore both distant lands and inner landscapes. They possess an infectious laugh that lights up any room and a thoughtful nature that nurtures those around them. Balancing strength and sensitivity, they inspire others with resilience and compassion. In their world kindness is the guiding star."
5074,Innovative visual storyteller and passionate environmental advocate weaving compelling narratives through film and art installations Dedicated to sustainability transforming discarded materials into thought provoking pieces that challenge perceptions about nature and humanity s footprint A lover of ancient cultures often integrating traditional motifs with modern themes to inspire dialogue on conservation When not immersed in creative projects enjoys exploring hidden trails and capturing the world s beauty through a lens always seeking harmony between art and nature
5086,"A vibrant soul with an infectious laugh that lights up any room she walks into Passionate about painting, she captures life's fleeting moments on canvas with bold strokes and vivid colors Always eager to learn, her insatiable curiosity leads her down countless paths of discovery She thrives in nature finding peace by the riverside or under a starlit sky With a heart as generous as her spirit is adventurous she touches lives with kindness and leaves trails of joy wherever she goes"
4779,"A spirited artist with a flair for capturing life's vibrant colors in her paintings, she often finds herself lost in the melodies of classical music that fill her quaint studio. Her laughter is infectious and her adventurous spirit leads her on whimsical journeys around the world seeking new inspirations. Each day is a canvas waiting to be painted filled with endless possibilities and boundless creativity."
5121,A year old eco conscious foodie passionate about sustainable living and exploring global cuisines She loves experimenting with organic recipes while advocating for environmental causes When not cooking up a storm or sharing her green lifestyle tips online she s often found hiking in nature or attending local farmers markets to discover the freshest ingredients With a knack for storytelling through food photography she inspires others to embrace eco friendly choices without sacrificing flavor
6891,"A charismatic presence with an infectious laugh that lights up any room Known for their adventurous spirit, they love exploring new cultures and cuisines Their eyes sparkle with curiosity and kindness making friends wherever they go Whether discussing literature or hiking through mountain trails, their passion and enthusiasm are contagious With a heart full of empathy, they strive to make a positive impact in every interaction"
127,"A passionate baker specializing in artisanal sourdoughs, I have been delighting locals in Utrecht with my creations for three years. My cozy corner bakery offers a blend of traditional Dutch flavors and innovative twists creating a warm community hub where everyone is welcome to enjoy a fresh loaf or indulge in homemade pastries. With each batch, I aim to bring a taste of comfort and joy to every customer's day."
5102,"Sophia is a vibrant artist with an infectious laugh that brightens every room she enters. Her creativity knows no bounds, often seen sketching in cafes or painting murals in unexpected places. A lover of poetry and music, Sophia finds inspiration in the world's chaos, transforming it into beautiful works of art. Always wearing her signature scarlet scarf, she navigates life with a fearless curiosity and an unwavering kindness that touches everyone around her."
14838,"A vibrant soul with an infectious laugh, she weaves magic through storytelling that transports listeners to far off lands. Her eyes a kaleidoscope of curiosity reflect her zest for life's adventures. Whether painting with words or dancing under the stars, she thrives in moments of creativity and connection. A heart full of empathy guides her interactions, making every encounter meaningful. With an unwavering belief in kindness, she inspires those around her to embrace their authentic selves and cherish the beauty in every day."
5105,Energetic and adventurous Alex thrives in lively social settings With a quick wit and an infectious laugh they light up any room they enter Always ready to explore new ideas or embark on spontaneous adventures Alex has a curious mind that never rests Whether leading a team project with enthusiasm or planning a weekend getaway their positive energy is both inspiring and contagious
5178,"Ella dances through life with a grace that captivates those around her. Her laughter like melodious chimes echoes joyously in every room she enters. A voracious reader and lover of art, she finds beauty in the smallest details always seeing the world through rose tinted glasses. Beneath her gentle exterior lies a fierce determination to make her mark on the world inspiring others with her optimism and unwavering kindness."
1494,Year old explorer of art culture and culinary wonders Enjoys curating playlists for eclectic dinner parties and discovering hidden gems in every city' s alleyways Passionate about sustainable fashion with a penchant for vintage finds and eco friendly brands Spends weekends at local markets or lost in the pages of a captivating novel Always on the lookout for new coffee spots to fuel creative endeavors Believes in making memories one spontaneous adventure at a time
5168,"Elegant in simplicity, with an air of quiet confidence, she carries herself through life's ebb and flow like a leaf on a gentle breeze. Her laughter is a melody that lights up even the dullest moments, speaking of warmth that invites others to share in her joy. With eyes reflecting tales of dreams woven from stars, she moves with purpose yet pauses often enough to savor the beauty in life's fleeting details."
5139,"A visionary leader with insatiable curiosity for innovation, they exude magnetic charisma that inspires teams to push boundaries. Known for their thoughtful insights and unwavering integrity, they balance strength with empathy making them both respected and beloved in every endeavor. Passionate about sustainable change, they weave creativity into solutions always seeking harmony between progress and purpose. Their presence is like a beacon of hope guiding others toward brighter futures while maintaining an authentic connection to their roots."
5177,"Crafted with an air of elegance and grace, she embodies a blend of confidence and humility that draws people in effortlessly. Her wit sparkles like sunlight on water leaving laughter in her wake as she navigates life's complexities with ease. Always seen sporting vibrant colors that mirror her lively spirit, she possesses a keen intellect matched only by her compassionate heart. In conversations, she listens intently offering insights wrapped in kindness making every interaction memorable and cherished."
5181,"Hi, I'm Sofia, a creative soul with a passion for painting, music and literature. Living in Lisbon, I enjoy exploring new cultures through art and dance. Always eager to meet fellow enthusiasts, let's stay connected."
5137,"She is an adventurous spirit with a heart for exploration and creativity. Her vibrant energy is infectious, drawing people in like moths to a flame. With her quick wit and warm smile she lights up every room. Whether painting abstract masterpieces or diving into new cultures, she embraces the world with open arms and insatiable curiosity. She believes life is an endless adventure, one filled with laughter, learning, and love along the way."
631,"I am a passionate technology enthusiast with the goal of designing the perfect truck model. You can follow me on platforms such as Instagram, TikTok and YouTube under the username TruckTechLars"
14816,"An eager adventurer with an insatiable curiosity for life's hidden wonders. A true storyteller weaving narratives that captivate and inspire. With a heart full of compassion and kindness, she lights up every room she enters. Her laughter echoes like music, bringing joy to those around her. She navigates the world with grace and determination, constantly seeking new horizons while cherishing deep connections with loved ones."
7435,"A dynamic individual who radiates creativity and passion in everything they do With contagious energy, they inspire others with their innovative ideas and unwavering determination to make a difference Their empathy and understanding nature make them an incredible listener always offering support and encouragement This charismatic person loves embarking on new adventures constantly seeking growth and learning from every experience Whether leading a team or pursuing personal projects their dedication is unmatched leaving a lasting impact wherever they go"
5098,"A visionary leader with an infectious charisma, she effortlessly inspires those around her with her boundless optimism and keen intellect. With a penchant for innovation and a knack for turning challenges into opportunities, she navigates life's complexities with grace and determination. Her warm smile and genuine heart make her beloved by all who know her as she continuously seeks to leave a positive impact in every endeavor."
5148,"She possesses an infectious enthusiasm that lights up every room she enters. With a mind sharp as a tack, she effortlessly navigates through complex ideas with wit and ease. Her adventurous spirit leads her on unexpected journeys both literal and metaphorical. A lover of art in all its forms, she finds beauty in the everyday and expresses herself through vibrant creativity. Beneath her confident exterior lies a heart brimming with kindness and an endless well of empathy for those around her."
5150,"As an artist at heart, Alex has always found beauty in the simplest things - a sunset's hues, a melody carried by the wind or a candid smile captured in passing. Balancing a career as a graphic designer with a passion for painting landscapes and abstract forms, they weave creativity into every facet of life. On weekends one might find them hiking through lush trails, sketchbook in hand, seeking inspiration from nature's palette. Alex believes that art isn't just about expression but connection between people, ideas and the world around us."
5154,"Elena thrives in vibrant gardens where her hands nurture every budding flower with gentle care. Her laughter dances on the breeze like sunlight through leaves captivating those lucky enough to hear it. Known for her heartfelt advice and wisdom, she gathers friends around her kitchen table offering warmth and homemade treats. Elena's spirit is a tapestry of kindness woven from threads of patience and joy making her beloved in every corner she touches."
5216,"Energetic and adventurous, this spirited individual thrives on exploring new horizons with boundless curiosity. A true extrovert, they light up any room with infectious laughter and a zest for life that is impossible to ignore. Always eager to connect, they build bridges of friendship wherever they go, embracing diverse cultures and experiences with open arms. With a heart as vast as their ambitions, they are constantly seeking ways to make the world a brighter place one joyful encounter at a time."
417,"A gentle soul with an infectious laugh, she finds beauty in life's little moments. Her nurturing nature makes her a cherished friend and confidante. Always ready to lend an ear or offer wise advice, she blends warmth with wisdom effortlessly. Her style combines classic elegance with modern flair, reflecting her unique personality. A lover of literature and art, she seeks inspiration in the world around her, embracing each day with grace and optimism."
7446,"She has an infectious laugh that brightens up every room she enters, bringing warmth even to the coldest spaces. Her vibrant curiosity leads her on adventures through books and places alike, always eager to learn something new. With a heart as generous as her smile, she makes time for friends and strangers alike, offering kindness in every interaction. Her passion for art is evident in everything she does, from the way she decorates her space with eclectic finds to her creative flair in problem solving. Always wearing layers of colorful scarves, she embraces change as much as life's little surprises."
7087,"She's an enigmatic force in any room she enters, charming yet mysterious with a smile that hints at untold stories. Her eyes sparkle with curiosity and intelligence, always observing, absorbing every detail around her. Fluent in several languages, her laughter resonates like music drawing people to her warmth and wit. Though poised and graceful, there's an undeniable streak of spontaneity that keeps everyone guessing what she'll do next. She is a blend of strength and gentleness with a heart fiercely loyal to those she loves."
1000,"Alex is a vibrant soul with an insatiable curiosity for life's intricacies. Their laughter lights up rooms, and their eyes sparkle with untold stories. A lover of art and music, they effortlessly blend creativity with compassion in everything they do. With a heart that beats to the rhythm of adventure, Alex finds beauty in every corner of the world, always seeking connections and leaving trails of inspiration wherever they go."
5190,Crafting a unique persona with elegance and grace A visionary storyteller whose words dance like light across water weaving tales that echo the human spirit s resilience and beauty With a heart both tender and fierce she navigates life s tapestry with wisdom gleaned from worlds beyond our own Her laughter is a melody that inspires courage while her gaze holds depths of unspoken dreams She stands as a beacon for those lost in shadows guiding them towards dawn with gentle strength and boundless creativity
5199,"She loves to get lost in mystery books and often spends whole afternoons exploring ancient manuscripts under the soft light of sun filtering through the fogged windows of her study. Her inquisitive mind never stops at the ordinary, always searching for the hidden essence behind every story. In her free time she likes to take long walks in the park observing details that many overlook and thinking deeply about stories that arise around her. She finds beauty even in simplicity capturing it with her delicate colored pencil while drawing scenes of her imagination on yellowed notebooks"
2966,A culinary enthusiast from Le Cordon Bleu Paris passionately experimenting with flavors and crafting innovative dishes Always eager to blend tradition with creativity in the kitchen this chef loves sharing their gastronomic discoveries through vibrant food blogging Constantly seeking new inspirations from global cuisines they delight in hosting intimate dinner gatherings that showcase their unique culinary flair
2554,"Hey everyone, After years of traveling across Europe and exploring diverse culinary scenes I decided to start sharing my gastronomic journey online. Join me as we explore flavors and cultures from around the globe one delicious dish at a time. Let's connect and create a vibrant community of food lovers together."
14818,"Born in the heart of Paris, this individual's life has been a symphony of artistry and creativity. From mastering the delicate strokes of a paintbrush to crafting stories that dance across pages like leaves on an autumn breeze, their world is rich with imagination. With laughter echoing through sunlit studios and quiet moments spent pondering over poetry by candlelight, they weave beauty into every aspect of life. Their spirit is as vibrant as a summer sunset, inspiring those around them to see the world in vivid color."
14820,"She is an enigmatic blend of strength and elegance, with a voice that commands attention while carrying a melody that soothes like a gentle breeze. Her laughter echoes with genuine warmth, lighting up any room she enters. With eyes that reflect a tapestry of stories untold, she navigates the world with grace and determination. Her passion is contagious, igniting inspiration in those around her as she weaves creativity into every endeavor with the finesse of an artist."
5186,"Sophia is a vibrant soul with an infectious zest for life that lights up every room she enters. Her laughter, both rich and melodious, echoes like music in the air drawing people towards her warmth. An artist at heart, Sophia's passion for painting captures moments of beauty with strokes as bold and spirited as her personality. Whether lost in a book or planning her next adventure, she thrives on creativity and exploration, always seeking to learn and grow. Her friends describe her not just as a companion but as an inspiration; her presence is a vivid splash of color in the tapestry of their lives."
5191,"She is an adventurer at heart, with a zest for life that knows no bounds. Her laughter is infectious, lighting up any room she enters. With a passion for travel, she loves discovering new cultures and cuisines, always eager to learn and share stories along the way. In her free time, she finds peace in painting, capturing the beauty of nature on canvas with vibrant colors. Driven by curiosity, she constantly seeks out challenges, turning them into opportunities for growth and self-discovery."
5201,"Instagram is my canvas, it inspires me to new life"
5206,"She is an adventurous woman with a compassionate heart always ready to embark on any journey that promises new discoveries. Her contagious laugh reflects her unbreakable optimism and her eyes shine with curiosity about life. In every encounter she leaves a lasting impression thanks to her genuine kindness and the enthusiasm with which she embraces each challenge, turning obstacles into opportunities for growth and learning"
7436,"Sophia exudes an aura of quiet confidence and grace. With a penchant for vintage fashion, she often sports elegant dresses paired with timeless accessories. Her laughter is melodic drawing people in effortlessly. Passionate about literature and art, Sophia spends her weekends exploring local galleries or lost in the pages of a captivating novel. She's known for her thoughtful conversations and empathetic nature, always ready to lend an ear or offer wisdom. Despite her serene exterior, she thrives on adventure and new experiences."
390,"I write engaging blogs about healthy eating, sustainable lifestyles and self-care with a playful touch. Each post reflects my unique style. I am one year old and live in Bussum. Besides blogging, I have found a place within a green business coalition"
5245,"An energetic individual with an infectious smile, always seen holding a sketchbook capturing moments through art. Passionate about sustainable living, they cultivate a rooftop garden and are often found at local farmers markets. Known for their lively storytelling, they bring people together with tales of travel and adventure. A lover of jazz music, they occasionally play the saxophone under the moonlight. Their boundless curiosity leads them to explore new cuisines, languages, and cultures."
5235,"A seasoned photographer capturing urban landscapes across London with a keen eye for detail that brings the city's vibrant life to their followers Known for their storytelling through breathtaking visuals on social media platforms, they seamlessly blend culture and artistry Their work often features hidden gems of the city evoking a sense of wonder and curiosity in those who view it"
5230,"Hello, my name is Elara Jansen. I am a passionate 19-year-old culinary arts student from Rotterdam in the Netherlands. I love creating cooking and travel vlogs for my Instagram page elarajansencooks."
5262,"Eagerly embracing life with boundless energy, she's an artist at heart painting her days with vibrant strokes of adventure and creativity. Her laughter echoes in any room a contagious melody that draws people near. A passionate reader, she often gets lost in fantastical worlds while also being grounded by her love for nature and the environment. Her warmth is inviting making every new encounter feel like reuniting with an old friend."
5254,"She radiates an infectious warmth with her quick wit and boundless energy. Her laughter echoes like a melody drawing people into her vibrant world. With eyes that sparkle with mischief and a heart full of dreams, she effortlessly turns every moment into an adventure. A painter at heart, she captures life's fleeting beauty in bold strokes infusing color into the mundane. Her spirit is as free as the wind always seeking new horizons yet grounded by her deep rooted kindness and unwavering loyalty to those she holds dear."
14827,"She is an adventurous and curious soul always willing to explore new ideas and horizons. With a deep love for nature and travel, her free spirit reflects in every step she takes. An art lover and profound conversations, she enjoys connecting with people from all over the world. Her contagious smile and unbreakable optimism inspire those who are lucky enough to cross her path."
5238,A connoisseur of hidden gems and vibrant scenes exploring uncharted territories both near and far with a special fondness for Paris. Through my Instagram stories I offer glimpses into the art and culture of this enchanting city capturing its essence one moment at a time
5260,"Eleanor is the epitome of grace and resilience, her laughter a melody that brightens even the dimmest rooms. She carries herself with quiet confidence, always ready to lend an ear or a helping hand. Her passion for art and culture shines through in her eclectic taste and thoughtful conversations. Eleanor navigates life with curiosity, embracing every challenge as an opportunity to learn and grow. In her presence one feels both comforted and inspired to pursue their own dreams."
5246,Passionate about sharing the art of mindfulness embracing every moment with grace Always exploring new horizons eager to inspire others through authentic expression and creative exploration Finding joy in the little things while connecting deeply with my audience Crafting narratives that celebrate life s beauty all with a heart full of warmth and curiosity
5268,"A vibrant soul with an insatiable curiosity for life's mysteries, she dances through the world with a graceful blend of spontaneity and poise. Her laughter rings like music in the air inviting others into her kaleidoscope of adventures. With eyes that sparkle with wisdom and warmth, she crafts each day as a canvas painting moments of joy with bold strokes. She is both a gentle confidant and a fearless explorer always embracing change with open arms."
5419,"An art enthusiast with an eye for color and texture, this vibrant soul often finds themselves lost in the brushstrokes of a new painting or the melody of a classical symphony. With an adventurous spirit they spend weekends exploring local galleries or hiking through lush landscapes always ready to capture life's fleeting beauty on their trusty camera. Their laughter is contagious, lighting up any room with its warmth and authenticity. Embracing change as readily as a new season they approach each day with curiosity and grace."
5412,"Let us weave stories with our imagination crafting tales that spark wonder and joy in the hearts of those who hear them. Through words and creativity, we will explore new worlds and share adventures that inspire dreams beyond reality. Join me on this enchanting journey where every moment becomes a cherished memory filled with laughter and inspiration."
5338,"She's an enchanting storyteller with eyes that sparkle like stars as she weaves tales both vivid and profound. Her laughter is a melody that dances through crowded rooms, leaving everyone feeling lighter. A lover of all things creative, her hands are often stained with paint or ink, crafting worlds from the mundane to the magical. She finds beauty in nature's quiet moments and is forever seeking new horizons both real and imagined to explore. Her warmth draws people in, creating a circle of friends who treasure her presence like a rare gem."
5318,"An enthusiastic storyteller with an infectious laugh, she captivates audiences with her vivid imagination. Known for her eclectic style that blends vintage charm with modern flair, she is always seen with a sketchbook in hand, capturing fleeting moments or weaving fantastical tales. Her warmth and kindness shine through her thoughtful gestures, making every interaction feel like stepping into one of her colorful stories. A lover of nature's symphony, she often escapes to the woods finding inspiration among the whispering trees and singing streams."
5428,"As an artist with a flair for creativity, I thrive on bringing vibrant ideas to life through collaboration. My passion lies in transforming abstract concepts into tangible masterpieces that resonate emotionally. With a heart full of empathy and a mind brimming with innovation, I find joy in exploring new artistic avenues alongside like-minded individuals. Together we weave stories through color and texture, crafting experiences that connect deeply with audiences."
5326,"Born in the heart of the city's bustling streets, Alex carries a rhythm that dances with every step. With eyes as curious as ever, they weave stories from the threads of everyday life, painting pictures with words that captivate and inspire. Known for an infectious laugh that echoes through any room, Alex is both a friend to many and a confidant to few. Always exploring new horizons, their spirit is fueled by an unquenchable thirst for adventure and knowledge, making every encounter an opportunity for growth."
5420,"Energetic and adventurous at heart, she thrives on exploring new places and meeting people from all walks of life. Her vibrant personality shines through her creative endeavors whether it's painting, writing or cooking up a storm in her kitchen. With an insatiable curiosity, she constantly seeks to learn something new every day. Despite her ambitious nature, she remains grounded and compassionate, always ready with a listening ear and a warm smile for those around her."
5308,"Alex is an adventurous soul with an infectious zest for life always ready to dive into new experiences with a sparkle in their eye. With a passion for art and storytelling, they weave vibrant tales that captivate everyone around them. Alex's laughter is as contagious as their boundless creativity, inspiring those they meet to explore the world through a lens of wonder and imagination. They are a beacon of joy and curiosity, lighting up every room with their presence."
5293,"A charming and humorous spirit who turns every situation into a comical affair with a laughter in his eyes. This person always knows how to surprise everyone at the right moment with his ingenious jokes, so that there is never silence during coffee breaks. With an incredible flair for timing and situations he makes every meeting or gathering a lasting pleasure. His warm personality attracts people like a spark in the dark, always ready to cheer someone up with his entertaining perspectives"
657,"Hello there. On my TikTok, I focus on fostering self love through creative arts and mindfulness while sprinkling in some playful style tips. It's a space where laughter meets inspiration all wrapped up in a celebration of individuality and expression. Let's embrace our uniqueness together."
5447,"A vibrant soul who dances through life with infectious enthusiasm, she weaves tales as captivating as the auroras themselves. Each laugh sparkles like a diamond brightening even the cloudiest days. Her eyes hold stories waiting to be told and her heart beats in rhythm with the universe's endless melody. With an insatiable curiosity for life's mysteries and a tender compassion that warms every soul she meets, she inspires wonder and joy wherever she goes."
5395,"With a spirit as boundless as the ocean, Alex embodies the essence of adventure and curiosity. Their laughter echoes with warmth inviting stories that are as colorful as their vibrant style. A master at painting life's canvas with bold strokes of creativity, Alex inspires those around them to explore beyond horizons. In every challenge they see an opportunity for growth facing each day with a resilience that lights up even the darkest paths. Alex is not just living; they are crafting a masterpiece one moment at a time."
5355,"A spirited soul with an infectious laugh that lights up every room she enters. Always seen with a book in hand, her love for adventure extends beyond the pages into real life where she embarks on spontaneous journeys be it exploring hidden trails or discovering local cuisines at quaint cafes. Her compassionate heart is as vast as her curiosity offering support and friendship to those around her with open arms. With a talent for painting landscapes that capture not just scenes but emotions, she weaves magic through colors sharing stories that resonate deeply with all who witness them."
5391,"She thrives in vibrant cityscapes where creativity meets chaos. An artist at heart, her life is a canvas painted with bold strokes of ambition and whimsy. Coffee fuels her day as she sketches dreams on napkins crafting worlds between sips. Conversations flow like rivers deep and meandering leaving trails of laughter and enlightenment in their wake. Her spirit dances to the rhythm of urban jazz embracing every unexpected twist in her journey with grace and a dash of daring."
5494,"She has an infectious enthusiasm that lights up every room she enters, with a voice as melodious as a songbird's call. Her laughter is contagious, spreading joy effortlessly among friends. With sparkling eyes full of curiosity, she dives into life's adventures embracing challenges with grace and determination. Her warmth draws people in, creating deep connections through her genuine kindness and compassion. Always curious, she seeks out new experiences eager to learn and grow every step of the way. Bemused by life's mysteries, she crafts stories from the threads of everyday moments weaving them into a tapestry rich with wonder and imagination."
5349,"A passionate traveler with an insatiable curiosity for life's hidden corners, she thrives on adventure and seeks out the stories etched in every landscape. Whether exploring vibrant markets or serene natural wonders, her joy comes from connecting deeply with cultures and people along the way. An avid reader and dreamer, she finds inspiration in both books and the world around her, always eager to learn and grow through new experiences."
5376,"She is an adventurous and creative soul always eager to discover hidden stories between the pages of a book or in the unexplored corners of the world. With a curious gaze and a free spirit, she enjoys expressing her unique thoughts through her personal blog filled with inspiring reflections and advice for living each day with passion. Her contagious enthusiasm and genuine smile make her an enchanting travel companion."
7448,"She is an artist at heart, with a contagious laughter that lights up any room she enters. Her passion for painting isn't just about colors on a canvas; it's about capturing moments and emotions in vibrant hues. When she's not lost in her creative world, you'll find her exploring new trails or sharing tales over coffee with friends. Her warmth and kindness leave an indelible mark on everyone who crosses her path."
5536,"Elegant in her approach to life, she carries a warm charisma that brightens any room she enters. Her laughter is true and infectious drawing people towards her like moths to a flame. With an artist's soul, she paints her world with creativity, each gesture infused with grace and thoughtful consideration for those around her. Whether crafting stories or nurturing connections, she embodies the spirit of kindness and inspiration."
5555,"Energetic and spirited Alex thrives on adventure and embraces life with a contagious enthusiasm. Known for their quick wit and compassionate nature, they inspire those around them through acts of kindness and an unwavering optimism. Whether organizing community events or embarking on spontaneous road trips, Alex's zest for life is unparalleled, always ready to explore new horizons and make lasting memories."
5515,"A spirited artist with an infectious laugh, she paints life with vibrant colors and bold strokes weaving stories into every canvas. Her warmth radiates through her creative endeavors inspiring those around her to see the world through a kaleidoscope of imagination and possibility. Always curious, she revels in discovering new techniques and exploring uncharted artistic territories finding joy in both the process and the unexpected outcomes."
5560,"She possesses an infectious zest for life that draws others in effortlessly. With a radiant smile she exudes warmth and kindness often seen with a cup of coffee in one hand and a book in the other. Her vibrant personality lights up any room she enters as she passionately shares stories from her travels around the world. She is fiercely independent yet deeply compassionate, always ready to lend an ear or offer advice to those who seek it."
5617,"A vibrant spirit with an infectious laugh, I find joy in exploring art galleries and immersing myself in literature's vast worlds. Whether sipping tea on a rainy afternoon or dancing under the stars at summer festivals, life's simple pleasures captivate me. My heart is full of curiosity and kindness, driving my passion for understanding diverse cultures and cuisines from around the globe. I cherish deep conversations with friends, always eager to learn and grow together."
5636,"A woman whose laughter dances like sunlight through leaves. She is a storyteller at heart with an eye for the extraordinary in everyday moments. With a voice that weaves warmth into every word, she embraces adventure with her infectious enthusiasm. Her kindness radiates like a beacon drawing others close to share in life's simple joys and profound mysteries alike."
7383,"A spirited individual with an insatiable zest for life, always seen with a radiant smile that lights up any room. Known for their quick wit and infectious laughter, they effortlessly weave humor into everyday conversations. Their passion for exploring new cultures and cuisines is matched only by their love for vibrant art forms. Friends describe them as the heart of every gathering, bringing warmth, encouragement, and a touch of adventure wherever they go."
5663,"Elegant and poised, she exudes confidence in every step. With a quick wit and an infectious laugh, she lights up any room she enters. Her passion for art and literature fuels endless conversations drawing people into her vibrant world. Whether organizing community events or advocating for social causes, she is always at the forefront of change, inspiring others to make a difference with grace and determination."
5565,"She is an effervescent soul with a penchant for adventure and a heart full of kindness. With her radiant smile she lights up any room she enters, always ready to lend a hand or share a laugh. Her passion for nature leads her on countless hikes and outdoor escapades where she finds peace amidst the whispering trees and babbling brooks. Despite her vivacious spirit, she holds a deep-seated love for cozy evenings curled up with a good book savoring moments of quiet reflection."
5643,"A vibrant soul with insatiable curiosity for life's tapestry, she dances through her days with laughter as her compass. Her eyes sparkle with tales yet untold, a whisper of adventure ever present in her step. She is a lover of art and nature's symphony, finding beauty in the simplest moments - a gentle breeze, a blooming flower or an unexpected smile shared across a crowded room. She weaves warmth into every interaction, believing kindness to be life's greatest masterpiece."
5660,"She's an unassuming enigma with eyes that sparkle like starlight when she laughs a rare and infectious laugh. A lover of books, her mind travels faster than you can follow, weaving tales that leave listeners in awe. By day, a diligent architect of dreams, her work is a testament to precision and creativity; by night, an explorer of melodies where each note is a step on the winding path of self-discovery. Her warmth radiates like the morning sun, gentle yet invigorating, inspiring those fortunate enough to bask in her presence."
5713,"An enigmatic soul with an infectious zest for life, Alex revels in the simple joys found in a quiet morning coffee or an impromptu dance in the rain. With laughter that lights up any room they weave tales of travel and adventure painting vivid pictures with their words. Compassionate yet fiercely independent, Alex navigates life's ebb and flow with grace and curiosity always eager to learn, grow and share a moment of genuine connection."
5697,"As an individual who thrives on creativity and spontaneity, I find joy in exploring new artistic endeavors with a vibrant spirit. My style is eclectic yet refined, reflecting my love for blending modern trends with timeless elegance. Known among friends for my infectious laughter and quick wit, I often bring humor into every situation. With a deep appreciation for cultural experiences from fine dining to adventurous travels, I embrace life's myriad offerings with open arms. Above all, I value genuine connections and strive to inspire those around me through positivity and authenticity."
5735,"Jade is an adventurous spirit with a passion for painting landscapes under the open sky. Her laughter echoes through mountain trails while her fingers dance across canvases in vibrant hues. She thrives on spontaneity finding joy in unexpected moments and sharing stories over cups of rich coffee. A free soul at heart, Jade navigates life's journey with curiosity and a contagious zest for exploration."
5734,"Evelyn is an unapologetic adventurer with a flair for dramatic entrances always sporting vibrant scarves and a mischievous smile. Her laughter echoes through libraries as she flips through ancient texts seeking stories yet untold. A self-proclaimed night owl, Evelyn crafts magical potions under the moon's watchful eye. With eyes that sparkle like sapphires, she weaves tales of far off lands while sipping chai lattes in cozy nooks. Her spirit is as boundless as her collection of quirky hats making every encounter unforgettable."
5718,"A vibrant soul with an infectious laugh that echoes through crowded rooms, she possesses a keen intellect matched by her adventurous spirit. With curiosity as her compass, she has traveled the world collecting stories like cherished souvenirs. Her warmth invites others into her circle effortlessly and her unwavering optimism lights up every encounter. In moments of quiet reflection, she finds solace in art and literature weaving tales that dance between reality and imagination. She is a beacon of creativity, resilience, and endless wonder."
5722,"A passionate artist who finds solace in the colors of her canvases often losing track of time while painting serene landscapes. She has a contagious enthusiasm for life, always encouraging others to pursue their dreams with courage and kindness. Her laughter is infectious and she exudes warmth making everyone around her feel valued and inspired"
14346,"Hello there, my name is Mabinty. If there’s one thing I’m good at it’s dancing. People can’t help but gamble when I perform a new move. That’s why I get many likes on my TikTok clips. Writing is also something that I enjoy and now I follow the trend of sustainable living. I am still a student in Den Bosch at Avans which is fantastic. I am creative and know how to make an interesting post. Do you want to see what I look like or what I post? Don’t say so, just take a look on my TikTok account jevri ndin"
5719,"She is an effervescent storyteller with a penchant for vibrant tales weaving magic into every conversation. Her laughter dances in the air like sunlight through leaves. A compassionate listener, she effortlessly connects people with her warmth and insightful observations. Her curiosity knows no bounds leading her to explore both the world and the depths of human experience. With an artistic soul, she captures life's beauty through her evocative sketches and poetic expressions leaving a lasting impression on everyone she meets."
5807,"Sorry, there is no existing description to recreate as it has been marked as 'nan'. If you can provide a new description or details about this person, I'd be happy to help create a fresh one."
5830,"As there was no original description provided here, a new one An adventurous soul with a penchant for spontaneity, she thrives on exploring hidden paths in bustling cities and serene nature trails alike. Her vibrant spirit is matched only by her eclectic style, bold patterns and colors that tell stories of places visited and cultures embraced. A voracious reader and storyteller at heart, she captivates friends with tales woven from the threads of her travels. With laughter always close at hand, she finds joy in life's simple pleasures while chasing the next great adventure."
7439,"A vibrant soul with an infectious laugh that lights up any room. She is known for her boundless energy and zest for life. With a creative mind always brimming with new ideas, she thrives in bringing people together over heartfelt conversations and shared experiences. Her adventurous spirit leads her to explore both the world around her and the depths of her own imagination all while nurturing those she loves with warmth and empathy."
5805,"As an energetic and charismatic woman, I thrive on creativity and innovation. With a passion for storytelling, I weave narratives that captivate and inspire. My laughter lights up rooms and my warmth draws people in like moths to a flame. Whether it's painting vibrant landscapes or orchestrating unforgettable moments, I approach life with boundless enthusiasm and an unwavering belief in the power of dreams."
7418,"I enjoy exploring book worlds, taking long walks in nature amid bird song and painting landscapes at sunset. Being with dear friends over a warm cup of coffee or a patient conversation is essential for me."
5867,"A visionary leader with an infectious enthusiasm for innovation, she effortlessly blends creativity with a pragmatic approach to problem solving. Her charisma captivates audiences inspiring teams with her boundless energy and unwavering optimism. Known for her keen insight into human nature, she fosters collaboration by celebrating diverse perspectives, transforming challenges into opportunities with grace and confidence."
5876,"She is a effervescent storyteller with a penchant for vibrant fashion that mirrors her eclectic tastes in music and art. Her laughter echoes like a melody captivating anyone within earshot. Known for her boundless energy, she thrives on adventure often found exploring new cuisines or hiking through untouched landscapes. Her warmth draws people to her making every gathering an unforgettable experience."
5829,"A vibrant spirit with an infectious laugh, Alex radiates warmth and creativity in every setting. Known for their keen eye for detail, they often lose themselves in painting landscapes that capture both the stormy skies and tranquil sunsets. Whether organizing community events or engaging in deep philosophical discussions at local cafes, Alex thrives on connection and understanding. Their adventurous spirit is matched only by a heart full of kindness making them a cherished friend to many."
5898,"She is an adventurous soul with eyes like deep ocean blue, always ready for her next escapade whether it's hiking through uncharted trails or diving into a new book. Her laughter is infectious and vibrant, lighting up any room she enters. With a heart full of kindness and a spirit that seeks the extraordinary in everyday moments, she navigates life with grace and curiosity. She thrives on connecting with people, sharing stories over cups of coffee, and finding magic in simplicity."
7256,"A passionate and vibrant soul, she dances through life with infectious energy. Her laughter is a melody that brightens any room while her compassionate heart makes her a cherished friend and confidante. With an artist's eye for beauty, she finds joy in the simplest moments. Her adventurous spirit leads her to explore new horizons constantly seeking growth and inspiration. She is a tapestry of warmth and creativity, inspiring those around her to embrace life with open arms and hearts full of wonder."
5911,"She is an restless artist whose curiosity manifests itself in vibrant colors and bold textures. Her works are introspective explorations that defy reality, inviting the viewer on a sensory journey. She finds inspiration in the most remote corners of everyday life, transforming them into unique expressions that speak of unexpected freedom and beauty. Her passion for art is contagious and her adventurous spirit is always ready for the next creative discovery"
5966,"A woman whose voice carries the warmth of morning sunlight and the wisdom of ancient forests, moves with a grace that whispers tales of bygone eras. Her laughter dances like dappled light on water and her insights flow as gently yet profoundly as a river carving its path through stone. With eyes reflecting the depth of endless skies she inspires those around her to dream beyond horizons while grounding them in the richness of the present moment."
5941,"She is an enigmatic soul with a talent for capturing life's subtleties through her lens, often wandering in search of hidden stories amidst urban landscapes. Her laughter bubbles over like a melody, infectious and bright as she navigates the world with curiosity and grace. Whether sketching abstract dreams or crafting poetic verses late into the night, she finds joy in creating worlds that reflect both reality and imagination, leaving traces of her vibrant spirit wherever she goes."
7255,"She is an enterprising woman with an infectious laugh who thrives on innovation and creativity. In her free time, she either paints abstract masterpieces or crafts stories that transport readers to magical realms. Her warmth and zest for life are as captivating as her knack for turning challenges into triumphs. She believes in empowering others through mentorship by sharing her wisdom with a gentle touch of humor and endless enthusiasm."
5885,"A dynamic individual with an infectious enthusiasm for life often found painting vibrant landscapes that capture the beauty of nature's fleeting moments. With a passion for culinary adventures, they create exquisite dishes that blend flavors from around the world. Their curiosity leads them to explore ancient ruins and modern art galleries alike. In conversation, their wit shines through engaging others in deep discussions about philosophy or the latest innovations. This person embodies creativity and adventure inspiring those fortunate enough to cross their path."
5927,"Eager and adventurous, she has always found joy in exploring new horizons. With a creative spirit and an infectious laugh, she brightens up every room she enters. Her warm heart guides her to nurture relationships with care and authenticity. Balancing work and play effortlessly, she thrives on challenges that spark her curiosity and fuel her passion for growth. Always ready with a thoughtful gesture or encouraging word, her presence is both uplifting and inspiring."
5994,"A creative soul with an insatiable curiosity for life's mysteries, she dances through her days with a contagious zest. Her laughter echoes like music in crowded rooms leaving trails of joy wherever it spreads. A painter at heart and wordsmith by nature, each canvas tells a story only her eyes can see. Whether crafting tales or mixing colors, her passion paints the world in vibrant hues. In her presence life's ordinary moments transform into extraordinary adventures."
3177,"With over K admirers following their journey, this creative soul crafts captivating stories through art and words. Known for their vibrant personality and authentic style, they inspire others to embrace individuality. Whether sharing personal anecdotes or exploring imaginative concepts, each post is a reflection of their passion and zest for life. Through engaging content and genuine interactions, they foster a community that celebrates creativity and connection."
6001,"Energetic and spirited Alex thrives in vibrant environments where creativity knows no bounds With a penchant for bold fashion choices and an infectious laugh, they bring warmth and enthusiasm to every room they enter Known for their quick wit and adventurous spirit, Alex often surprises friends with spontaneous plans leading them into unforgettable experiences. A true free spirit, they embrace life's unpredictability with open arms and a radiant smile"
6042,"A visionary artist with an insatiable curiosity, I find beauty in the unexpected. My heart beats to a rhythm of color and imagination, painting stories that speak of both dreams and reality. In every brushstroke lies a whisper of adventure inviting onlookers into worlds crafted from my soul's deepest yearnings. Whether captured on canvas or shared through words, my creations seek to inspire wonder and ignite the spark of creativity in those who encounter them."
6014,"Passionate about exploring art in all its forms, I find myself constantly inspired by the vibrant world around me. Whether it's through painting abstract emotions on a canvas or immersing myself in literature that challenges my perspective, creativity fuels my soul. My weekends are often spent wandering through galleries or cozy bookshops, always seeking new adventures for my mind. Coffee is my companion during these explorations; its aroma as comforting as the stories and colors I cherish."
5984,"She thrives in vibrant settings, her laughter as bright as a morning sunbeam. Always curious, she dives into every adventure with boundless zest for life. Her eclectic style mirrors her diverse interests from art to technology. With an infectious enthusiasm and genuine warmth, she effortlessly brings people together creating unforgettable memories wherever she goes."
1372,"A spirited individual with an infectious laugh, she radiates warmth and kindness in every interaction. Her eyes sparkle with curiosity, always eager to explore new ideas and perspectives. Whether engaging in deep conversations or playful banter, her presence lifts everyone's spirits. She is a loyal friend known for her unwavering support and genuine empathy, weaving moments of joy into the fabric of everyday life."
6121,"A vibrant spirit with an infectious laugh, Alex loves to dive into books that transport them to distant lands. With a keen eye for detail, they find joy in sketching scenes from their imagination or exploring nature's quiet corners. Always curious and eager to learn, Alex thrives on conversations filled with creativity and kindness, leaving everyone around them inspired by their boundless enthusiasm and gentle wisdom."
6101,"She possesses an unyielding curiosity that propels her through life's challenges with grace and determination. Her laughter, a warm melody, invites others to share in her joy while her sharp wit often leaves an impression long after she has left the room. With a heart as vast as the ocean, she offers unwavering support to those who seek it yet remains fiercely independent in her pursuits. Her spirit is like a vibrant tapestry weaving together threads of adventure and compassion into a life rich with purpose."
2206,"I am an Italian chef and culinary consultant who creates content centered around gourmet cooking, mindful eating and crafting your ideal kitchen. Known for my passion and creativity, I collaborate exclusively with partners who share my commitment to high quality ingredients ensuring a genuine experience for my audience"
6046,"A warm-hearted individual with an infectious laugh that brightens any room they enter Known for their boundless empathy and a knack for seeing the best in people, they are always ready to lend a helping hand With a passion for storytelling and an eye for detail, they can captivate an audience with tales of adventure and wonder Their adventurous spirit is matched only by their love for art, often capturing life's beauty through vibrant sketches and colorful paintings A true friend, they cherish meaningful connections and value the simple joys in life"
7258,"She possesses an infectious enthusiasm that lights up every room she enters. With a sharp wit and a keen eye for detail, she navigates life's complexities with grace and humor. Her passion for helping others is matched only by her love for adventure, always seeking to learn something new and embrace the unknown. A true free spirit, she carries an air of mystery that invites curiosity yet exudes warmth and kindness."
6063,"She is a free-spirited adventurer with an insatiable curiosity for life's endless wonders. Her laughter echoes through time capturing hearts with its warmth and spontaneity. A modern day Renaissance woman, she paints her world in bold strokes of creativity and kindness living each moment as if it were a masterpiece waiting to unfold. With wisdom beyond her years and the courage to chase her dreams, she inspires those around her to embrace life's beauty and find joy in every sunrise."
5996,"Energetic and compassionate Jordan lights up every room with a contagious smile. Always ready for adventure, they are known for their love of travel and exploring new cultures. A natural storyteller, Jordan enchants everyone with tales of past escapades. Whether organizing charity events or volunteering at the local shelter, their dedication to making the world a better place is unwavering. In their downtime, you'll find them lost in a good book or experimenting with new recipes. With an infectious enthusiasm for life, they inspire those around them to embrace positivity and kindness every day."
6015,"A vibrant soul with an infectious laugh and a knack for storytelling that captivates any audience. Always seen sporting colorful attire, she carries a zest for adventure in her sparkling eyes. Her compassionate heart leads her to volunteer work where her energy spreads warmth and inspiration. Despite her busy schedule, she makes time for friends often planning spontaneous gatherings filled with laughter and shared memories. A true optimist, she embraces challenges as opportunities turning them into delightful tales of triumph."
6174,"She's an intrepid adventurer with eyes that sparkle like stars, always ready to explore new horizons. Her laughter is infectious and her presence warms any room. With a heart full of compassion she listens deeply and speaks truthfully. In every challenge she finds opportunity for growth. Whether through art or words, she expresses herself freely, leaving behind a trail of inspiration. Her spirit is unyielding, embracing life with boundless curiosity and joy."
6125,"Enthusiastic about life's simple pleasures, I find joy in a good book, a walk in nature or a heartfelt conversation over coffee. My laughter is contagious and my optimism infectious. Whether leading a team at work or organizing community events, I bring creativity and energy to every endeavor. As a lifelong learner, I am always eager to explore new ideas and cultures. At home, I cherish the moments spent with loved ones creating memories that will last a lifetime."
6153,"Eagerly curious and endlessly creative, Jordan finds joy in exploring new ideas with an artist's flair. A master at storytelling through vibrant paintings and captivating narratives, they transform abstract concepts into tangible art. With a warm smile and contagious laugh, Jordan inspires those around them to embrace their own creativity, turning every moment into an opportunity for discovery and growth."
694,"A musician and artist with a passion for hiking, painting and surfing. This creative soul finds joy in exploring nature's beauty and expressing emotions through melodies and vivid colors. Their adventurous spirit is matched by an appreciation for the tranquility of ocean waves and the vibrant landscapes they encounter on their journeys."
6090,"An innovative artist who thrives on transforming everyday moments into extraordinary experiences through her vibrant paintings. Her work captures the essence of fleeting emotions, blending bold colors with delicate textures to tell stories that resonate deeply with viewers. Known for her whimsical approach and unique perspective, she invites audiences into a world where imagination knows no bounds, inspiring creativity and wonder in all who encounter her art."
6158,"A spirited individual with an infectious laugh, she thrives in vibrant gatherings yet treasures tranquil moments alone surrounded by books and music. Her adventurous spirit leads her to explore hidden cafes and art galleries while her compassionate heart finds joy in volunteering at local charities. Always dressed in unique fashion pieces that speak to her bold personality, she embraces life's spontaneity with open arms."
6182,"A visionary entrepreneur with an infectious passion for innovation, she transforms challenges into opportunities with grace and precision. Her unwavering optimism inspires those around her while her strategic mind navigates complex landscapes effortlessly. A lover of art and culture, she finds balance through painting and literature reflecting her creative spirit in every endeavor. Known for her warmth and empathy, she builds meaningful connections wherever she goes."
6161,"She is an effervescent soul with a zest for life that radiates through all of her endeavors. A culinary artist, she crafts delectable dishes with precision and flair, weaving flavors into stories on plates. Her laughter echoes joyously in any room she graces, making friends effortlessly wherever she goes. In the world of art, she is a passionate painter who captures emotions vividly on canvas. When she speaks, her words are thoughtful and inspiring, leaving listeners enchanted by her insightful perspectives and gentle wisdom."
6148,"A visionary artist, she dances with colors on her canvas each stroke a whisper of dreams yet to be awakened. Her laughter echoes in vibrant hues blending passion and serenity as seamlessly as day turns into dusk. In her world creativity knows no bounds every piece a testament to an unyielding spirit and a heart that sings with the universe's deepest mysteries."
6136,"Eleanor is an effervescent spirit with a penchant for adventure and a heart full of warmth. She's always the life of any gathering, her laughter infectious and her stories captivating. With eyes that sparkle like the ocean under the noon sun, she navigates through life with grace and unyielding optimism. Whether exploring ancient ruins or simply baking bread on a lazy Sunday morning, Eleanor embraces each moment with zeal and an unwavering zest for all things beautiful in this world."
6139,A visionary with an unyielding spirit always chasing horizons that others deem unreachable Passionate about art and innovation they weave creativity into every endeavor leaving a trail of inspiration wherever they go Their warm smile invites collaboration while their insightful mind challenges norms With resilience as their compass they navigate life s complexities with grace turning dreams into reality with unwavering determination and an infectious zest for life
6135,"She is an adventurous spirit with a heart full of curiosity always seeking out new experiences and knowledge. With her vibrant laughter and quick wit, she lights up any room. Passionate about art, nature and travel, she finds beauty in everyday moments and inspires those around her to do the same. Her resilience shines through life's challenges, showing grace and optimism with every step."
6205,"She thrives in vibrant cityscapes where creativity dances on every corner With a flair for fashion, she is always ahead of trends yet distinctively unique Her laughter echoes with warmth drawing people to her like moths to light A lover of literature and art, she finds solace in museums and bookstores where stories leap from the pages She's an adventurer at heart eagerly exploring new cuisines and cultures Kind-hearted and genuine, she values deep conversations over small talk forging meaningful connections wherever she goes"
6197,"Sophia has infectious energy that lights up any room she enters. Her laughter is melodic and genuine, drawing people in while her insightful conversations reflect a deep empathy for others. With her radiant smile, she effortlessly bridges gaps between strangers, transforming them into friends. Sophia's creativity knows no bounds whether it's through vibrant paintings or poetic verses; she expresses herself with an artistry that captivates all who encounter her work. Her passion and optimism inspire those around her to embrace life's adventures wholeheartedly."
14385,"A vibrant soul with an infectious laugh, she navigates life with grace and curiosity. Her eyes sparkle like stars when sharing stories from her adventurous escapades or deep conversations about art and culture. With a passion for gardening, she finds solace among her blooming flowers, nurturing them as they bloom. She enjoys exploring new cuisines, delighting in the fusion of flavors across different cultures. This free spirit thrives on spontaneity, embracing each day with open arms and an open heart."
6230,"Energetic and driven, she thrives on challenges both in her busy career as an architect and in her vibrant social life. Her laughter is infectious and her creativity knows no bounds whether sketching designs or planning her next adventure, she approaches everything with a unique flair. She's a beacon of inspiration to those around her, blending passion with practicality that pushes her limits while nurturing the dreams of others."
7325,"A vibrant soul with an infectious laugh, Alex thrives in the company of friends and family. Passionate about art, they spend weekends painting landscapes that capture nature's fleeting beauty. With a knack for storytelling, Alex enchants listeners at gatherings by weaving tales that spark imagination. Balancing creativity with kindness, they volunteer at the local animal shelter finding joy in caring for furry companions. In moments of solitude, Alex finds solace in poetry, penning verses that reflect their innermost thoughts and dreams."
6245,Freelance Chef Travel Blogger Crafting culinary masterpieces with a sprinkle of wanderlust I bring flavors to life through vibrant stories My kitchen adventures span continents where each dish tells a tale inspired by global cuisines and breathtaking landscapes Through my lens and words I invite you on a flavorful journey around the world from your dining table Join me as I explore exotic markets savor local delicacies and share secrets for recreating those magical meals at home Let's embark on this taste-filled expedition together
6203,"A vibrant soul with an infectious laugh, Alex thrives on connecting deeply with people from all walks of life. This extroverted spirit often finds themselves at the heart of lively gatherings where their magnetic presence shines. Known for a penchant for adventure and spontaneity, Alex approaches each day with boundless energy and curiosity ready to embrace new experiences and share heartfelt stories that captivate their audience"
6213,"Evelyn strides through any room with an air of quiet confidence, her laughter a melody that dances. She is a painter of dreams, wielding her brush like a wand to bring color to even the dullest canvas. Her eyes sparkle with curiosity, always seeking new adventures and perspectives. With a heart as open as her smile, she embraces life’s complexities with grace and empathy, inspiring those around her to see the world in vibrant hues."
6242,"A vibrant soul with an infectious laugh, she is a storyteller at heart weaving tales that capture both joy and empathy. Her eyes sparkle with curiosity always ready to explore new horizons or delve into uncharted ideas. A lover of music and dance, her energy lights up any room. With kindness as her compass she navigates life's challenges gracefully inspiring those around her with resilience and grace."
5673,"I am an avid gardener with a passion for crafting homemade candles. I love exploring new places and capturing the essence of nature in stunning photography. My aim is always to create serene, eco-friendly spaces that bring joy and tranquility into everyday life."
19013,"Sophia exudes an enchanting blend of grace and intellect, with a passion for exploring new horizons both physically and mentally. Her laughter dances in the air captivating those around her while her insightful conversations reveal layers of thoughtfulness beneath her vibrant exterior. An artist at heart, she paints life's canvas with bold strokes finding beauty in every moment. Sophia's adventurous spirit leads her on journeys that inspire tales of wonder shared with an infectious enthusiasm and a gentle smile that lights up the room."
6251,"A charming individual who radiates warmth and kindness wherever they go With an infectious laugh that lights up a room, they exude positivity with every step This creative soul finds joy in exploring new hobbies from painting to playing music Their empathy shines through as they listen intently and offer heartfelt advice Always eager for adventure, they embrace life's surprises with open arms In their company you will feel understood, appreciated, and inspired to chase your dreams."
6217,"As an artist with a soul steeped in colors and canvases, I find solace in the chaos of creation. Each brushstroke is a whisper from my heart telling tales as vibrant as the hues I blend. My studio, a sanctuary where time stands still, echoes with the melodies of inspiration that dance through me. In every piece you'll find fragments of my spirit - wild, unbridled and free."
6237,"A vibrant soul with an infectious laugh that lights up any room she enters. With a keen eye for detail, she crafts stories through her art, each piece whispering tales of love and adventure. Her passion for sustainable fashion mirrors her commitment to nurturing our planet. Whether leading a lively book club discussion or exploring hidden trails on a sunny afternoon, she embodies the spirit of curiosity and kindness, inspiring those around her with every step."
6290,"She's an adventurous soul with eyes that sparkle like the stars at night. Always on the move, she thrives in exploring new places and meeting people from all walks of life. With a heart full of laughter and kindness, she can brighten any room she enters. Her passion for art and music is matched only by her dedication to making a positive impact wherever she goes. Life's mysteries excite her, and she embraces each day with enthusiasm and curiosity."
7262,"Elegant and poised, she moves with the grace of a dancer through life's intricate tapestry. Her warm and infectious laughter lights up any room she graces, drawing people in like moths to a flame. A voracious reader, her mind is always alive with stories from distant lands and eras yet to come. Her compassion knows no bounds; a friend in need becomes a cause embraced wholeheartedly. In the quiet moments of reflection by her garden's blooms, she finds peace and inspiration alike."
6318,"As an artist and storyteller, I find joy in crafting narratives that capture imagination and emotion. Passionate about sustainability, I advocate for eco-friendly practices both in my personal life and through community initiatives. With a knack for languages, I relish connecting with diverse cultures around the world, often incorporating these experiences into my creative works. A lover of the outdoors, I find solace in hiking and exploring nature's wonders where inspiration strikes most vividly. My optimism and curiosity drive me to continuously learn and grow both personally and professionally."
6330,"A compassionate soul with an insatiable curiosity for life's intricacies, always finding joy in the simplest moments. Passionately dedicated to fostering connections through heartfelt conversations and a generous spirit that uplifts everyone around them. Balancing work and play with grace, they revel in creative pursuits from painting vibrant landscapes to crafting soulful melodies. This person is a beacon of positivity inspiring others with their boundless enthusiasm and unwavering optimism."
6370,"Creative artist one year old with sharp eyes and wavy dark hair. I design digital paintings while drawing inspiration from nature and life around me. On my TikTok, I share creative processes, delicious recipes and training routines that can encourage a healthier and more attentive life."
6455,"I am an avid reader who cherishes quiet evenings with a good book, loves experimenting with new recipes and finds joy in exploring nature through hiking. My weekends are often spent attending local art exhibitions or enjoying live music performances. Embracing creativity in all its forms brings me immense happiness alongside nurturing my small indoor garden which brightens my living space"
6281,"A brave leader in a world full of adventure enjoys taking care of her thriving farm and discoveries with her family. As a creative hobbyist, she finds comfort in crafting and telling stories to her three grandchildren while admiring the natural beauty around her."
5908,"As a skilled storyteller, you seamlessly blend wit with wisdom leaving those around you both amused and inspired. Your vibrant charisma illuminates every room you enter creating a magnetic allure that captivates friends and strangers alike. With laughter as your melody, you dance through life's complexities always choosing joy over sorrow. You are the kind of person who turns ordinary moments into extraordinary adventures thanks to your boundless creativity and infectious enthusiasm."
6278,Nature Enthusiast Obsessed with hiking and stargazing Adventurous at heart I find joy in exploring lush trails and unwinding under the vast night sky My camera captures moments of serene beauty and wild exhilaration Inspired by nature s endless wonders I m a dreamer who loves sharing tales of the great outdoors through vivid photographs and heartfelt stories Whether it s the gentle whisper of leaves or the distant call of an owl each journey is a cherished memory in my ever growing collection
6264,"Ella carries herself with an air of quiet confidence, her presence like a gentle breeze on a sunny day. Her eyes sparkle with curiosity often lost in thought as she reads or sketches in her notebook. Conversations flow easily around her fueled by her insightful and thoughtful nature. She loves to explore new cultures through food finding joy in discovering the stories behind each dish. In moments of solitude, she finds peace in tending to her garden nurturing both plants and a creative soul that thrives on inspiration from the world around her."
6287,"Ella's laughter is infectious, lighting up any room with a warm glow. Her eyes sparkle with curiosity, always eager to explore new ideas or destinations. An avid reader and storyteller, she crafts tales that transport you into her vivid imagination. With an artistic soul, she finds beauty in everyday moments, capturing them through photography and painting. Compassionate and thoughtful, Ella cherishes deep conversations over coffee where she offers a listening ear and wise advice with grace."
6364,"She is an effervescent soul with a zest for life that is infectious. Her eyes sparkle like morning dew, and her laughter is a melody that fills any room. She thrives on adventure whether exploring hidden trails or diving into new books. Her creativity shines through her artistry whether painting vibrant canvases or crafting stories from dreams. A compassionate heart and a knack for empathy make her the confidante everyone seeks. With an insatiable curiosity, she is always learning, forever evolving with grace and wisdom."
1089,Culinary artist with an exquisite taste for vibrant flavors and elegant plating charmingly petite in stature yet with a presence that fills any room she graces Her passion for crafting memorable dining experiences combines creativity with a meticulous attention to detail transforming everyday meals into masterpieces of gastronomy
6335,"Eagerly exploring the world with eyes full of wonder, Alex radiates kindness like a beacon in the night. Whether engaged in lively conversations or sharing silent companionship, their warmth touches everyone they meet. Their laughter echoes through rooms lifting spirits effortlessly. With an unquenchable thirst for knowledge and adventure, Alex always approaches life's puzzles with curiosity and grace. In every endeavor from art to solving intricate problems, their dedication shines brightly inspiring those around them to embrace the beauty of each day with open hearts."
6131,"Hello there, I'm Zara. I am passionate about music, cooking and exploring nature with friends. As an aspiring chef and a podcast host, I enjoy sharing my journey with authenticity and zest. If you are looking to spice up your brand or product with some innovative ideas, let's collaborate."
2837,WORLD TRAVELER AND FULL-TIME PHOTOGRAPHER I have an insatiable passion for capturing the beauty of the world through my lens embracing each culture s vibrant colors and stories Every snapshot is a new adventure waiting to be discovered
6371,"Elena's presence is as radiant as the morning sun, her laughter a melody that brightens every room she enters. With eyes like deep oceans, she weaves stories with words so vibrant they paint worlds in your mind. Her skilled and gentle hands create art from mere threads of thought. Each stride carries grace, leaving whispers of inspiration behind. In Elena's company time seems to pause as if acknowledging her ability to make the moment truly matter."
6377,"She has an infectious enthusiasm for life that brightens any room she enters. Her laughter is as genuine as her smile, and she exudes warmth like a summer's day. With a love for adventure and creativity, she constantly seeks new experiences and thrills, balancing spontaneity with thoughtful introspection. She values deep connections and nurtures friendships with kindness and loyalty. This spirited soul approaches life with optimism, turning every challenge into an opportunity to grow and inspire others around her."
6452,"A vibrant soul with an infectious laugh, she dances through life with grace and boundless curiosity. Her eyes sparkle with stories yet untold capturing the beauty in every fleeting moment. Passionate about art and nature, her days are filled with creativity and exploration. Friends describe her as a beacon of kindness, always ready to uplift those around her with warmth and empathy. She navigates challenges with resilience, turning obstacles into stepping stones for growth."
6465,"Eager and lively, she navigates life with a contagious enthusiasm that lights up every room she enters. With a penchant for storytelling, her vibrant spirit captivates those around her. Her laughter rings clear and true, bringing warmth to any gathering. She is adventurous at heart, always seeking new experiences and cherishing the moments shared with friends and family. Her compassionate nature shines through in her interactions, making every connection feel genuine and heartfelt."
6383,"She is an enigmatic soul with a penchant for adventure, always seen with a sketchbook in hand or lost in melodies on her vintage guitar. Her laughter echoes like wind chimes drawing people to her vibrant spirit and infectious curiosity about the world. A night owl by nature, she finds inspiration under starlit skies weaving stories that blur the line between dreams and reality. With an artist's heart and a wanderer's soul, she embodies the beauty of living in color."
6415,"Debby is a dedicated teacher who inspires her students with creativity and passion. She loves hiking in nature on weekends, finding peace among the trees and mountains. In her free time, Debby enjoys painting landscapes that capture the beauty of the outdoors, often using colors inspired by her hikes. Balancing work and family life, she cherishes moments with her partner and their lively golden retriever. Her love for learning extends to mastering new recipes in the kitchen, delighting friends with homemade meals during gatherings."
6458,"A visionary artist with an insatiable curiosity for life's nuances, she paints emotions onto canvases with vibrant colors that echo her dynamic spirit. Her laughter sparkles like sunlight on water leaving a trail of warmth wherever she goes. With every brushstroke and smile, she weaves stories that transcend the ordinary, inviting others to explore worlds beyond their imagination. Her presence is both gentle and electrifying, inspiring those around her to dream boldly."
8,"Passionate about exploring diverse cultures through their vibrant art and cuisine, this person finds joy in hiking up misty mountains where they often pause to sketch the sweeping landscapes. A lover of jazz and soulful melodies, they enjoy evenings spent with a good book or strumming their guitar under the stars. Always eager to connect deeply with people, they cherish meaningful conversations that challenge and inspire all while nurturing their ever curious spirit."
6432,"She has an unyielding zest for life that shines through her infectious laughter and boundless energy. Her passion for adventure often leads her on spontaneous journeys whether it's exploring ancient ruins or diving into local cuisines. Despite her vivacious exterior, she possesses a deep well of wisdom offering advice with gentle grace. Friends gravitate towards her warmth and genuine curiosity about the world making her an inspiring figure whose stories encourage others to embrace life's possibilities with courage and joy."
6389,"She's an adventurous soul with a penchant for vibrant storytelling, often capturing life through her lens or penning tales that dance across pages like leaves in the wind. Her laughter is infectious, brightening any room she enters and her eyes sparkle with the curiosity of a child exploring an undiscovered forest. With every conversation, she weaves magic into reality, transforming mundane moments into extraordinary memories."
6506,"A fiercely independent woman with an infectious laugh that lights up any room she enters. She is a relentless dreamer, always with her head in the clouds yet grounded by a pragmatic streak that keeps her feet firmly on Earth. Her creative spirit shines through in every endeavor from painting vibrant landscapes to crafting eloquent poetry. With a sharp wit and a generous heart she navigates life's challenges with grace, constantly seeking new adventures while cherishing meaningful connections."
6491,"Serenity embodies my essence finding peace in quiet moments surrounded by books and soft music. I thrive on gentle conversations and deep connections, preferring cozy evenings at home over bustling social events. My days are a tapestry of small joys and thoughtful reflections. In the company of friends or alone with my thoughts, I seek balance, harmony, and an appreciation for life's simple pleasures."
6521,"She is a vibrant soul with an infectious laugh that lights up every room she enters. Her eyes sparkle with curiosity, always eager to learn and explore new horizons. With hands that craft stories through delicate brush strokes, she paints worlds where imagination knows no bounds. A storyteller at heart, her words dance gracefully in poetry and prose, weaving tales of wonder and whimsy. On weekends you'll find her tending to her garden, finding peace among the blooms that mirror her gentle spirit."
6493,"A spirited soul with an infectious laugh, she navigates life with a blend of curiosity and grace. Her eyes sparkle like stars on a moonlit night as she crafts stories from everyday moments turning them into adventures worth telling. Known for her gentle wisdom, she weaves kindness into every interaction leaving trails of warmth wherever she goes. With the heart of an artist and a mind brimming with ideas, she dances through life's challenges always ready to embrace its wonders."
6556,"Sophia exudes an air of quiet confidence with her warm smile and gentle demeanor. She has a penchant for classic literature often found lost in the pages of Jane Austen or Charles Dickens sipping tea from a vintage cup On weekends she transforms into an avid gardener, her hands covered in soil as she tends to her blooming roses and vibrant tulips. Friends admire her thoughtful advice delivered with a soft voice yet profound wisdom making every conversation feel like a gentle hug."
6537,"She is an adventurous and curious soul always with a touch of sophistication in her style. Her eyes shine with the spirit to explore new horizons while her smile lights up rooms. Passionate about classical music, she delights in the beauty of contemporary art and literature. Her intelligence is as captivating as her charisma inspiring all who cross her path with a perfect blend of elegance and authenticity."
6497,"Confident yet approachable, this individual exudes a quiet charisma that draws people in effortlessly. With an infectious laugh and keen sense of humor, they light up any room they enter. Their thoughtful nature means they are always there for their friends, offering wise counsel without being overbearing. A lover of adventure and new experiences, they find joy in discovering the world alongside others. Whether leading a lively debate or simply enjoying a quiet evening with close companions, their warmth and genuine interest in people make them truly beloved by those around them."
6603,"A passionate environmentalist with an infectious enthusiasm for nature's wonders, she spends her weekends hiking through lush forests capturing breathtaking photos that inspire others to cherish our planet. With a background in biology, she seamlessly blends science and art to advocate for conservation. Her vibrant energy and genuine love for the earth are contagious as she organizes community clean-ups and shares educational workshops on sustainable living."
7329,"She's an adventurous soul with a talent for storytelling whose laughter is as infectious as her curiosity about the world around her. With a heart full of dreams and eyes that sparkle at the sight of a new horizon, she loves to dance through life's moments embracing each one with grace and enthusiasm. Whether painting vibrant landscapes or capturing life's fleeting beauty through photography, she pours creativity into every endeavor. Her spirit is like a gentle breeze uplifting those around her while guiding her on an endless journey of discovery and joy."
6948,"A vibrant individual with an infectious zest for life, they thrive on creativity and exploration. Always ready to dive into new adventures whether through art or travel, their curiosity knows no bounds. With a warm heart and an open mind, they cherish meaningful connections often found leading lively discussions or sharing laughter in any company. Their compassionate nature shines through as they support friends with genuine empathy and encouragement, making every moment an opportunity for joy and discovery."
6576,"A passionate storyteller with an insatiable curiosity for the world's hidden gems, she finds solace in nature's vibrant hues and life's intricate patterns. Her laughter is infectious and her empathy knows no bounds. With a heart full of dreams and eyes that sparkle with wisdom, she dances through challenges weaving magic into every moment. Whether exploring ancient ruins or crafting tales by the fireside, her spirit thrives on adventure and connection."
6630,"A woman with an adventurous spirit, she thrives on exploring new cultures and cuisines. Her laughter is infectious, lighting up every room she enters. With a knack for storytelling, she captivates audiences by weaving tales from her diverse experiences. Balancing career ambitions with a zest for travel, she finds joy in the simple moments and treasures life's unexpected surprises."
3344,"Ethereal in her presence, Ava moves through life with a quiet grace that captivates those around her. Her laughter is a melody that lingers long after she's gone, leaving an imprint on your soul. Always seeking wisdom hidden within books and nature alike, she carries a gentle strength that inspires others to find beauty in the mundane. With eyes like twilight skies, Ava's empathy bridges hearts, making every interaction meaningful and transformative."
7361,"She is an adventurous spirit with eyes that sparkle like stars in the night sky. Her laughter is infectious, lifting the mood wherever she goes. Passionate about exploring new places, she thrives on discovering hidden gems and sharing stories over a warm cup of coffee. With her heart as open as the road ahead, she inspires those around her to chase their dreams fearlessly, always with kindness and a zest for life."
6602,"Intriguingly enigmatic, she dances through life with an air of mystery that both captivates and intrigues. Her laughter is a melody that resonates in the hearts of those around her leaving an indelible mark long after the echoes fade away. With eyes reflecting endless depths, she sees beyond the mundane finding beauty where others see nothing. Always wrapped in layers of vibrant tales, her presence weaves magic into every gathering transforming ordinary moments into unforgettable memories."
6594,"She exudes an air of whimsical curiosity, her laughter a gentle melody that dances through the air like dappled sunlight filtering through leaves. Her eyes vibrant pools of wonder are ever eager to explore new horizons and uncover hidden stories. With a heart as expansive as the sky she embraces life with grace, turning even the mundane into magic. Her presence is both comforting and inspiring, drawing people in like moths to a warm glow."
7110,"A woman of profound wisdom and grace, she effortlessly blends elegance with a touch of whimsy in every endeavor. Her laughter resonates like music through the air drawing people near with its warmth and authenticity. She is an avid reader and lover of nature's wonders, finding beauty in both grand landscapes and delicate details. With unwavering optimism, she approaches each day as a canvas ripe for inspiration, painting her life with vibrant strokes of kindness and creativity."
6646,"Eleanor is an enigmatic soul with a penchant for classic literature and vintage fashion. She is often seen holding a cup of Earl Grey tea in her hand, lost in the pages of her favorite novels. Her laughter is melodic drawing people into her world where curiosity meets creativity. Eleanor has a knack for storytelling weaving tales that captivate and inspire those lucky enough to listen. Beneath her poised exterior lies a heart full of dreams and an adventurous spirit eager to explore the mysteries of life."
7189,"She is an adventurous spirit with a penchant for spontaneous road trips and hidden gems in quaint towns. Her laughter echoes through every room she enters, lighting up faces and sparking stories. Whether it's painting vibrant canvases or crafting tales under starlit skies, her creativity knows no bounds. With an insatiable curiosity and a heart as open as the ocean, she embraces life with gusto and dreams without limits."
6661,"Hello there, I'm Felicia, aged living in a charming town nestled between Utrecht and Amsterdam. Creating engaging videos for YouTube is my passion where I explore everything from beauty hacks to travel vlogs"
6645,"Eloquently poised, with an eye for detail, she radiates a warmth that draws people in like moths to a flame. Passionate about art and culture, her conversations are as colorful as her vibrant attire. A natural leader, she effortlessly guides friends through life's complexities with wit and empathy. Whether sipping tea over shared stories or painting the town red at lively gatherings, her presence is both grounding and electrifying."
6651,"A vibrant soul with an infectious laugh always eager to explore new horizons Known for her artistic flair and a penchant for storytelling, she finds beauty in everyday moments Her warm supportive nature makes friends feel cherished while her adventurous spirit leads her to seek out life's hidden treasures She balances creativity with kindness leaving a lasting impression wherever she goes"
6692,"As the provided description is `nan` which indicates an absence or empty value, there's nothing to transform into a new description. Therefore, I will return `None`, in accordance with your instructions."
6631,"She is an adventurer at heart, always seeking out new experiences with a curious spirit and infectious enthusiasm. Her laughter is contagious drawing people into her vibrant world filled with stories from far off places. With a keen eye for detail and a knack for finding beauty in the ordinary she inspires those around her to explore beyond their comfort zones. Her warmth and genuine kindness make every encounter feel like meeting an old friend."
14389,"A vibrant soul with an infectious laugh, she dances through life with grace and a twinkle in her eye. Her curiosity knows no bounds as she explores new ideas and cultures with an open heart. Always there to lend a listening ear or offer wise counsel, she blends kindness with a dash of mischief. Whether crafting art or nurturing friendships, she leaves a trail of warmth wherever she goes, inspiring those around her to embrace the beauty in everyday moments."
6677,A spirited individual with an infectious laugh and a penchant for adventure always ready to explore new horizons With a creative mind and a compassionate heart they weave stories that captivate and inspire Whether painting landscapes or crafting poetry their artistic endeavors reflect a deep appreciation for beauty in all its forms This person thrives on connecting with others bringing warmth and encouragement wherever they go Their vibrant energy lights up any room leaving an indelible mark on those fortunate enough to cross their path
5398,"A vibrant soul with an infectious laugh, she finds joy in the little things - a blooming flower, a captivating book, or a spontaneous adventure. Her creativity flows like a river crafting stories that capture hearts and minds. With empathy as her guide, she connects deeply with others, always ready to lend an ear or a helping hand. In every moment - whether painting sunsets at dawn or dancing under the stars - she embraces life's wonders with open arms and boundless curiosity."
6738,"A passionate artist who finds inspiration in the simplest moments of life, she translates these fleeting emotions onto canvas with vibrant hues and delicate brushstrokes. Her work often explores nature's subtle beauty, inviting viewers into a world where imagination and reality blend seamlessly. Through her art, she seeks to evoke joy and introspection, leaving each piece as a window into her soul's boundless creativity."
2937,"Hello there, I'm Elara, a year old creative spirit from Groningen in the Netherlands. For the past few months, I have immersed myself in crafting captivating digital art and graphic designs for various brands which fills me with immense joy. Blending my passion for sustainable living, interior decoration and travel into each project makes it incredibly fulfilling. Eager to collaborate and create something beautiful together."
6736,"As an innovative digital strategist, I have collaborated with renowned companies such as GreenWave BrightScape and Lumina My expertise in crafting compelling narratives ensures that every piece resonates with audiences driving engagement and growth Eager to elevate your brand s presence through strategic storytelling and impactful content creation"
14483,"A spirited soul with an infectious zest for life's little adventures Always donning a radiant smile, they weave laughter into every conversation like a seasoned artist Whether exploring nature's serene beauty or diving into cultural escapades their enthusiasm knows no bounds In each gathering they are the spark that ignites joy and camaraderie among friends Known for their unwavering kindness, they touch hearts effortlessly with gestures of genuine care and understanding"
6718,"Born under the golden hues of an autumn sun, she embodies a spirit as free and vibrant as the leaves swirling in the crisp air. With laughter that dances like light through stained glass windows, her presence transforms any room into a haven of warmth and joy. Her passion for life paints everything with shades of curiosity and wonder, inviting all who meet her on a journey to explore not just the world around them but also the depths within themselves. She is a storyteller at heart, weaving tales that captivate and inspire, leaving trails of hope in their wake."
3321,Energetic individual with a passion for creating art Always ready to inspire others with her creativity and vibrant spirit Cherishes connecting with people and sharing her imaginative vision through various artistic expressions Known for bringing joy and positivity wherever she goes with an infectious enthusiasm for life
6720,"A vibrant soul with an infectious laugh, she has a keen eye for detail that transforms the mundane into magic. With hands that create as much as they nurture, her passion for artistry shines through every project big or small. Her warmth and curiosity make her an eternal student of life always ready to dive into new adventures and learn from each experience. Embracing both challenges and joys with grace, she inspires those around her with her unwavering optimism and boundless creativity."
6657,"She's an adventurer at heart, thriving on the thrill of discovery. With a quirky sense of humor and a penchant for bright bold fashion, she lights up any room. A passionate storyteller, her tales are woven with vivid details and infectious enthusiasm. Always curious, she embraces challenges head-on, turning obstacles into opportunities for growth. Her unwavering optimism is both inspiring and contagious, making every journey she embarks on an unforgettable experience."
20057,"As there is no original description provided, I cannot create a new one while maintaining a specific style tone or gender for you. If you have any other requests or need help with anything else, please feel free to let me know."
7330,"Intriguingly mysterious, she carries an air of quiet elegance that captivates everyone around her. Her sharp wit dances in lively conversations leaving listeners both amused and enlightened. With a passion for art and adventure, she often finds herself lost in books or exploring hidden corners of the world. Beneath her composed exterior lies a compassionate soul always eager to lend an ear or extend a helping hand."
6761,"A vibrant spirit with an infectious laugh, she is known for her adventurous soul and insatiable curiosity. With a penchant for storytelling, her friends are always eager to listen as she weaves tales from around the world. Her creativity knows no bounds whether it's in painting vivid landscapes or crafting intricate sculptures. In her warm embrace you will find a kindred spirit who values deep connections and cherishes every moment spent with loved ones."
7269,"She's an enigmatic force weaving stories with the elegance of a seasoned poet. Her laughter, both infectious and melodious, fills rooms like sunbeams cutting through dawn mist. With eyes that sparkle with mischief and wisdom alike, she approaches life with boundless curiosity, always ready to explore new horizons. A passionate gardener at heart, her hands bring life to the earth, nurturing seeds into vibrant blooms. Her presence is a reminder of nature's beauty, leaving an indelible mark on everyone who crosses her path."
1753,"Hello there, I am Femke a graphic designer and lifestyle blogger Born in Delft but moved to an apartment in Utrecht for study and work reasons. I studied Communication at the University of Amsterdam and use my creative flair to create social media campaigns that really shine. My portfolio including recent projects can be viewed here femke designs my canva site. I love working with companies and visually telling their story in a unique way"
6795,Fashion influencer with a passion for sustainable living eco friendly fashion DIY crafts wellness retreats and global cultural exchanges Known for their vibrant storytelling through photography and engaging tutorials that inspire mindful consumption and creativity in daily life
6872,A seasoned gardener with a passion for cultivating rare orchids sharing their blooming journey through engaging Instagram stories that captivate over K followers with each post's lush visuals and insightful tips Known for their vibrant creativity and green thumb they inspire others to embrace nature's beauty from their cozy greenhouse haven
14486,"As an AI language model, I cannot generate content from nothing or NaN as there is no existing information to rephrase or reinterpret. Therefore in this case, I would return none. If you have another description or need help crafting a new one, feel free to share it."
6851,"Energetic and curious, with an infectious laugh that brightens up any room she walks into. She has a talent for storytelling, weaving tales that captivate her audience from start to finish. Her eyes sparkle with excitement over the little things in life - whether it's a budding flower or a new book on her shelf. At heart, she is a lifelong learner who thrives on exploring the unknown and sharing her discoveries with others. Always ready with a kind word or helping hand, she brings warmth wherever she goes."
6834,"As an AI, when I encounter ""nan"" for a description that implies no existing content, my task is to return ""none"" or leave it empty as per your instructions. Therefore, there is no new description to provide in this case."
10327,"My name is Daniëlle Alvarado, an artist who recently discovered how I can express myself through colors and fabrics. My creative journey is shared online where people appreciate my dedication. I always speak clearly about what inspires me, I speak my mind and do it together with my beloved one and our three energetic little ladies"
6860,"She is an avid adventurer always seeking out the road less traveled with a heart full of curiosity. Her laughter is infectious echoing through forests she explores or city streets she dances down. A lover of art in all forms, she paints her world with vibrant colors and bold strokes capturing fleeting moments like fireflies at dusk. With every sunrise she writes another page in the unwritten story of her life guided by a spirit that refuses to be tamed by convention."
15261,"She's an innovative soul with a penchant for creative expression. Her vibrant personality illuminates every room, leaving everyone in awe. A lover of adventure, she dives into life with passion and curiosity. Whether crafting intricate art or solving complex puzzles, her mind thrives on challenges. With a heart as warm as the sun, she cherishes deep connections and spreads joy effortlessly. Her laughter is contagious and her kindness inspires those around her to embrace their own unique journeys."
14845,"Originally from Stockholm but now living in Amsterdam, I am passionate about exploring new cuisines and discovering hidden gems in every city I visit. Whether it's through local markets or street food festivals, my culinary adventures take me on a delicious journey around the world. With an insatiable curiosity for flavors and cultures, each meal is like stepping into another country without leaving home."
6837,"Sophia, with her infectious zest for life is a kaleidoscope of creativity and empathy. She effortlessly weaves stories that captivate and inspire drawing on her rich tapestry of cultural experiences. Her laughter is as melodious as her insightful conversations always leaving others feeling uplifted. Sophia's passion for art and adventure shines brightly in every endeavor she undertakes making the world a more vibrant place with her presence."
6922,"She is an enchanting storyteller with a flair for vibrant imagination. Her laughter is contagious, lighting up any room she enters. With a love for art, she often finds herself lost in painting or crafting unique jewelry. She enjoys long walks by the sea and cherishes deep conversations under starlit skies. Always curious, she seeks out new adventures and learns from each experience. In her heart lies a compassionate soul eager to spread kindness and inspire those around her."
7005,"Hello, I'm Susanna known as an adventurous soul who loves exploring music art travel wellness and culture. My passion for photography captures these experiences which I share with others through vibrant social media posts Additionally I engage my audience on Twitch by hosting creative workshops and discussions about life's inspirations"
5659,"Meet Alex from techtrendsetterlife on TikTok where I explore the latest in gadgets, tech trends and innovation. As a digital influencer, I dive into reviews, tips and how technology enhances everyday life with a focus on smart home devices, software and future tech."
6959,"A charismatic individual with an infectious laugh that lights up any room she enters. Her passion for art and literature is evident in every conversation as she effortlessly weaves stories from her vast imagination. Known for her kindness and empathy, she has a unique ability to make people feel valued and understood. In moments of solitude, she finds solace in nature's embrace, often reflecting on life's simple joys while painting the world with vibrant hues of curiosity and wonder."
6987,"She is an adventurous spirit with insatiable curiosity for life's endless mysteries. With a penchant for vibrant storytelling, she crafts vivid tales that transport listeners to distant lands. Her laughter is infectious, echoing through any room like a melody. Compassionate and resilient, she weaves kindness into every interaction. Whether exploring new horizons or nurturing deep connections, her presence inspires others to embrace their own journeys with courage and joy."
6952,"Energetic and adventurous, always seeking new experiences and thrills. With a heart full of compassion, this individual dedicates their time to helping others and making a positive impact in their community. A lifelong learner, they are endlessly curious about the world and its cultures. In moments of quiet, they find solace in painting, capturing emotions on canvas with vibrant colors. Friends describe them as a beacon of positivity, effortlessly inspiring those around them to chase their dreams with relentless enthusiasm."
6945,A passionate storyteller with an adventurous spirit always ready to embark on spontaneous journeys Loves painting sunsets at the beach and capturing life's fleeting moments through her camera lens Her laughter is contagious brightening every room she enters Devoted to nurturing friendships and cherishing family ties she believes in leaving a positive mark wherever she goes With a curious mind and an open heart she embraces each day with grace and enthusiasm
6899,"Ella is a effervescent storyteller with a flair for vibrant colors both in her attire and in the tales she spins. Her laughter rings like music infectious and joyful drawing people into her imaginative world. She loves nature finding solace in its quiet beauty often hiking to remote trails where she can sketch the landscapes that inspire her creativity. A passionate reader, she finds wisdom and adventure in every page always with an open mind for new ideas and connections."
6969,"Eagerly curious and spirited, she thrives on adventure and discovery. With a zest for life that's contagious, she embraces each day with enthusiasm whether exploring new cities or diving into books. Her laughter is infectious, lighting up any room she enters. Kind-hearted and always willing to lend a helping hand, her compassion extends to every soul she meets. She carries herself gracefully yet unpretentiously, valuing authenticity above all else. Her vibrant spirit is matched only by her boundless energy and creativity."
9771,A vibrant spirit at years young With a heart full of dreams they dance through life' s melodies with grace and curiosity embracing every new adventure Their laughter is infectious sparking joy wherever they go Passionate about creativity and connection this soul thrives in the art of storytelling weaving tales that inspire and unite A wanderer at heart always seeking out the beauty in unexpected places and friendships along the way
6902,"He is an adventurous soul with a love for painting landscapes and jazz music. His charisma shines through in lively conversations, always sprinkling humor like confetti. At heart he is a dreamer constantly seeking new experiences that inspire his creative spirit. Whether exploring bustling cities or serene countryside vistas, he finds beauty everywhere, capturing it both on canvas and in cherished memories with close friends."
6934,"Sophia is an effervescent spirit with eyes that sparkle like stars on a clear night, and her laughter is as infectious as sunshine after rain. A true Renaissance woman, she's equally at home in a paint-splattered studio or orchestrating lively gatherings among friends. Her compassion knows no bounds; always the first to extend a helping hand or lend an empathetic ear. With a curious mind, Sophia constantly seeks knowledge and adventure, thriving on life's unexpected turns while maintaining grace under pressure."
6914,"A vibrant soul with an infectious laugh, she's known for her creativity and zest for life. Her warm smile lights up every room and she has a knack for turning any situation into a joyful occasion. Passionate about art and nature, she finds beauty in unexpected places and inspires those around her to see the world through her colorful lens. Whether painting or planting, her enthusiasm is contagious, making everyday moments extraordinary."
10430,"An avid explorer of diverse experiences always eager to dive into fresh adventures with a sense of wonder and curiosity. With an open mind and adventurous spirit this individual seeks out novel opportunities that challenge the norm and expand horizons. Each day presents a chance for discovery whether through art, culture or nature embracing the unexpected twists and turns life offers."
7016,"She has an infectious zest for life that lights up any room she enters. Her laughter is a melody that lingers in the air leaving everyone around her smiling. She wears kindness like a second skin, always ready to lend a helping hand or a listening ear. Her creative spirit shines through her vibrant fashion choices and unique style making every moment an adventure waiting to unfold."
6975,She is an energetic and passionate person for the arts of cooking finding joy in creating innovative and delicious dishes. Her contagious enthusiasm inspires those around her to explore new gastronomical cultures. She deeply values time with her loved ones organizing intimate dinners that become memorable family gatherings. Outside of the kitchen she enjoys hiking finding peace in natural landscapes and motivation for new culinary adventures. Her optimism is unshakeable always searching for light even on grey days.
7000,"Evelyn exudes an air of serene confidence with her graceful demeanor and intelligent eyes that sparkle with curiosity. Her laughter is infectious drawing people in like moths to a gentle flame. She's the quiet strength behind every group effort offering support without seeking recognition. Evelyn has an artist's soul finding beauty in life's simplest moments, a blooming flower or a well crafted sentence. Her presence is both calming and inspiring as if she carries the wisdom of the ages within her soft spoken words."
6984,"As a accomplished artist, she channels her creativity into vibrant canvases that speak volumes about her passion for color and emotion. Her intuitive approach to artistry is matched by a profound understanding of human expression resulting in pieces that resonate deeply with viewers. Beyond her studio, she thrives on inspiring others through workshops sharing not just techniques but the joy of artistic discovery. With elegance and grace, she navigates both her personal life and professional endeavors leaving an indelible mark on all she touches."
7062,"Evelyn dances through life with infectious zest, her laughter a melodic echo that lights up any room. With eyes reflecting curiosity's endless depth, she finds beauty in the smallest moments weaving stories from strands of everyday magic. Her heart beats to the rhythm of kindness and adventure, always ready to embrace new challenges and friendships alike. In Evelyn's world, every day is an opportunity for joy and discovery shared with grace and a touch of whimsy."
7042,"Elena possesses an enigmatic charm that effortlessly draws others in. Her laughter echoes with contagious warmth, leaving traces of joy wherever she goes. With eyes like deep pools of wisdom, she carries stories untold yet to be shared. A lover of art and nature, her soul thrives on creativity and the serene whispers of the forest. Elena navigates life with grace and resilience, always ready to lend an ear or a helping hand. Her presence is both grounding and inspiring, illuminating paths for those around her."
7025,"A meticulous librarian with an eye for detail, she finds solace in the quiet corridors of knowledge. Her laughter is a soft melody that echoes between shelves inviting curiosity with every word. With ink stained fingers, she crafts stories from the whispers of history, her imagination as boundless as the volumes around her. She wears wisdom like a well-loved shawl, each thread spun from tales untold and dreams unfurled."
6983,"She radiates an enchanting blend of elegance and approachability effortlessly navigating any social scene with a warm smile that invites conversation. Her eyes sparkle with intelligence and kindness hinting at stories yet to be told. With an infectious laugh and a penchant for fashion-forward choices, she is the kind of person who leaves a lasting impression making everyone feel both inspired and comfortable in her presence."
7080,"An eager explorer with a heart full of wanderlust, she is constantly seeking new adventures under vibrant skies. With laughter that echoes through mountains and an insatiable curiosity for cultures around the world, her spirit dances freely. Each sunrise finds her ready to uncover hidden tales in bustling cities or tranquil villages. A soul stitched from dreams, she thrives on connection and discovery, painting each moment with the vivid colors of her boundless imagination."
7157,"A visionary leader with an infectious smile known for her boundless energy and creative flair, she effortlessly blends innovation with empathy inspiring those around her to embrace change with courage and joy. Her laughter fills rooms like sunshine breaking through clouds while her insights illuminate paths previously unseen. A natural at weaving connections, she transforms ideas into reality with grace and determination always leaving a lasting impact on hearts and minds."
3835,"With elegance and flair, this individual exudes confidence and charm. Their sharp intellect matched by a captivating smile allows them to navigate life's complexities with grace and poise. Their warm engaging personality draws others in effortlessly making every conversation both enlightening and delightful. Whether leading with conviction or listening intently, their presence is both inspiring and comforting. This person's thoughtful nature shines through as they balance ambition with empathy leaving a lasting impression wherever they go."
7131,"Eagerly embracing life's adventures, I am a curious soul with an insatiable thirst for knowledge. A lover of vibrant colors and harmonious melodies, I find joy in exploring new horizons and engaging in heartfelt conversations. Passionate about creativity whether through painting or storytelling, I strive to make every moment count while cherishing the simple pleasures that life offers. With a warm heart and an optimistic outlook, my days are filled with laughter, learning, and the pursuit of dreams."
7399,"She radiates warmth and creativity with an infectious enthusiasm for life's little adventures. Her vibrant personality often draws people in like a magnet making her the heart of any gathering. She has a knack for storytelling that leaves you hanging on her every word, blending humor and wisdom effortlessly. With her expressive eyes and contagious laughter she brings joy wherever she goes, inspiring those around her to embrace life's possibilities with open hearts and minds."
7522,Renowned chef and author with a flair for fusion cuisine known for captivating television audiences with vibrant personality and culinary expertise Engages fans through social media with insights into sustainable cooking practices and a sprinkle of humor Enjoys exploring global food markets in their free time always on the lookout for the next gastronomic adventure
7105,A spirited young woman who crafts videos celebrating life's finest offerings captivating tales delectable bites and unforgettable adventures Whether it's exploring new horizons or sharing heartfelt moments her passion shines through every frame Join her as she turns everyday wonders into timeless memories
5130,"Energetic and curious, she approaches life with a vivacious charm that lights up any room. With an artist's soul, her vibrant paintings tell stories through bold colors and imaginative strokes. A lover of nature, she often finds herself hiking in serene landscapes finding peace and inspiration amidst the trees. Her infectious laughter and thoughtful conversations make every encounter memorable. Despite her adventurous spirit, there is a softness to her that draws people close, revealing her compassionate heart beneath her spirited exterior."
7133,Alexandra is a master chef who crafts delicious meals that save you time in the kitchen while delighting your taste buds with every bite With her flair for culinary creativity and efficiency she ensures that each dish brings joy without any hassle
7470,"A visionary with an infectious laugh, Alex finds joy in crafting stories that inspire change. With a passion for artistry and innovation, they often surprise friends with spontaneous adventures or heartfelt conversations over coffee. Their warm presence and open heart make them beloved by many as they continuously strive to leave the world a little brighter than they found it."
7143,"As the original description is NaN, I am unable to provide a modified version. However, if you provide an existing description, I would be happy to help recreate it while maintaining its style, tone, and gender characteristics within words."
6710,"Hello, I spent three years delighting audiences as an author and recently embarked on creating content centered around culinary adventures and sustainable living. My passion lies in exploring the intersections of food culture and eco consciousness. Excited to share my journey with you all"
7500,"A spirited individual who thrives on adventure and curiosity. Their eyes sparkle with enthusiasm as they explore new ideas constantly seeking out life's hidden gems. With a penchant for storytelling, their conversations are sprinkled with wit and wisdom drawing others into their captivating world. This vibrant soul finds joy in the simple moments cherishing laughter and connection above all else. Energetic yet grounded they navigate life's twists with grace always open to learning and growing."
7161,"As a creative artist with an eye for design, I am passionate about exploring various art forms such as painting, digital illustration and graphic design. At I love sharing my projects and insights on TikTok often focusing on artistic techniques, inspiration and the stories behind my creations. Social media is not just a platform but a canvas for me to connect with fellow creatives and grow in this vibrant community."
7171,A passionate artist who finds inspiration in the vibrant chaos of city life capturing fleeting moments with a keen eye for detail With an infectious laugh that lights up any room they possess a warmth and genuine curiosity about the world around them Always ready to embark on spontaneous adventures their zest for exploration is matched only by their deep appreciation for meaningful conversations
7594,"My name is Eva. I am a curious, cheerful and adventurous young woman. Creating artworks and sharing them with the world appeals to me. I enjoy trying new things and discovering unexpected places."
7535,"She is an adventurous spirit with a passion for exploring uncharted territories both in her travels and through her art. Her vibrant personality shines as she paints vivid landscapes inspired by exotic locales capturing the essence of each adventure on canvas. Friends admire her boundless energy and creativity, often finding inspiration in her zest for life. With every new dawn, she embraces challenges with a fearless smile weaving tales of wonder that inspire those around her."
7465,"Olivia, I am Emma and I love to give insight into the world of a young artist on Instagram. I do this with a flair for colorful humor and by showing myself authentically. I share my daily creative adventures illuminated with a touch of playfulness and hearty cheerfulness"
7510,"She is an adventurous spirit with a zest for life that is contagious. Her laughter dances through the rooms, leaving everyone feeling uplifted. A lover of nature, she spends weekends exploring trails or tending her vibrant garden. In her free time you will find her painting landscapes inspired by the world around her, capturing each brushstroke with a moment's magic. She embraces challenges with grace and creativity, turning obstacles into opportunities for growth. Her warmth and resilience make her an inspiring friend and confidante to all who know her."
7553,A charismatic storyteller with an infectious laugh always ready to light up a room with tales from travels far and wide Passionate about exploring new cultures and cuisines this adventurous soul cherishes moments spent discovering hidden gems in bustling cities and tranquil countryside retreats Known for their generous spirit they are the first to offer help or share insights drawn from their diverse experiences Their love for connecting people through stories makes every gathering memorable and warm
7543,"Hi, I'm Christel. I love to explore new cuisine and capture culinary adventures on my blog."
7542,Ella exudes an aura of elegance and charm with her sparkling laughter echoing like a melodious symphony. Her eyes hold stories of kindness and wisdom reflecting her nurturing soul. She moves through life with grace effortlessly balancing passion for art and nature's tranquility. Her warm smile invites genuine connections making everyone around feel cherished and inspired.
7618,"She has an infectious energy that lights up any room she enters. Her laughter is a melody and her conversations are filled with wit and warmth. She's known for her kindness and genuine interest in others' stories. In everything she does, there's a sense of purpose and passion. Whether organizing community events or crafting beautiful art pieces, she leaves a lasting impression. Her friends describe her as adventurous yet grounded, always ready to embark on new experiences while staying true to herself."
4412,"By mastering meditation, I transformed my inner world with mindfulness techniques. For over a decade, I embraced minimalism, decluttering not just spaces but also the mind. This journey fostered an incredible sense of peace and clarity in everyday life."
3171,"I create unique fashion inspirations on Instagram where I combine trendy outfits with personal styling tips. Additionally, I share style advice and homemade makeup looks that my followers can mimic in their own comfort zone."
7708,"Elegant and poised, with an air of quiet confidence, she navigates life's complexities with grace. Her eyes sparkle with curiosity hinting at a rich tapestry of stories and adventures behind them. Known for her keen intellect and warm-hearted nature, she effortlessly connects with people from all walks of life. In moments of solitude, she finds solace in the gentle rustle of leaves and the soft whisper of turning pages. Her laughter is infectious, bringing light to any gathering she graces."
7727,"A spirited individual with an infectious laugh, this woman radiates warmth and positivity wherever she goes. Her eyes sparkle with curiosity and kindness often seen with a book in one hand and a cup of tea in the other. Whether organizing community events or simply lending an ear to a friend in need, her compassion knows no bounds. She effortlessly blends elegance with approachability making every interaction memorable."
14851,"She possesses an infectious enthusiasm that lights up any room she enters. Her laughter is as genuine as it is captivating, echoing with warmth and spontaneity. She's a master at turning mundane moments into memorable experiences, often weaving stories with her articulate charm. With a spirit of adventure, she thrives on new challenges, approaching them with both grace and determination. Her compassion knows no bounds; she always has time to lend an ear or offer support, making others feel cherished and understood."
7758,"She is an enigmatic spirit with an infectious laugh that lights up every room she enters. Her eyes are a kaleidoscope of curiosity and kindness, seeming to understand your soul before you do. At heart, she is a storyteller who weaves tales with flair for drama and wit, making the ordinary extraordinary. With a passion for adventure, whether exploring new cuisines or hidden trails, she embraces life's unpredictability with grace and courage, always leaving others inspired by her boundless zest."
7733,As an AI when I receive nan as input for a task that requires modification or recreation of content it indicates there is no existing data to work with. Therefore in this case I will return nothing as requested. If you have any other requests or need further assistance feel free to let me know.
4884,An adventurous soulmate who breathes music books and extensive walks My lifestyle can be seen as a romantic dream with a pinch of humor Spoiler alert routine is a misconception but joy in the little things is priceless
7720,"A vibrant individual with an infectious enthusiasm for life's simple pleasures, always seen with a twinkle in their eye and a smile that lights up any room. They possess a quick wit and an unending curiosity about the world, often diving into new hobbies or interests with unparalleled zest. Their laughter is contagious, drawing people in like moths to a flame making them a beloved presence wherever they go. This person thrives on connection, cherishing deep conversations as much as lively banter, always leaving others feeling uplifted and inspired by their boundless energy."
7772,"She possesses an infectious enthusiasm for life that shines through every action. Her laughter like a melody can lighten any room while her wisdom often speaks volumes in silence. With a heart as vast as the ocean, she nurtures friendships with unwavering dedication and kindness. Whether crafting art or weaving stories, her creativity knows no bounds, transforming even the mundane into something magical."
7748,"A spirited soul with an insatiable curiosity, she dances through life's tapestry like a whirlwind, her laughter echoing in every corner. Her eyes sparkle with untold stories, each glance a vivid narrative waiting to unfold. She crafts worlds with her words, weaving enchantment into the mundane. Her warmth is infectious, drawing others into her orbit of creativity and joy. A painter at heart, she colors her days with passion and purpose, leaving trails of inspiration wherever she goes."
7737,"She possesses an infectious enthusiasm for life that lights up every room she enters With her warm smile and engaging storytelling, she captures hearts effortlessly Her passion for travel is matched only by her love for painting where vibrant colors reflect her vivid imagination She thrives in both adventure and tranquility balancing a spirited spirit with moments of serene introspection In conversations or solitude, her curiosity and wisdom shine through making every interaction memorable."
7750,"She is an unapologetically vibrant soul with a penchant for eclectic fashion often seen draped in bohemian layers and vintage finds. With laughter that echoes like melody and eyes sparkling with mischief, she navigates life with a sense of boundless curiosity. Her spirit dances freely across the canvas of her adventures each one a splash of color on the vivid tapestry of her world. Always a storyteller at heart, her words weave enchanting tales leaving listeners enthralled and yearning for more."
7745,"Dynamic and adventurous, she thrives in vibrant settings always seeking new experiences. With a zest for life that is contagious, her laughter is as bright as her spirit. Whether exploring ancient ruins or trying exotic cuisines, she embraces every opportunity with open arms and an eager heart. Her infectious enthusiasm inspires those around her to seize the day and dive into life's endless possibilities."
14815,A charismatic soul with an eye for detail often found lost in thought or passionately engaged in lively conversations Known for a quick wit and infectious laughter they radiate warmth wherever they go With a penchant for creative pursuits be it painting on canvas or crafting stories from thin air their creativity knows no bounds Always eager to explore new horizons this individual thrives on adventure and the thrill of discovery making every moment an opportunity to learn and grow
7739,"She's an adventurous spirit with a penchant for creativity and bold ideas. Whether she's exploring new horizons or crafting unique stories, her vibrant energy captivates those around her. With a heart full of empathy and a mind brimming with curiosity, she navigates life's challenges with grace and resilience. Her laughter is infectious, brightening even the dullest days. She thrives on meaningful connections and cherishes every moment spent with loved ones, always leaving a lasting impression through kindness and authenticity."
7803,"With fiery determination and infectious laughter, Jordan navigates life like a vibrant river carving its own path. Known for their artistic flair, they turn everyday moments into masterpieces with just a stroke of creativity. Always eager to help, they light up rooms drawing people in with genuine warmth and wit. Whether sketching new horizons or crafting heartfelt connections, Jordan's spirit is an endless source of inspiration."
7799,She possesses an effervescent charisma that lights up any room she enters exuding confidence and warmth in equal measure With a keen intellect and an infectious sense of humor her conversations are both enlightening and delightful Her style effortlessly blends elegance with comfort reflecting her adventurous spirit and zest for life She approaches challenges with unwavering determination and grace inspiring those around her to embrace their own unique paths
7808,A visionary with insatiable curiosity always seeking new horizons Artistic at heart yet grounded in practicality Charismatic leader known for inspiring innovation and change Balances boldness with empathy fostering strong connections In every endeavor driven by a relentless pursuit of excellence leaving a trail of transformative impact
7819,"Ethereal in her presence, she dances through life with grace that belies the vibrant energy radiating from within. Her laughter is a melody that lifts spirits and her eyes are deep pools reflecting endless curiosity about the world and its myriad wonders. With words as gentle as they are persuasive, she weaves connections between people effortlessly leaving behind trails of inspiration wherever she goes. Even in moments of contemplation there is a subtle joy that seems to emanate from her very being touching all who cross her path."
7787,"She is an adventurous spirit with a generous heart and a smile that brightens any room. Her eyes reflect curiosity about the world and an unwavering love for books and classical music. She loves to explore new places and always seeks to learn something new from every experience. She is known for her unique style of mixing vintage garments with modern pieces, and has a special ability to make those around her feel valued and heard. She lives life to the fullest by knowing how to appreciate the small details that make each day's journey great."
7813,"A spirited individual with an infectious laugh, they carry themselves with a quiet confidence that invites both curiosity and admiration. With eyes that sparkle like stars on a clear night, they have a knack for making even mundane moments feel extraordinary. They often wear their heart on their sleeve, revealing a passionate soul who cherishes deep connections above all else. Their presence is warm like the gentle embrace of a long lost friend and they exude an enduring sense of optimism that lights up any room."
15258,"She's an adventurous spirit with a penchant for spontaneous road trips and exploring hidden gems. With her vibrant personality, she lights up any room and leaves lasting impressions on everyone she meets. An avid reader, she finds solace in the pages of a good book, often sharing stories that inspire and uplift. Her infectious laughter is as captivating as her compassionate heart, always eager to lend an ear or extend a helping hand."
7840,"She is a vibrant life teacher and generous heart always willing to inspire with her charming stories. Her contagious laughter illuminates any inhabitant who steps in, and her restless mind leads her to constantly explore new horizons. She loves getting lost in the art of coffee where each cup is a masterpiece of aroma and imagination. In her free time she enjoys walking under the stars letting her thoughts slip like a calm river towards infinite night."
7905,A captivating individual with an infectious zest for life always dressed in a tapestry of vibrant colors that reflect their eclectic taste Their laughter is contagious and their storytelling prowess can transport you to worlds both familiar and fantastical They have an insatiable curiosity about people and places often seen exploring new cuisines or cultural experiences with boundless enthusiasm Despite their adventurous spirit they possess a nurturing heart and are fiercely loyal to those they hold dear
7827,"She is an adventurous spirit with a heart for exploration and creativity. Every morning, she dances in her colorful studio surrounded by canvases that capture her vibrant imagination. Her laughter echoes as she experiments with flavors in her garden kitchen, blending spices from distant lands into comforting dishes. In the evenings, she writes under the glow of lantern light, weaving tales that transport you to magical realms. With a kind soul and an open mind, she finds joy in connecting with diverse cultures and sharing stories of wonder and discovery."
7856,"She is an adventurous soul with a penchant for spontaneous road trips and exotic cuisines. Her laughter echoes throughout every room she enters, brightening even the dullest days. A voracious reader, she often loses herself in fantasy worlds and philosophical musings alike. With her vibrant spirit and infectious enthusiasm, she inspires those around her to chase their dreams fearlessly. Whether painting a landscape or composing music on her guitar, creativity flows through her veins like a river. She is the kind of friend who brings light and joy wherever she goes."
7882,"A fiercely independent individual with an infectious enthusiasm for life's myriad adventures. Known for her quick wit and insightful observations, she thrives on creativity and often surprises those around her with unexpected talents. Her passion for social justice fuels her activism while her boundless empathy makes her a cherished friend. Whether leading a vibrant discussion or embarking on a spontaneous road trip, her zest and authenticity light up every room she enters."
1587,"She thrives in the realm of creativity, her days filled with the vibrant strokes of a paintbrush or the delicate dance of sculpting clay. A lover of nature, she often finds inspiration amidst the whispering trees and babbling brooks during her serene hikes. Her laughter is infectious and her passion for music echoes through her soulful singing. With an ever curious mind, she delights in exploring new cultures through literature and travel, always eager to learn something novel. Her kindness radiates warmth drawing people close to her generous spirit."
7539,"Hello, I'm Elara, a passionate art enthusiast. On my Instagram page you will find my favorite galleries and museums but I also share insights into fashion travel diaries DIY home decor tips and occasional makeup tutorials Enjoy the creative journey"
7841,"Passionate about art, she often finds herself lost in a world of colors and brushstrokes. She spends her weekends wandering through galleries or hosting lively gatherings with friends to discuss her latest inspirations. She enjoys experimenting with different mediums from watercolors to digital designs constantly seeking new ways to express her vibrant inner landscape. Her home is adorned with eclectic pieces that reflect her adventurous spirit and love for creativity."
7898,"She is an adventurer at heart with a flair for storytelling. Her laughter dances through the air, contagious and bright as she regales friends with tales from her travels to distant lands. With eyes that sparkle with curiosity, she always seeks out new experiences, whether it be diving into ancient ruins or exploring vibrant street markets. At home, she finds solace in painting landscapes that capture the essence of her journeys, each brushstroke a testament to her wanderlust and creative spirit."
7886,"A vibrant soul with an infectious laugh, she radiates warmth like a cozy fireplace on a chilly evening. Passionate about exploring life's myriad hues, her curiosity leads her to dance through adventures as if they were choreographed stories. Each moment is savored, each connection cherished, leaving trails of joy wherever she goes. Her presence is like a gentle breeze, refreshing and invigorating those around her."
683,Adventure Photographer Nature Enthusiast Landscape Lovers Captures Artistry Journeys An explorer of the world capturing nature s beauty through the lens This photographer shares breathtaking landscapes and stunning vistas from around the globe always seeking new adventures and artistic inspiration Through a passion for travel and art they create visual stories that inspire others to explore and appreciate the wonders of our planet
