id,title,description
951,Beer Subscription Promo,"You will receive the beer subscription at home, after which you can make several posts every month. This could be an Unboxing Tasting Cooking with foodpairing tip and serving this beer alongside it. Other options are negotiable. An affiliate deal or a fixed deal can be agreed upon."
3077,Exclusive Coffee Date La Mulata Specialty Coffee,"Join us for a cozy and cute coffee experience at La Mulata Specialty Coffee, the brand new in-store coffee spot in Amsterdam inside the cute boutique Following Lucy, a clothing store for women. With its secret coffee garden you escape from the busy Haarlemmerdijk in the center of Amsterdam and enter this hidden gem. As an influencer you’ll get to enjoy one of our Signature Coffees for free in exchange for sharing your experience and tagging us on Instagram and TikTok. Our Signature Coffees: Mulata Café Bombón Cortado de Rosas Lucy's French Toast Latte Lavender Matcha Latte Come sip, snap and share the perfect coffee moment in this stylish boutique setting."
2868,UGC Plate Tiles video for tiktok and instagram,"Hi, we are looking for someone to make an Instagram reel or TikTok video about our self-adhesive bonding tiles. You can choose a tile from our website that is still in stock. What we expect from the video Some kind of similar video like this one https vm tiktok com ZNeKDBctb You start by filming the packaging of the tiles with our brand name visible Then you show how to hang the tiles in your own toilet bathroom or kitchen And at the end you show the end result Own interpretation creativity is appreciated in this A requirement is that we are happy to forward the video so that we can use it for our own use commercial purposes"
3405,Unboxing Testing the Electric Water Gun,"We are looking for influencers to showcase the Electric Water Gun, a powerful and easy-to-use water blaster that takes water fights to the next level. With its automatic shooting mechanism and high speed water stream, it is perfect for endless outdoor fun. What You Get: The product will be shipped to you for free and you can keep it after the collaboration. What to Highlight: Show off how the electric water gun works its power and range and how it can make water battles more exciting than ever."
2031,Experience the TV program De Verraders now at home.,"We are looking for fun content creators who want to create content for our game De Verraders the board game. Are you the traitor or can you unmask the traitor? Play now De Verraders the board game based on the successful TV program and play this exciting and treacherous game with friends and family at home. Can your friends still be trusted when it comes to silver, and how well can you actually lie if necessary? Play different missions with each other in order to earn silver, but keep an eye on each other because there is a traitor with secret missions among you. Discuss during the Round Table who shows conspicuous behavior and vote on who you think is The Traitor. But beware: if you get too close to The Traitor and The Traitor has completed the secret mission, then your life in the Night is not safe. De Verraders board game, the game that you play together while actually nobody can be trusted Who is The Traitor and who are The Loyalists Find out in the final and run away with all the silver Do you want to create fun content for this game? Send us a message"
3306,Hair dryer with diffuser and without charge,"Are you a fan of perfectly styled curls? We are looking for someone who wants to review our diffuser hair dryer. What do you get A free diffuser hair dryer worth No need for visual material, only your honest review Will you help us with a valuable review Let us know"
1599,Toy of the Year winner Play Now Medical Mysteries,"Hey We are looking for fun content creators who want to make a video about our new game Medical Mysteries In Medical Mysteries you work together as a team to solve mysterious medical cases and help your patients survive the night The clock is ticking so be sure to make the right decisions to save the patient Each box contains four different patients, with approximately minutes per patient to solve the mystery Teamwork is key to success in this exciting game and the best part is that you don’t need any medical knowledge to play this game Are you a fan of games and love playing the latest games Send us a message"
2142,Free lunch at LOT DAAN,LOT DAAN is a vibrant spot for all day breakfast and lunch in the heart of Rotterdam Whether you re craving a cozy morning treat or want to enjoy brunch at PM we re here to welcome you Our philosophy Keep it honest and simple with locally sourced quirky veggies wholesome grains and no unnecessary additives We provide the foundation and you choose the extras for a meal that feels just right for you Here is what we offer Stories Package This package is only available for Instagram accounts with over followers Post Instagram stories and a review on both Google TripAdvisor free lunch up to Reel Package Create an Instagram Reel or TikTok video in addition to Instagram stories and reviews on TripAdvisor and Google free lunch up to This is a creative barter arrangement your authentic engaging content for a delicious LOT DAAN experience
1835,FREE Luxury Curling Iron Gratis Hair Curlers,"Do you love creating stunning hairstyles? We are looking for someone to try one of our styling tools. Take a chic lifestyle photo and create a fun short video. As a reward, you will receive our fantastic product FOR FREE and more! Let's work together and get creative. More details will be shared during the briefing. What you get: Free product (curling brush or automatic curling tong) discount on our whole website Additional Rewards up to Based on Video Views Note Feel free to keep responding to our brand deals We randomly select people each month If you are not selected this time, you can try again next month for another chance"
3310,My Cloudy Dream Airflow Kissing Pillow Lazy Velvet Easy Duvet,"We are looking for an enthusiastic content creator to test our ultimate sleep combination. The new Airflow pillow with the special honeycomb pattern and the Lazy Velvet Easy duvet, a duvet and cover all in one. Are you creative, energetic and not afraid to talk on camera? Do you have humor and good editing skills? Then this is your chance to collaborate with Budget Bed. You will receive these products from us as a reward and if it goes well there may be more collaborations in the future."
3307,FREE Diffuser with v,"Are you a fan of perfectly styled curls? We are looking for someone who wants to review our diffuser hair dryer. What do you get A free diffuser hair dryer worth No need for visual material, just your review Will you help us with a valuable review Let us know"
2553,Sleep well tape,"Why Sleep Well Tape There are many tapes on the market, but not everything is suitable for your lips. Some tapes cause irritation or pull skin cells away. The perfect tape Sleep Well Tape Doesn’t cause irritations and doesn’t leave any glue residues. Ensures deeper sleep Keeps bacteria out Reduces nighttime peeing Avoids snoring Prevents a dry mouth Improves your sleep quality so you need less sleep"
2614,Magnetic Tiles content,"We are looking for enthusiastic content creators who can create inspiring and attractive content around our magnetic tiles. Our target group consists of families, children and creative adults who love building, discovering and playing. Having children is a plus because this helps to create authentic family-oriented content. Goal of the content Providing inspiration Show how versatile the magnetic tiles are Increase engagement Create content that invites interaction such as likes, shares, comments Education Show how the magnetic tiles contribute to creativity, problem solving and motor development Stimulate sales Focus on the benefits and fun of playing with the tiles"
3040,FREE GIFTCARD,Please do not apply for more than one store or date just apply for the store you can visit on the day you can visit We will give you a free giftcard at the store during your visit to spend on whatever you like from our products in return we expect a fun colorful video of our store and the items you bought
3406,Low Carb Four Week Step-by-Step Plan,Free Book with a week by week meal plan and shopping list free bonuses Delicious easy low carb recipes Access to our Together Slimming community
2870,Wella Ultimate Smooth Line T V,Do you want to promote the latest line from Wella? We are looking for you! Get a package TWV and make the coolest content on TikTok videos or on Instagram posts and stories.
2554,CBD oil,"Beyuna’s CBD oil consists only of CBD A and hemp seed oil. The CBD oil has a slightly thicker structure because the CO extraction is a gentle, clean extraction without heating in which cannabinoids are well preserved more natural plant material remains in the hemp paste. When the bottle is in a cold environment, the oil may become thicker and even viscous in texture. Tip: Store the bottle in a dark place at room temperature and warm up the bottle between your hands before use. The heat keeps the CBD oil liquid"
2497,Homemade Egyptian Food,"We are excited to offer you a voucher to experience the Homemade platform. With this voucher, you can select dishes from our talented local chef in Rotterdam and enjoy a fresh authentic meal delivered right to your door. Share this experience with your followers and help us showcase the talent of a home-based chef in your community."
3149,Winne Feis SCHILDERIJ poster print,A FREE poster print of this painting by Winne Feis Every Dutch Hip Hop connoisseur knows this iconic Barz session from Winne Feis This painting perfectly captures the feeling of this session Irresistible for true enthusiasts Create content when unpacking this print or just as it is hung up Show the level of detail in the right bottom corner with the logo and mention Pencilking pronunciation pensil king several times
3309,BluMill Coffee Machine,"Make the perfect oat cappuccino with BluMill Are you a coffee lover and always in for a delicious cafe latte espresso or creamy cappuccino With the BluMill Coffee Machine, you determine the amount of foam yourself and you can perfectly froth both cow's milk and plant-based milk We are looking for enthusiastic content creators who want to test this machine and share their experience. We will send you a short script as inspiration, but of course you may give it your own twist What do you get The BluMill Coffee Machine as reward Chance on a long-term collaboration if we are a good match Does this sound like something for you? Let us know"
3044,FREE GIFTCARD,Please do not apply for more than one store or date just apply for the store you can visit on the day you can visit We will give you a free giftcard at the store during your visit to spend on whatever you like from our products in return we expect a fun colorful video of our store and the items you bought
3150,Mother's milk jewellery,Let’s Collab Are you someone who has given breast milk or do you know someone who wants to give it? Do you want to cherish this beautiful journey? Then we have the perfect piece of jewelry that your mother's milk can be in and you can wear it with you forever. We are looking for creative content makers who want to promote our handmade breast milk jewelry in exchange for content
3409,Pamper Mom with Blokzeep,Unboxing videos of the Mother’s Day gift sets
2374,Drink for the sports creator,"Do you have a passion for running cycling or triathlon? Perfect, we are looking for you. Vitalicsport com is a sports brand aimed at endurance athletes to help them become and stay free of injuries. For our content marketing, we are therefore looking for enthusiastic and sporty creators. Currently, we are specifically looking for collaboration linked to our drink bottle set. The videos do not have to be standard advertisements. We actually prefer it when you use our products to share valuable tips such as tips on how to effectively use a foam roller or the most effective exercises with a fitness band. There are few restrictions on the type of video that you make, so let your creativity run free. In addition, you can also give a discount code to your followers in percent so that the collaboration also benefits your followers"
195,BCD at Jimmy Woo this Saturday,x Guest list for BCD at the Jimmy Woo this Saturday
3842,Zavor coffee.,Get a bag of 100g of honest Zavor Dark Roast coffee beans and a bag of 100g of Zavor Freshbrew Red ground coffee.
3046,FREE GIFTCARD,Please do not apply for more than one store or date just apply for the store you can visit on the day you can visit We will give you a free giftcard at the store during your visit to spend on whatever you like from our products in return we expect a fun colorful video of our store and the items you bought
3151,New Hair Care Line for Women and Men.,We are a new hair care brand located in Belgium with an online webshop and store in Kortrijk. We are looking for influencers with a strong and engaged follower base preferably with a focus on hair care and beauty Both male and female influencers Influencers with voluminous hairstyles are welcome Piercings or tattoos are allowed and even encouraged for an authentic look We are launching a Valentine special for incl shipping for products oil is out of stock deal from until
2947,Premium Natural Dog Supplements,Free product worth of my money in exchange for a photo of the dog with the product. Choice between Anti Itch Allergy Fresh Breath Teeth Hip Joints Anti anal glands
2300,Launch of the Nutrition App,"Launch Deal Promote our Keto App Get Free Access Are you a food or lifestyle influencer who loves healthy eating and personalized tools? This deal is for you. We are launching our brand new keto app, a revolutionary tool that allows users to get a personalized keto weekly menu tailored to their goals. Receive shopping lists so that healthy eating becomes simple. Access more than 100 premium recipes and standard recipes perfect for every moment of the day. What you get as an influencer: free access to our premium app for a month. Exclusive access to all functionalities and recipes. The opportunity to discover and test our app with your followers. What we ask of you: your creative UGC content, such as a post video or story, to showcase our app. Share your personal experience with your community and inspire others to try keto in an easy way. Why join? This collaboration offers you the opportunity to create unique content and add value to your followers while enjoying our exclusive premium features. Does this sound like the perfect match? Grab this chance and promote a healthier life together with us"
2556,Wash strips for a discount,"Discover the benefits of plant-based stain remover and laundry detergent in Eco-friendly Laundry Strips, enjoy a clean wash that is gentle on your clothes, safe for the environment and suitable for sensitive skin of your little one. Whether you are washing baby clothes, bedding or daily wear, the Laundry Strips provide powerful cleaning without the downsides of traditional detergents"
2505,Menu Tasting Egyptian Homemade Food,"We are excited to invite you to experience Nasomy's authentic Egyptian cuisine right from her home kitchen in Rotterdam. Instead of a standard voucher, we are offering a personalized tasting menu featuring several of Nasomy's signature dishes carefully curated to give you a true taste of Egyptian home cooking. This exclusive meal will be delivered straight to your door ensuring freshness, quality and an intimate culinary journey."
3152,Free Supplement Superfood Functional Mushroom Blend.,Looking for a better coffee alternative without the jitters and energy crashed? Try our functional mushroom superfood blend for free! We would love for you to post either some nice pictures of you with our product or share a video review detailing your experience using our Morning Blend.
3153,The best and most fun sleep supplement Snoozeshot,Snoozeshot is a new sleep supplement developed by former poor sleeper Anton van Beusekom from Amsterdam. Check the renewed website for more information.
2498,Homemade Japanese Food,"We are offering you a voucher to order a homemade Japanese meal from our certified home chef in Amsterdam. With this voucher, you can enjoy an authentic handcrafted dish that highlights traditional flavors, fresh ingredients and the personal touch of an expert home cook."
3381,Promote the free Crokinole board game to play for €20,"Board Game Influencers Wanted Are you an influencer on TikTok or Instagram and do you love board games? We have something special for you. Crokinole is the best undiscovered board game that is now conquering Europe, and we need your creativity to make it even more popular. What should you do? It's simple: play Crokinole with your friends, enjoy the game, and let your creativity run wild. Make fun videos of your best tricks and share them with your followers. Your unique style and enthusiasm can take this game to a higher level. Crokinole is a super-fun and accessible game that you can learn in less than three minutes. It's perfect for everyone from 5 years old, so you can play it with friends and family. A little about me and Crokinole: This amazing board game comes from Canada. Five years ago I discovered it and was immediately in love. Unfortunately, it wasn't available in Europe and the shipping costs were exorbitant. But now I have produced the game myself and offer it within Europe with FREE shipping. This is your chance to discover a unique board game and share it with your followers. Let's make Crokinole popular together in Europe"
3042,FREE GIFTCARD,Please do not apply for more than one store or date just apply for the store you can visit on the day you can visit We will give you a free giftcard at the store during your visit to spend on whatever you like from our products in return we expect a fun colorful video of our store and the items you bought
3041,FREE GIFTCARD,Please do not apply for more than one store or date just apply for the store you can visit on the day you can visit We will give you a free giftcard at the store during your visit to spend on whatever you like from our products in return we expect a fun colorful video of our store and the items you bought
3383,Play and promote a free Crokinole board game worth € and more,"Looking for board game enthusiasts Are you an influencer on TikTok or Instagram and love board games Then we have something very special for you Crokinole is the best undiscovered board game that is now conquering Europe and we need your creativity to make it even more popular What do you have to do It's really easy Play Crokinole with your friends enjoy the game and let your creativity run wild Make cool videos of your best tricks and share them with your followers Your unique style and enthusiasm can take this game to a new level Crokinole is a super fun and accessible game that you can learn in less than three minutes It's perfect for everyone from 4 years old so you can play it with friends and family A little about me and Crokinole This great board game comes from Canada Five years ago I discovered it and fell in love right away Unfortunately, it was not available in Europe and the shipping costs were astronomical But now I have produced the game and offer it within Europe for FREE That's your chance to discover a unique board game and share it with your followers Let's make Crokinole popular together in Europe"
2506,Japanese Matcha Cheesecake.,We are excited to offer you an exclusive Japanese cheesecake freshly baked by one of our talented home chefs in Amsterdam Experience the delicate cloud like texture and subtle sweetness that set this dessert apart In exchange we would love for you to share your honest impressions and highlight the Homemade platform connecting local artisans with those who appreciate quality authenticity and a personal touch
1900,Cocktails at the Chaya Restaurant and Cocktail Bar for years,"For this deal we are looking for someone who wants to make a video about Chaya Restaurant Cocktailbar and the cocktails that are drunk there. A compilation of the cocktails from the establishment with a voice over telling something. We would like to post it on Tiktok and Instagram in one post together that comes on your and our pages. In return, for people, cocktails can be drunk totally per person so for you and your company from the entire cocktail menu"
2617,Clay Cafe Lab ceramics experience with a drink and snack The Hague,"Free entry for max people For an hour and a half, decorate ceramics Includes free drink lunch or dinner Discover your hidden creative talents in this mini ceramic workshop We offer you a drink and a brief explanation of how it works and what you can create with the extra materials we have for you Then choose from our wide selection of pre-baked South African ceramics, you may choose items up to more expensive taste Then lay something down You choose your favorite colors brushes tampons sponges templates and other materials and get started You can sit inside where you can experience some background noise from playing children If you want, come early or outside in a cozy tent where you can relax and get into the flow Don’t forget to order something for lunch or dinner that is included in the price Feel free to bring someone with you Chat with us When we post about Clay Cafe, we always pay attention via our account For example, through a repost or story so that our reach can also give your account new visibility We evaluate your contribution in the form of a score and review and communicate this to you so that you can use it when entering into new collaborations with other companies All influencers with whom we work pleasantly are on our Special Partners List They are the ones who are informed first about news, opportunities for additional collaboration and special occasions more deals, therefore"
2558,Order at Flink on Thuisbezorgd nl,Get a EUR voucher that you can use at any Flink location on Thuisbezorgd nl for delivery Host a girls night in with tasty drinks and snacks all in festive atmosphere Perfect for Christmas or O N with friends
2496,Egyptian cuisine.,"We are excited to propose a mutually beneficial partnership structured as a barter arrangement. In exchange for a prominent shout out on your social platforms we would be delighted to provide you with a diverse selection of authentic Egyptian dishes. Looking beyond this initial collaboration, we are open to exploring additional creative initiatives and partnership opportunities that will continue to strengthen and expand our relationship"
2475,Magical Escape Room The Alchemist,Come play one of our award winning experiences free of charge depending on your target audience and follower amount Contact us and we will pick a date and time for you to come by you can bring friends and we will ask you to film and share specific moments on your socials This is a unique opportunity to experience one of the highest rated escape rooms in the world
3047,FREE GIFTCARD,Please do not apply for more than one store or date just apply for the store you can visit on the day you can visit We will give you a free giftcard at the store during your visit to spend on whatever you like from our products in return we expect a fun colorful video of our store and the items you bought
3154,Children's book about the adventures of Bella and Bibi,It is a reading book for children from year old. More information can be found at https bellaenbibi nl
3843,Tocu Menopause Vitamin Patches,Super Woman aims to support women’s health through menopause from supporting hormonal balance to helping tackle menopausal hot flushes. This carefully formulated natural blend includes Valerian Blue Skullcap Gotu Kola and more to help see you through this new era You got this
2153,STOBE Titanic mini beamer trade-in deal NEDERLAND,You get the product and we would like to receive a few shots with the product
2613,Fits Kids D pen content,"We are looking for creative content creators who can create engaging and attractive content around our D pens A d pen is a popular product among children in which you can draw objects in d. Our target group consists of families, creative adults and children who like to develop their imagination and skills It is an advantage if the creator has children themselves so that the content is authentic and fits with our target group We are looking for multiple creators Purpose of the content Offer inspiration Show what is possible with the D pens Increase engagement Create content that invites interaction such as likes, shares, comments Education Show how the D pens can be used with tips and tutorials Stimulate sales Bring out the benefits of the D pens"
1852,Free SweatHack T-Shirt for Men,"Do you want to show your followers a great sweat hack? At Confidence For All we believe that the right essentials can make the best out of your day and we have something special for you. We offer you free tops or shirts to wear, test and promote. Earn commission if someone buys through your link. We believe that confidence starts with the right outfit and that is why we want to collaborate with influencers like you who want to share our message of self-confidence and style with your audience. What do we offer? Free essentials Get free polo shirts or gratis shirts t w v circa and show your followers how they can stay dry and comfortable with your sweat hack Affiliate commission Earn extra every time someone buys through your link Create your own affiliate link and earn on every sale that takes place via your link Sign up via https confidenceforall goaffpro com Need inspiration? Check out how influencer beautatelierzuid tackles it and shares her own sweat hack. Let yourself be inspired to give it your unique twist and involve your followers https www instagram com p C U f IMii"
2872,online shopping budget for print on demand items t-shirts bags notebooks sweaters,Pick the item of your choice on our webshop for a max value of euro excl shipping In return we d like a video of you showing the item wearing the item with a nice caption and corresponding hashtags depending on the item you ve picked posted on both your Instagram TikTok where you tag us a Google or TrustPilot review with picture the video send by email to us so we can use it later if desired you will be tagged if we use it again
3690,Emergency News Survival Signal Campaign Emergency Radio,"We are looking for influencers to promote our NoodNieuws Emergency Radio. You will receive a free Noodradio t w in exchange for a post showing the benefits and use of the radio. Perfect for outdoor lovers, preppers and tech enthusiasts"
1851,Free SweatHack shirt or top Earn commission,"Do you want to show your followers a great sweat hack? At Confidence For All we believe that the right essentials can make the best out of your day and we have something special for you. We offer you free tops or shirts to wear, test and promote. Earn commission if someone buys through your link. We believe that confidence starts with the right outfit and that is why we want to collaborate with influencers like you who want to share our message of self-confidence and style with your audience. What do we offer? Free essentials Get free items and show your followers how they can stay dry and comfortable with your sweat hack It can be the same in different colors or different items t w affiliate commission Earn extra every time someone buys through your link Create your own affiliate link and earn on every sale that takes place via your link Sign up via https confidenceforall goaffpro com Need inspiration? Check out how influencer beautatelierzuid is doing it and shares her own sweat hack. Let yourself be inspired to give it your unique twist and involve your followers https www instagram com p C U f IMii"
1744,Online course portrait drawing t/m v,"Are you creative and do you like drawing? You will receive our free online course Portrait Drawing from us. And if you want an affiliate link with which you get a share of the revenue when someone purchases a course via Soofos. It is important that you yourself also follow the course, so sincere interest in drawing is desired"
2948,Free Admission to Nxt Art Studio Event,Calling all influencers Are you ready for a fun creative and colorful Sunday experience in the city centre of Amsterdam Join us at NXT Art Studio for a Creative Piggy Bank Painting Session on Sunday January th at PM If this Sunday doesn t suit you we can check for another date We welcome influencers of all kinds no strict requirements Bring a friend and let your creativity flow while sharing your experience with your audience This is a unique chance to enjoy art relax and create something memorable on us Interested Just reply here and we ll sort out the details together Spots are limited so don t miss out NXTArtStudio CreativeSunday PiggyBankPainting InfluencersWelcome JoinUs
1278,Paid collaboration with Moco Museum Barcelona,"We are looking for Content Creators to create a UGC video for Moco Museum Barcelona. For this video, you need to visit the museum and create content there. Compensation Tickets for you and friends"
3691,Free Vegan Cake and Coffee,You ll get to taste as many vegan cakes from SharpSharp and pastries from Epicurieus as you like with a drink of your choice
3846,A Golden Sun Tan with Natural Organic Accelerators,"Receive our tanning accelerators for free to use in the sun or on a sun bed and get a beautiful, deep golden sun tan in exchange for showing off your tan to your followers."
2254,Celebrate Good Times,"Celebrate with our chalkboard balloon. The barter includes a chalkboard, multiple chalk markers, and an extra one to give away."
3847,,v
1205,Thomas Ambassadors,A long-term collaboration where ambassadors can visit once every two months in exchange for creating UGC videos
3848,Tocu Health Energy Vitamin Patches,"On the days when you need a powerful but all natural pick me up look no further than TOCU's Power Up Vitamin Patches. This patch aims to boost energy levels with a complex blend of caffeine, taurine, glucuronolactone and B vitamins perfectly blended to supercharge your day. Are you ready to take things up to fifth gear?"
2251,An elephant never forgets.,Keep track of those important dates or just use it to decorate. Get different colored chalk markers to decorate and receive an additional one to give to your audience. Let your creativity roar
3048,Bar Oldenhof Movie Themed Cocktail Menu Tasting,"We would like to offer an introduction to Bar Oldenhof and our specialized movie themed menu for people with drinks included. We are a high end cocktail bar specialized in all different styles and flavors and are in the top best bars in the world. Next to our cocktails we serve a large assortment of different whiskeys, mezcals and gins"
2491,Cook a kid-friendly meal for your whole family from Vegetables for Kids,"Vegetables for Kids is the cookbook for the whole family and stands for easy, healthy and delicious food with lots of vegetables. From now on you can cook just one meal for your entire family With a small adjustment you can feed both your baby who starts with the first bites as well as yourself and all ages in between That is why I am looking for creators who are parents of one or more children aged half a year to a year, who want to make a video with this cookbook where a dish of their choice is cooked from this cookbook The content must be posted before March You will receive the Vegetables for Kids t w v cookbook from me with easy, healthy and delicious recipes for the whole family"
2205,Collaboration offer of the UGC video with HEEVEY Foot bath,"We are TIBA B V, the brand behind HEEVEY and we would love to collaborate with you. HEEVEY stands for high-quality wellness products that contribute to relaxation and self-care, and our latest foot bath is no exception. We think you’re perfect to capture and share this experience with your audience. Our Offering: We are sending you our popular HEEVEY foot bath for free. You make an authentic and personal video in which you showcase your experience with the HEEVEY foot bath. Think of a video in which you unpack the foot bath and highlight its main features. Share your first impression and how you use the foot bath. Tell us how the HEEVEY foot bath contributes to relaxation or a self-care routine. Let us know if you are interested in this collaboration. We look forward to working with you to bring attention to the HEEVEY foot bath, and hope that this product adds a lovely moment of relaxation to your routine"
2207,Creative UGC content creator wanted for TIBA Goods shoe dryer,"Are you a content creator who likes to review products and share useful lifestyle tips Do you have a passion for gadgets that make everyday life easier We are looking for an enthusiastic creator to create authentic and appealing content for our latest innovation, the TIBA Goods Shoe Dryer Who are you You have experience making authentic and engaging videos and photos for social media You know how to present products in an original and attractive way You have a keen eye for quality and detail in your content What we offer An opportunity to collaborate with a growing brand that values quality and innovation Products and compensation for your creative contributions Exposure on our social media channels with your unique content Interested Send us a DM or email with examples of your work and tell us why you are the perfect match Let’s create something amazing together"
2874,Cashflow Club For experienced introverted online entrepreneurs.,"For introverted entrepreneurs who do online business and want to improve their online marketing knowledge and skills with a focus on email marketing funnels, I have founded the Cashflow Club, a half-year membership with new content every month. You get months of access to the club for €1 and receive bonuses so that you have the same experience as my customers. In the course bonus, you learn in modules how to create an email automation of at least several months long. The leads you get via Instagram or TikTok through your referrer on your email list can then be automatically offered several times while building a relationship via email and social media. Your name stays top of mind even if your social media account is put on hold or even deleted. Just think about the situation that a social media channel disappears. How nice it is when you have your own list with people interested in your products and services. In the Cashflow Club, we continue where the course stops. I am available there x per month in a Q&A. You can post your questions in the club and every month I will post training on a theme. Previous themes were mini offers, email texts, live funnel building challenge, online marketing figures. In return, I ask you to post a video about the club every month for x months about what you learn about what a funnel means for your business and how introverted entrepreneurs experience this club in a professional and respectful way"
3156,Per video Paid UGC features brand Cherries,"Cherries is a brand with the focus on small sizes AA C cups. Our team is looking for energetic content creators for paid collaborations. Cherries provides complete scripts for videos. Depending on your experience, we pay € per video. Posting on your own socials is not necessary; we only need the content."
2234,Glamhat canvas x cm canvas art,A UGC video of you unpacking and hanging the artwork on a canvas 10 cm away
3049,Jann Chocolates Discovery Box,discovery box from Jann Chocolates for €20
2248,Get a free chalkboard shaped like a toucan,Use this chalkboard toucan to decorate or keep important reminders. Includes one to give away and chalk markers.
3693,Get a Free Face Mask,Free Forever Living Face Mask Also option to receive your own affiliate link
2444,Scare blanket Child GIFT VOUCHER,We are looking for enthusiastic creators to collaborate with. Highlight the benefits of weighted blankets for children. This is what we are looking for. Creative presentation. Create a cozy and soothing atmosphere that fits the calming purpose of the blanket. Subtly suggest how this blanket can make bedtime fun and peaceful for children. Your child experience. Tell how this blanket helps children to relax and sleep better. Highlight the unique features and why it is an attentive gift for both parents and children. Made from OEKO tex cotton. Improves sleep through deep pressure stimulation. Reduces stress and promotes melatonin. Show the blanket in use. Letting the blanket provide comfort and relaxation to children during bedtime or quiet moments. Bonus points for creative scenarios such as telling stories under the blanket or having children do their favorite activities with it. Call to action. Encourage your audience to try it out. Offering an exclusive discount code that parents can use to improve their child's bedtime experience GIFT CERTIFICATE We offer you a gift certificate that you can spend on our website so you can choose the perfect products for yourself or your family
2560,Knuffy Koala Reward Box for children up to age 12,"Hi Knuffy Koala focuses on fun and exciting skills for children aged between t m years old. Potty training, vitamins and brushing teeth become fun in the Knuffy Koala way. We send reward boxes to you and your child to give away to your followers"
3051,Pasta la Vista Gent,Free pasta with €5 A normal drink of your choice Pasta la vista Maldegem Ghent or Bruges
3052,Pasta la Vista Gent,Free pasta with €5 A normal drink of your choice Pasta la vista Maldegem Ghent or Bruges
3053,Pasta la Vista Pastabar,Pasta for personal drinks of your choice Euro
3054,Pasta la Vista Pastabar,Pasta for personal drinks of your choice Euro
2875,Make Chef Mallows unbeatable with your content,"Are you a creative influencer with at least followers and love making content that inspires your followers? We are looking for you At Chef Mallows, everything revolves around creating an experience that appeals to your followers and creates the desire to try our delicious handmade marshmallows. We want your content not only to be a treat for the eye but also to tell a story that takes your followers into a world of taste, coziness and indulgence Everything revolves around conveying an atmosphere where your followers think I want this too"
3692,"Putting together Ralph Lauren outfits, wearing and showcasing them in my showroom photo studio","Our company is a unique point of sale for exclusive authentic Ralph Lauren clothing and accessories. As part of this deal, a content creator will put together outfits from our large collection of Ralph Lauren clothing and accessories that they find beautiful to wear and create content from. The content creator has the freedom to choose which outfits he or she wants to wear but it is important that the items look good and that different styles are presented such as oversized vintage and more. It will be a unique shopping experience in our showroom where we provide a luxurious atmosphere with a glass of champagne and a comfortable chair to relax in. The content can be made for the mirror with the clothing racks in the background or for a completely white sheet in my photo studio. In exchange for the content and exposure on social media channels, the content creator may choose a Ralph Lauren outfit that he or she likes and take it home. This way we create a valuable collaboration that benefits both the content creator and my brand. After all, Ralph Lauren clothing is an enormously good brand for content and evokes a unique feeling in many people. Take a look at our website www timelesstreasury nl for a first feel of my company"
3055,Pasta la Vista Pastabar,Pasta for personal drinks of your choice Euro
2619,Taste Test,Meet the new line of Dubai Chocolate Get a value package with different chocolates Test and share your opinion
1829,Recycled Electric Toothbrush Head Oral B,"If you are passionate about sustainability and eager to embrace a zero waste lifestyle, this offer is perfect for you. You will receive two sustainable RECYCLED ELECTRIC TOOTHBRUSH HEADS ORAL B. They are made from recycled plastic made from waste fit Oral B electric toothbrushes perfectly and help reduce waste. With bio based bristles made from castor oil, they are gentle on your gums yet tough on plaque ensuring a thorough clean you can feel great about"
2561,Creating content with a jewelry brand,You are going to create content for our company.
3311,Ergonomic mattress toppers cushions,"Are you a content creator with a passion for comfort and lifestyle? We are looking for enthusiastic creators who want to introduce their followers to the Felman Basic mattress topper, the upgrade for better sleep. With this cm thick topper, you will experience ultimate sleeping pleasure, ergonomic support and choose between a firm cool side or a soft thermo side. And the best part is that you receive this premium product completely free of charge to test and share with your followers. What we expect from you Energetic and creative content in which you share your experience Comfortable on camera and not afraid to talk Strong editing skills to perfectly portray the benefits of the topper A touch of humor and an authentic vibe Why join? You get the Felman Basic mattress topper for free. With certain sizes, you also receive a free pillow Chance of a long-term collaboration if we are a good match"
601,x Guest list for Voltage at Bibelot in Dordrecht,Voltage is RAW UNCUT without fuss a little naughty a hint of sexy but just over the edge with a true melting pot of various Caribbean styles such as Reggae Rub a Dub Early Dancehall Bubbling Calypso Soca and a touch of Afro with tunes from then and now We offer x guest list for creators who like to party Come visit us in Dordrecht in February
602,x Guestlist for Voltage at De Nobel Leiden,Voltage is RAW UNCUT without fuss a little naughty a hint of sexy but just over the edge with a true melting pot of various Caribbean styles such as Reggae Rub a Dub Early Dancehall Bubbling Calypso Soca and a touch of Afro with tunes from then and now We offer x guest list for creators who like to party Come visit us in Leiden in February
2486,Promote the Good Beer Spa,You get one free entry for people hour in tub valid every day except Saturday closed on Wednesday The jacuzzis are huge m m m so there is plenty of space You make a reel or video about the experience including images of the shop at the entrance of the spa featuring our homemade bodycare products
2620,Become a distributor.,"This is our mission. This is why we do what we do and what makes us so passionate. With both our supplements and the earning model of our network marketing concept, we want to contribute to a healthy and financially independent life. Are you very enthusiastic about the supplements? By becoming a distributor, you can also benefit from our unique and powerful earning model. You will find information on vancronenbergsport beyuna com beyuna mission gezondleven financieelautonoom autonomie"
2949,ACTIVE PIXEL one hour private up to max people EPICX Zoetermeer,"Free entry for max people for an hour long Active Pixel at EPICX Zoetermeer free drink p.p. As a result of all the positive attention, we have ordered a second Active Pixel floor that will open in early February and you can be the first to visit it You are welcome to invite friends, girlfriends, family or colleagues for an hour long pixeling and checking out various different games After an hour, you will be ready for a drink which you also get from us Check the opening hours on epicx.eu and let us know when you want to come Preferably book outside of regular opening hours That is possible for our normal guests as well When you promote EPICX in a good way, we always pay attention via our account For example, by reposting or story so that our reach can also give your account new visibility We evaluate your contribution in the form of a score and review and communicate this to you so that you can use it when entering into new collaborations with other companies All influencers with whom we work pleasantly come on our Special Partners List They are the ones who will be informed first about news, opportunities for additional collaboration and special occasions more deals, therefore"
3056,Earn commission on each sold MagCable product,"We are looking for passionate people who want to help us grow our brand. As an affiliate partner, you promote our innovative magnetic charging cables. Thanks to the clever magnetic design, the cable always stays neatly rolled up and completely knot-free. Ideal for on the go or at home, this cable prevents frustration and ensures that you never have to search through a tangle of cables again. What do we offer you? Commission per sale generated via your unique link. Free MagCable products that you can use for your videos and content. We would love to receive your content in HD quality so that we can possibly use it on our social media channels. Are you interested in working with us? We are happy to answer all of your questions and discuss how we can get started together"
2349,Beauty Collagen Deal,"Note that signing up only makes sense when you are over the age of one year, because the use of collagen usually becomes interesting for our target groups from that age. We have a lot of interest in qualitative collaborations also for a longer time. It would be great to grow together towards beautiful and valuable content and you will keep getting a radiant skin, healthy hair and strong nails as a bonus. Do you have any cool ideas or do you know from experience what might work? We would love to hear it from you. We would like to see someone who uses the product for their skin. Our Collagen is mainly used to reduce wrinkles and fine lines, and to prevent them. It is also desirable that the effect on the skin is shown up close, in which it is said that it has reduced wrinkles or made the skin less dry before moving on to showing the product as a solution for wrinkles, fine lines, dry dull skin. A video in which you enthusiastically talk about this new discovery, show the product in a glass of water and possibly drinking it, and emphasize the importance of the product for the skin and hair and nails by showing your skin. You saw the first effects after weeks of use. To measure the effect, we would like to see that there is a discount code communicated LINKS Instagram plentbeautycare nl Information about the product lines Beauty Blend Collagen collagen with vitamins and minerals https www plentbeautycare nl beauty blend collageen Pure Marine Collagen collagen with vitamin C https www plentbeautycare nl pure marine collageen The products https www plentbeautycare nl shop all products collagen beauty supplements MAIN BENEFITS BEAUTY BLEND COLLAGEEN Developed by scientific nutritionists Clinically proven effect on wrinkles firmness hydration and elasticity of the skin active ingredients Support for skin hair nails connective tissues hormone balance bones and mucous membranes With added vitamins minerals from food With hydrolyzed Type I fish collagen Purity proven in laboratory tests Free of heavy metals dioxins PCBs PFAS antibiotics and other contaminants Natural ingredients delicious flavors MAIN BENEFITS PURE MARINE COLLAGEEN Developed by scientific nutritionists Clinically proven effect on wrinkles firmness hydration and elasticity of the skin With vitamin C from natural acerola With hydrolyzed Type I fish collagen Purity proven in laboratory tests Free of heavy metals dioxins PCBs PFAS antibiotics and other contaminants Natural ingredients delicious flavors"
2880,Girls also drink Guinness.,"Hey, we'd love to treat you to a special experience! Enjoy a discount on your total bill and order whatever you like from our menu. We would also be thrilled if you could add a round of Guinness to your order - it would make the experience even more memorable. Looking forward to hosting you and seeing what you'll enjoy! Cheers!"
810,Free Poke Burrito or Taco,"With this barter deal, you can pick up your desired medium poké or burrito at the counter. By showing this barter, you can get a free burrito or poke"
807,Free Poké Burrito or Taco,"With this barter deal, you can pick up your desired medium poké or burrito at the counter. By showing this barter, you can get a free burrito or poke"
770,Free Poké of Signature Burrito,"We open our doors of our new branch Hilversum on March With this barter deal you can pick up your desired Medium Poké or burrito at the counter. By showing this Barter, you can get a free burrito or poke"
2621,Online business,"Are you ready to take the first step towards more freedom, flexibility and a stable income? Join my team and discover how you can build an online business alongside your current job that gives you the freedom to achieve your dreams."
2562,Free access to the Flashbook app worth,Flashbook is an app with summaries of self-help books. Within minutes you know all the important learning points and so you save time. Make a video that you are using Flashbook. While driving walking travelling Flashbook is mainly listened to instead of read
766,Free Taco Welcome Drink,We open our doors of our new branch in Hilversum on March Every day Location Hilversum Kerkstraat With this trade-in deal you can pick up your free taco and welcome drink at the counter
667,x Free Entry Drinks for Nooduitgang Party Amsterdam,Get two tickets plus drinks at Nooduitgang Het Sieraad April th Line up AISHA ANXHELA Justin Tinderdate Franky B Volunt Barbati Sophie Bruin b b HUJUS
1793,Order from Pizza Beppe on Thuisbezorgd nl,Receive a voucher worth EUR that can be used at any Pizza Beppe location on Thuisbezorgd nl for pick up or delivery
573,Diner bij De Tulp,Come by for a free dinner on Wednesday or Thursday between and This includes dishes and a bottle of wine or other drinks of choice
2622,Winterfit program,"Stay energetic, avoid winter blues and improve your fitness in just weeks For everyone who wants to exercise outside regardless of experience or condition The costs are per week A lesson lasts one hour and gives you an energy boost but also provides a nice social experience during the dark months Winterfit starts Wednesday January at hour Location Sporthal Geestermerambacht Dokter Wilminkstraat in Zuid Scharwoude The course starts with a minimum participation of people"
674,Visit Moco Museum Amsterdam,Visit Moco Museum in Amsterdam feel free to bring a friend. We only ask you to record a fun video of your experience and tag our page
1658,FC Surprise Mystery football shirt.,"You will receive a mystery shirt to create the content with. Let us know your preference for men's, women's or children's shirts and size"
2237,Free swimwear and goggles for sports influencers TWV Euro,"Sneppies is an online and offline swim shop. Our collection consists of A brands with almost everything for indoor sporty swimming. You can think of swimwear for someone who occasionally takes a dip in the pool, to competition suits that can be used at European Championships and World Championships. Goal The goal is to activate people for a purchase at Sneppies. The target group of the video are sporty swimmers from 18 years old who are looking for high-quality swimming material. Tone of voice A few points to reach this target group well with the video. Focus on the experience. Sneppies has everything that a swimmer's heart desires. Much more than your average sports store. Customize the swimwear and show it in the video, also put on the swimming goggles and the swimming cap. A touch of humor is important; it shouldn’t become a cold selling video. Let a little bit of personality shine through. For example, when putting on the swimsuit, you can show a scene where you walk while trying to put it on. This should be short and recognizable. Although this isn't a cold selling video, it’s important that between the lines a few technical specifications are mentioned. For example: I ordered these two new chlorine-resistant swimsuits and a competition swimming goggle at Sneppies. This shows that we are dealing with more specialized products. Who are we looking for? We are looking for a female creator younger than 30 years old, preferably someone who swims or is sporty. You don't mind standing in front of the camera in a sporty bathing suit. What do you receive? You will receive the following products with a value around €150. A red or blue Speedo bathing suit can have a closed or open back. A red or blue Arena bathing suit can have a closed or open back. A Speedo swimming cap depending on your hair type, it may be a swimming cap for long hair. An Arena Airspeed competition performance swimming goggle. Depending on what we think suits you as a person, in consultation an alternative assortment can be sent. Keep in mind that the bathing suits are high-cut and can have an open back. Do you prefer something different? That's no problem. We would like to look together at a product that better suits you with a lower cut and less open back. Also, we would like your bathing suit size so that we can send the correct size. Topics that must be mentioned Sneppies has everything for every sporty swimmer; a wide and unique assortment that you won't find at normal sports stores. High-quality swimwear and fast and pleasant delivery. Incorporate this in your own words into the video Voice over We would like to receive the video with a voice over Call to action Shop now at sneppies Visual between the lines Customize the swimwear and put on the swimming goggles and swimming cap. Show this for the camera in a classic unboxing style, open the box and show your order. NOTE The images are used as an illustration. Based on your profile we determine which models of swimwear you will actually receive. What do we want to use it for? It is intended to post the content as advertising paid on various platforms such as Instagram, TikTok, YouTube and Facebook. It is also possible that with your permission we synchronize the voiceover in other languages such as German so that we can reach our customers abroad"
2236,Free sports swimwear for sporty influencers,"Are you sporty? You have a sportive following and swim? We are looking for you! Sneppies is a swimming store with everything that a swimmer's heart desires. Receive a tight swim short or sporty bathing suit completely free of charge. What do we expect in return? A fun, short reel story and a good photo of you in or with your new swimwear. Depending on your preference, size and type of content, we will send you a nice model swim shorts or bathing suit"
2557,supplements for a creative video,For this barter deal you will receive two magnesium complex and Ester C vitamin C supplements worth This two supplements are both good for fatigue and tiredness and have many other health benefits We would like a fun video in which we see some images about the use of the supplements or their benefits The interpretation of the video is very broad so be creative here We will post the video ourselves on our social media channels and for the use of advertisements Please send us a video between seconds
644,Paid opportunity with Zippit,"We are offering a PAID opportunity to all TikTok creators. We are looking for talented TikTok creators that can create viral content for our product Zippit DUTCH AND ENGLISH. If your video organically reaches k views, we will push your video through ads with unlimited budget depending on the performance of the ad. This can easily result in a k view video on your profile and therefor stimulate and grow your profile. On top of that if we push your video with an ad, we will generate a link for you that will register all sales that came through your ad and give you commission. If you want, you can also use that link on different channels to earn even more. Lastly, you will obviously receive our product to try and create content with. We sell medical grade mouth strips that help people breathe through their nose at night or during exercise resulting in all kinds of health benefits. Interested in our product? Visit go zippit com SUMMARIZED: We will advertise your video on your profile if your video organically reaches k views. For you this is an opportunity to grow your profile and we pay for it. You will receive a commission of all sales that come through your ad. If your video performs really well, we can push the ad for months and potentially generate hundreds of in commission for you per month. You get to try our trending product for free."
949,Monday lunch at Cafe Garcon in April,"On Mondays, we would be delighted to welcome you on Monday for lunch at Cafe Garcon. You can choose from a variety of dishes from our lovely menu. Between two people. Thank you and see you soon."
2883,Tutorial video for hair accessories.,Tutorial Video for a hairpin Cute enthusiastic girl who likes to make a tutorial video for us
1754,Iron Gym Express Door Trainer.,"With the Iron Gym Express door trainer you can do your workout at home Thanks to its thin design, it has more grip Ideal for beginners You hang it easily on your door frame So you can work anywhere on your dream body Get strong get ripped Quick"
2563,Immunity with vitamins,Have you tried Immunity already? Immunity is a powder drink enriched with vitamines A combination of acerola grape seed Ginseng resveratrol and ginger extract black berries and black root powder sweetened with coconut flower sugar Why we chose for coconut flower sugar It is a natural sweetener from the nectar of coconut flowers The advantage of coconut flower sugar is that it has a low glycemic index and it also tastes very nice Add grams to a glass of water or add it to your protein smoothie immunity beyuna acerola ginseng resveratrol ginger extract
2393,Receive cozy house packages worth,"We are looking for a mom influencer or lifestyle influencer who radiates a cozy and warm atmosphere and likes to take her followers along in everyday life where self-care and comfortable, cozy moments are central. If you like spending your days in the softest loungewear and enjoy inspiring your followers with content that revolves around family relaxation and conviviality, then we are looking for you. What we offer You will receive two housecoats from the Pastunette collection with which we would love to see how you share them in an authentic way. We expect a one-minute video in which you show off the loungewear and invite your followers to view the item via your bio. In addition, we would like to receive a number of high-quality mood photos of you in a cozy setting such as, for example, on the couch with a cup of coffee or tea or relaxing comfortably with a book. These images will be shared on a special landing page on our website. As an extra, you get a special discount code for your followers so that they can benefit from a nice discount on their purchase. We ask you to sign up only if you are able to make high-quality images that really reflect the cozy relaxed atmosphere of our loungewear"
2884,UGC for mobile lanyard.,UGC video for our scrunchie mobile lanyard enthusiastic girl
1753,Hammersmith Bionic Weed Burner,Hammersmith Bionic Burner Weed burner at orangeshop eu With the Electric weed burner Bionic Burner you work at waist height and start the outdoor season with a clean terrace without weeds
1602,Group lessons of your choice at COMMIT LEIDSCHE RIJN,"At COMMIT, there are several group classes designed to meet every fitness level regardless of your experience. Perfect for those who want to push their limits and work on their health goals with others. We would like to receive a video of at least 30 seconds in which it is clear what COMMIT offers that other sports schools in the area do not offer. Schedule September Wednesday conditioning Thursday conditioning Friday Functional and Functional Sunday Functional Functional"
2256,DE LOODS PLANTS VINTAGE SALE,Every first weekend of the month we organize a plants and vintage yard sale in a big warehouse in Amsterdam. More info www detuinenvan nl plantenmarkt When you post about the market you can pick up plants vintage clothing from our lovely market followers euro worth of products followers euro worth of products followers euro worth of products
2885,UCG for scrunchie keychain,UGC video for our scrunchie keychains Excited girl who likes to make videos
1588,Jomafe Naturit Pan made from compressed recycled aluminum,Jomafe Naturit pans are made of pressed recycled aluminium Cook all your favourite dishes in a responsible and sustainable way Frying pan made from recycled aluminium Made of high quality materials Pan has optimal heat distribution and long life span Suitable for all heat sources
1528,Bente launch.,"We are sending a bonnet set of your choice to you, here is an instagram post and tiktok dance for it"
1589,Jomafe Naturit Pan made from compressed recycled aluminum,Jomafe Naturit pans are made of pressed recycled aluminium Cook all your favourite dishes in a responsible and sustainable way Frying pan made from recycled aluminium Made of high quality materials Pan has optimal heat distribution and long life span Suitable for all heat sources
2953,Sleep Comfy Lotus Anti Aging Beauty Pillow,Discover the Lotus Anti Aging Beauty Pillow With its ergonomic design and skin protecting features this pillow offers innovative neck support Productlink https sleepcomfy nl lotus anti aging beauty cushion
1590,Rowing on a rowing machine is the most effective sport in the world,"Row the most effective sport in the world Train your whole body easily and quickly on an easy device, the rowing machine from Orange Gym. The rowing machine trains the entire body simply. Compact and foldable design resistance settings choose the right intensity yourself Handy display keeps track of progress repetitions training time and burned calories The sturdy frame ensures stability during every rowing session Comfortable training thanks to the ergonomic seat and handles"
2387,Snuggie.,"The Snuggie is an innovative, sleeved blanket perfect for retaining warmth and comfort while keeping your hands free to do activities Soft durable and machine washable ideal for relaxed evenings on the couch or chilly outdoor days."
3849,Tocu Health,As our lives become progressively busier from balancing social events work schedules and much needed down time Lack of sleep or the general inability to switch off at night can affect our daily routine and it s an issue so many of us face We are always searching for a solution It s time to take control of your sleep and get those eight hours we all need and love Snooze Control aims to promote quality restful sleep This carefully formulated natural blend includes Valerian Extract Passionflower Extract and Hops Extract to help you drift off
1628,Bodypump by LesMills with infrared sauna and ice bath recovery.,"We offer a free Bodypump LesMills class at our location in Rievierenwijk Utrecht. This location is really unique, because our gym is built in a church. Relax after your group lesson in the sauna or do you dare to take a refreshing dip in the ice bath? Body Pump is a popular fitness program developed by Les Mills that focuses on strength and endurance through a barbell workout. It is designed to train the whole body with light to moderate weights and a high repetition frequency, which is an effective way to build muscle strength and burn calories. A typical Body Pump lesson lasts about minutes and includes a series of music-driven exercises that address all major muscle groups including chest, back, shoulders, arms, legs, and abs"
1150,All Models UGC Creators th November Content Creation in Amsterdam,"On Monday November we are looking for cool UGC Creators models or if you like to be in front of the camera. In exchange for a free mix box of delicious chocolate cups, we want to shoot content for the brand Stroop Denk aan korte video clips, photos etc. The program will be announced later Shoot details Date Monday November Time Will be communicated Location Amsterdam Bring your own clothes based on the moodboard that you receive in advance"
2407,Flowee Sticker Mat ECO,Are you a content creator or influencer with a passion for healthy lifestyle and relaxation? We are looking for collaborations. Receive the Flowee cork mat ECO and discover how this sustainable mat can help you relax and recover
2509,Boost Your Content with Barneys Stylish Work Shoes.,"Create unique content and get a full Berado package. This package includes our top-of-the-line work shoes, orthopedic insoles and extra elastic laces. Your content may appear in our ads and on our social media accounts. Make an impact with your creativity and our innovative products"
2075,Orange Donkey Cozy Slipper Socks Huissokken,"Are you looking for comfortable and warm house socks? These Cozy Slipper Socks are the socks you need. Cold feet on cold floors will be a thing of the past from now on. The slippersocks have a plush knitted design and a lining made of premium fleece quality, keeping your feet nice and warm. The fleece lining is super soft and not only keeps your feet warm but also allows them to breathe and prevents sweaty feet."
2451,Free Drag Bingo Christmas Brunch,"On Saturday December we celebrate the last drag bingo of the year Brunch Christmas edition this time. The afternoon consists of entertainment from our drag queen, welcome drink and oysters, shared dining brunch and a bingo with crazy prizes. This barter deal includes the entire course brunch plus welcome oyster and cocktail Bingo cards, cocktails or other drinks total For you and your company"
2886,"Anti-cellulite skin tightening treatment, vegan","A luxurious exclusive vegan body treatment that not only reduces cellulite, burns fat and strengthens the skin but is also a strong detox and offers a moment of pure relaxation. This scientifically proven non-invasive treatment uses a powerful mix of essential oils, plant extracts and thermal ingredients to refine the contours of your body and make your skin visibly smoother and tighter after just one session. Why this treatment is perfect for your followers Vegan Scientifically proven effective results without animal or chemical product ingredients Painless Relaxing No cupping or connective tissue massage required Direct Result After only one session, already visible straighter skin Tips for optimal result Scrub your skin well beforehand to improve the absorption of active ingredients Wear loose clothing after the treatment for maximum comfort Do not shower, sweat or go in the sun within an hour after your treatment Are you an influencer with a passion for beauty and self-care? We are looking for you Experience this unique treatment and share your experience with your followers"
2564,Purposeful training.,"Doelbewust Trainen is a complete training concept that helps you to become fitter, stronger and more energetic within just months. The program has been specially developed for everyone who wants to work consciously on a healthier and more active lifestyle. It’s about more than just training; it’s a targeted approach in which movement, personal growth and an active mindset are central. Fitstart A self-contained training program with videos that you can follow at your own pace. Perfect if you want to start flexibly"
2151,Free Warm Pie Super Soft and Oversized Fleece Hoodie Handmade in NL,Warmpies is looking for influencers who want to receive a free Warmpie and share with their followers how a Warmpie makes life more enjoyable.
2954,The Mega Sint Show at Ahoy Rotterdam,"Get tickets for the Mega Sint Show at AHOY Rotterdam on or November In this popular Sinterklaas show, Party Piet Pablo Love and Sinterklaas take you on an exciting journey. They sing their greatest hits. Dance and sing along with De Pieten Sinterklaas Move or Pietenliefde"
3695,King's Day pre-fun,"Kingsday is coming We have new King’s day designs for women, men and children in our webshop and we are looking for fun collaborations. Do you want to receive a free item in exchange for a feed post or story? Permission to use the material. We look forward to the collaborations"
2623,R B Brunch Show,"Sunday February our RB Brunch show You can enjoy a delicious shared menu and the nicest RB hits sung by Chris Alain accompanied on the piano Hereby your deal x shared menu bottle of bubbles Take a look at our insta barandkitchen for the menu and mood impressions from the previous RB Brunch show In case you do not drink alcohol, you can exchange the bottle of bubbles for x soda If you want to order extra drinks this is at your own expense"
3057,Bullet Vibrator Joy Series Fae Essentials,We are looking for content creators to showcase our premium vibrators. What's in it for you? Receive our product for FREE Get paid for your honest review. What we are asking for Share your experience and highlight key features of the product as mentioned in the product description. Let's partner to spark some conversations and celebrate self love
3059,Wand vibrator pure series fae essentials,We are looking for content creators to showcase our premium vibrators. What's in it for you? Receive our product for FREE Get paid for your honest review. What we are asking for Share your experience and highlight key features of the product as mentioned in the product description Let's partner to spark some conversations and celebrate self love
3845,Jewels worth,received jewels worth
2624,King's Cake Galette des Rois,"Pick up a delicious Galette des Rois, an iconic French King's cake is a traditional puff pastry cake filled with frangipane, a rich almond cream. This special treat is crafted specifically for Epiphany and is only available for a limited time in our assortment. A hallmark of the Galette des Rois is the hidden bean inside the cake. If you discover a miniature version of our iconic Le Pain Quotidien bowl, the bean, the trinket, you might just win the grand prize."
2955,A crazy photo of your pet,A photo shoot with your pet at my studio in Haarlem for
2538,CADEUBON Zitbal Linen,An office worker struggles on a regular chair slumped and with painful shoulders The frustration disappears as soon as the ZitBal appears stylishly durable and designed to improve your posture Sitting upright actively moving and even stretching out feels work suddenly light and energetic No more back problems but focus comfort and satisfaction Discover the ZitBal Linen for a healthy working day and a renewed you Free return and days of reflection included
3158,The Mega Sint Show Brabanthallen,"Get tickets for the Mega Sint Show at Brabanthallen in December. In this popular Sinterklaas show, Party Piet Pablo Love Piet and Sinterklaas take you on an exciting journey and they sing their greatest hits. Dance and sing along with De Pieten Sinterklaas Move or Pietenliefde"
3058,Suction Vibrator Thrive Series by Fae Essentials,We are looking for content creators to showcase our premium vibrators. What's in it for you? Receive our product for FREE Get paid for your honest review. What we are asking for Share your experience and highlight key features of the product as mentioned in the product description. Let's partner to spark some conversations and celebrate self love
3161,The Mega Sint Show AFAS Amsterdam,"Get tickets for The Mega Sint Show at AFAS Live Amsterdam in November. In this popular Sinterklaas show, Party Piet Pablo Love Piet and Sinterklaas take you on an exciting story and they sing their greatest hits. Dance and sing along with De Pieten Sinterklaas Move or Pietenliefde"
2565,Soft Powder Brows,Soft Powder Brows Treatment Initial Treatment included Touch Up Session Value of Service
2887,EPICX Zoetermeer all you can play for two,"Free entrance for one hour of all you can play at EPICX Zoetermeer with a free drink p.p. Make unlimited use of our unique Active Pixel, which makes EPICX the first in the Netherlands to have it A challenge for laser game or set your high score in our Ninja Tag Rather follow a stunt trick lesson from a real jump professional Chat with us Our jump park is also included in this deal Check opening hours on epicx.eu and let us know when you want to come When you present EPICX well, we always pay attention to it via our account For example, through a repost or story so that our reach can also give your account new visibility We evaluate your contribution in the form of a score and review and communicate this with you so that you can use it when entering into new collaborations with other companies All influencers with whom we work pleasantly come on our Special Partners List They are the ones who will be informed first about news, opportunities for additional collaboration and special occasions more deals, therefore"
2361,Ergonomic working with Rain Design,"We offer influencers the chance to get acquainted with Rain Design, the brand that stands for innovative ergonomic and stylish solutions for workspaces. Our products such as the well-known mStand laptop stand are designed to combine comfort, functionality and design, ideal for professionals and creatives who want to create a more efficient and ergonomic workspace. As part of this barter deal you will receive a Rain Design product to test and integrate into your daily life. In return we ask that you share your experience with your community through attractive and informative content"
2372,"PURE CHILD magazine for parents, teachers etc.","As an influencer on our PURE CHILD magazine, you will receive a print year subscription with extra growth and doe material for the kids an E book and an E magazine with interesting articles that support you as a parent, teacher or coach in guiding your child or young person"
2956,Art for your pet on location on the wall,Wall art on location of your beloved dog we are looking for a beautiful outdoor location that suits the time of year You will receive edited images and prints of x cm Shoot is TWV
3160,The Mega Sint Show Martiniplaza Groningen,"Get tickets for the Mega Sint Show at Martiniplaza in November. In this popular Sinterklaas show, Party Piet Pablo Love Piet and Sinterklaas take you on an exciting story and they sing their greatest hits. Dance and sing along with De Pieten Sinterklaas Move or Pietenliefde"
1867,The Best for Your Cat,"Calling All Cat Lovers Join Catlink and Get a Free Smart Cat Litter Box Is your cat the king of the house? Then this is the perfect opportunity for you and your furry friend. We are looking for cat owners and true cat lovers who want to participate in a special collaboration for Catlink, the smart litter box that makes life easier for both you and your cat"
3162,Calling all T-Shirt Lovers,"Choose your favorite T-shirt from our collection or personalize a garment with your own text, photo design online at tshirtlovers nl. Capture the process of ordering online in a fun catchy way in a video and/or real until the moment you receive the final product. It’s also nice if you wear the garment in the end in the video. Mention our website in the text"
1772,From the Spare-Rib to the Stock Wolf,"This book explains the basics of investing in a no nonsense way. Via a handy step-by-step plan, you will develop a strategic way of thinking and acting on the stock exchange. After each step, you complete an assignment so that you can immediately apply theory to practice. More information can be found here: LINK https://youngtrader.nl/boeken/beleggen-van-spaarvarken-naar-beurswolf Design materials or product photos are needed. View this Canva file at LINK https://www.canva.com/designs/DAGSbSpYjlgSazswrZECJBZxASWOJmQ edit utm content=DAGSbSpYjlg utm campaign=designshare utm medium=link utm source=sharebutton"
2806,Cozy Winter Creations with Chef Mallows,"For this Barter deal we offer the possibility to receive two free packs of marshmallows In exchange for that, we ask you to make a creative and cozy video with a homey theme Think about an atmospheric setting with a drink or an unboxing video of our marshmallows The video can be an unboxing followed by tasting the marshmallows or something creative that brings out the products well It is important to create a cozy winter atmosphere that fits this time of year"
3312,Get a FREE PENCILKING poster print from HEF,"A FREE poster print of this painting by HEF by Pencilking. Make content when unpacking this print or just as it is hung up. Give an honest review. Show the level of detail in the right bottom corner and mention Pencilking pronunciation pensil king several times. When closing the deal, you give permission for the use of the video for commercial use from Pencilking"
1546,Herbly X EkoPlaza Foodmarqt Amsterdam,Where to find us At the Ekoplaza Foodmarqt in Amsterdam Don’t walk but run to the store and experience Herbly drinks Create a reel post or story and tag herbly drinks ekoplazafoodmarqt in barter for boxes of herbly for your home
2412,Pizza Chicken Ice Cream Appetizers Beverages,Hereby your deal x Drinks beer wine soda Antipasti A selection of Italian cheeses meats and olives You can make a reservation from PS If you want to order extra drinks or dishes this will be at your own expense
3095,"Jigsaw puzzles in a bag, but then out of the box.","Hi, we are Jan Nick and Mathias from Puzzle in Bag. We make puzzles out of the box they don’t come in a box but in a reusable bag. Our puzzles are illustrated by local designers. Everything is made in Europe. In the bag there are nice extra s For this deal, we are looking for UGC in video form: an unboxing video or a review video. Do you feel called? Sign up quickly and take a look at www.puzzleinabag.com which puzzle you would like to receive"
3060,A day of wellness at the Veluwse Bron in Emst,"Create content at the spacious wellness resort Veluwse Bron in Emst. With exclusive access before opening time, you can capture all the facilities of this large resort. There is an outdoor bath and indoor bath, beautiful sunbathing area by a lake and there are outdoor and indoor saunas."
2625,Review dry skin products shop goodies,Do you often suffer from dry skin in the winter Or maybe even eczema The products of Drs Leenarts are alcohol and perfume free They also contain moisture-retaining ingredients that ensure your dry skin stays under control this winter This sounds like something you might be interested in Then we would love to hear which dry skin problems you have and what products you would like to receive for them We would like to see a TikTok Reel or Short from you about your experience with the products
3852,Shop credit on Mattigo com custom mat,Get a store credit at Mattigo with your new custom doormat Choose from the entire range
2403,Bar Kitchen Dinner for,"Hereby your deal x Bottle Pino Grigio or x cocktails x Bottle water still or sparkling x Appetizer x Main course In case you don’t drink alcohol, you can exchange the drinks for non-alcoholic ones You can make a reservation Of on Friday and Saturday there is always a DJ present from PS If you want to order extra drinks or dishes this will be at your own expense"
2626,Add your own flavor to your protein shake,"Hey, we are Personal Protein and do everything just a little bit differently. It is our mission to make the tastiest protein shakes with the biggest social impact. We are connected to several social projects with children and elderly people for example. We have a unique shake concept that you really should try out. Our protein shakes are neutral in taste, but you can give them your own flavour with our flavour shots. We are looking for people who get excited about our story and want to try out our unique concept and show it off on Instagram or TikTok in a fun way."
1774,FinFit template,"Get financially fitter with the FinFit template Set measurable goals, enter your income and expenses monthly and let the template do the rest Insight into your finances thanks to formulas and graphs so you can grow and manage your money smarter More information can be found here https youngtrader nl financiele tools budgetteren"
3163,Voucher to spend on a new table,"We offer a gift certificate to spend in our store, for example a new dining table. Depending on the size of the tables we have already tables from In exchange for this, we would like it if you come and make a video with us in the store where you can choose your own table that the top is made ready and delivered If you have any other great ideas about this, we would love to talk about them We are open to new things"
3853,Custom made free-standing door mat for your interior,Get a free door mat made just for you so it fits your decor Choose your door mat and determine the sizes that work best for you max value
3850,PRP for hair loss,You will receive three PRP sessions for hair loss valued at each total We need you to create engaging videos that align with your usual content style funny if it's usually funny informative if it's usually informative Each session should be documented providing clear educational insights about the treatment Remember this is about education not selling
2627,Premium matcha from Amsterdam Teas,Enjoy our delicious ceremonial grade matcha from Japan. We will send you a g bag of matcha. Share the experience on Reel or TikTok within one week of receiving the matcha. Tag us and link our webshop.
3455,What can you do with LCC?,"The product LCC below is an explanation of its content and what you can do with it. You can also listen to the explanation by copying and pasting the following link https youtu be n GpGPBme si VY OJayvoJLQssKR The Lord Chesterfield Coin LCC is a digital currency with real value that you can use directly within the Chesterfield ecosystem. This means that not only can you invest in it, but also practically use it for valuable products and services. What can you do concretely with the LCC Coin? You can buy Chesterfield furniture using your LCC Coins. Get a discount by paying part or all of your purchase with LCC Coins. Buy bonds with attractive interest rates, which will increase the value of your coin. Support sustainable projects. Donate LCC Coins to CO-neutral initiatives within the Chesterfield brand. Sell or exchange your LCC Coins for products or give them away to other users within the Chesterfield network. In other words, you can use LCC directly to buy furniture, invest in bonds, support sustainable initiatives or sell your coins within the network. What will you get a certain number of LCC in exchange for a video post in which you show what you can do with LCC"
3212,Ascent Premium Perfume in a Stylish Refillable Case,"Nowadays companies spend a lot of money on disposable packaging instead of investing in high quality and sustainable materials and ingredients that can be reused. This trend is especially noticeable in the perfume industry where only an average of the retail price is spent on ingredients. By reimagining packaging, we significantly cut costs and reduce our environmental impact, allowing us to focus on what truly matters: the ingredients. This enables us to create our own scents inspired by the most popular niche perfumes making authentic scents more accessible. Ascent refers to the act of moving or rising upwards in a gradual way. With Ascent we put the emphasis on the product and demonstrate that quality, convenience and sustainability can go hand in hand. We believe that there are many simple things people can do to make a positive change. Let's embark on this journey together."
2888,The Wine Wall,"Take atmospheric photos and videos of parties that you bring in for us. Think about birthdays, weddings, events, openings, anniversaries, congresses, home parties and so on. Reward euro. The barter is that we award it after ensuring that we can play at an event. The organization of the event pays then, but not our regular rates"
2566,Football party for kids,"We would like to give extra visibility to the football children's parties With a video on social media channels this month. In return, the location can be used several times with an agreed quantity"
3165,Voucher to be spent in our store,"We offer a gift certificate to spend in our store, for example a new dining table. Depending on the size of the tables we have already tables from In exchange for this, we would like it if you come and make a video with us in the store where you can choose your own table that the top is made ready and delivered If you have any other great ideas about this, we would love to talk about them We are open to new things"
2401,Bar Kitchen Bubbles Bites for,"Come and enjoy Bubbles Bites at Bar Kitchen Here’s your deal x bottle of bubbly or x cocktail of your choice Chef s bites In case you don’t drink alcohol, you can exchange the drinks for non-alcoholic ones. On Friday and Saturday there is always a DJ present from PS If you want to order extra drinks or dishes this will be at your own expense"
1936,Try our marshmallows in delicious speciality hot chocolate at STACH.,"Our partner STACH food has just launched a new delicious concept on their menu, the specialty hot chocolate. You can choose from different hot chocolate blends with delicious spices to make the experience even more special and delicious toppings to finish it off. Among these toppings you will find our own Chef Mallow. We are looking for someone who can create a beautiful, stylish video of this experience."
2628,Wall mirror Mira product for content,Indusigns is a well known interior design label in the Netherlands and Belgium. In we aim to conquer the German market and therefore we are looking for German influencers to put our brand on the map with UGC Our deal is the Mira Black wall mirror Ø cm in exchange for some beautiful visuals photos per format x and x and videos per format x and x We will use this content on our website social media and in advertisements. We would also like a post x on your feed and a story reel x Delivery as soon as possible. We look forward to your response and potential collaboration
2395,Drinks at Warmoes.,You can get drinks for up to We have a jam night every Friday where we have live music
3534,V Steam Wellness Package Herbal Blend voucher t w v,"TreatYou tofeelgood At TreatYou, everything revolves around holistic wellness and care products for women. As the name suggests, we are here to make you feel good. With our beautiful V steam Wellness Package, we offer you more than just care; it is a real experience. Experience an age-old tradition in a modern jacket comfortably in your own home. Our pure natural herbal blend of Surinamese leaves is good for your hormones, works tightening and gives a fresh feeling. Every woman deserves this moment of self care"
3456,Take away couscous.,"Enjoy a delicious meal for two and choose freely from our extensive menu. Whether you are in the mood for traditional couscous dishes, tasty meat and vegetarian options or tempting side dishes - you will find everything you are looking for here. It would be great if you could make a Reel TikTok of your visit to the Couscousbar"
2241,x Pieper birthday package super nice,"You get the super fun Pieperpost birthday package with a potato with a handwritten message and all kinds of extra goodies. In addition, you can choose someone else who also gets the package from us. So if you want to surprise someone with a super fun Pieperpost package, this deal is for you"
2510,Vitacafe tiktok video,We are looking for influencers with a link to Zuid Korea K beauty or Korean trends to collaborate with Vitacafe with the possibility of an affiliate link. Receive a free package of Vitacafe and share your honest experience with your followers. Vitacafe combines high-quality vitamins and fish collagen in a unique liquid formula that supports the skin from within. Let your audience see how they can support their skin and feel at their best easily and effectively
2042,Try new dishes for two people,Try our winter dishes and post a nice video.
2044,Try new dishes for two people,Try our winter dishes and post a nice video.
2313,Promotion of the F Adjustable Car Mount Promotion Video,A promotion video of our Adjustable Mount you will get all the necessities sent to your home and then you can keep it
2516,Tufting kit worth long term partnership opportunity,"Are you a creative maker who loves DIY projects? Here is your chance to collaborate with Dutch Tufting, one of Europe’s leading brands in tufting materials with a Trustpilot rating based on reviews. Rug tufting is the art of creating custom rugs in your own unique style. It’s a fun and creative way to make personalized handmade pieces that are currently trending in the DIY space. What we can offer: A premium tufting starter kit worth Ongoing tufting materials Personal affiliate link"
3557,x Congratulations on the new baby package,"You get the super fun Pieperpost birth package with a potato with a handwritten message and a little jar for your little one. In addition, you can choose someone else who also gets the package from us. So if you want to surprise someone with a super fun Pieperpost package, this deal is for you"
2511,Promote GoodBeer Kriek Shampoo Shower Gel and Hair Conditioner Gift Pack,"GoodBeer offers influencers a promotional package featuring three Kriek beer inspired products. Kriek beer shampoo, Shower gel with Kriek beer Hair conditioner with Kriek Beer. In exchange for these products, influencers are expected to create engaging content showcasing the unique qualities of these beer infused cosmetics. In order to be able to send the goods I will need your address email and phone number"
2959,Upcoming shaping wear brand of your choice,For our shapewear brand we are looking for influencers who want to promote our products You can choose a product of your choice We are always open to your own input
3410,EPICX The Hague all you can play family fun all day,"Free entry for max people A whole day all you can play at EPICX Den Haag free drink p p Make unlimited use of our unique Active Pixel where EPICX is the first in the Netherlands with it Challenge your brother, sister, friend or girlfriend to a game of laser tag or go wild on our really MEGA trampoline, biggest in the region Do you have one or more kids Brilliant This deal is perfect for them We would like to know how old they are and how many of you want to come Chat with us Check opening hours at epicx eu and let us know when you want to come When you present EPICX well, we always pay attention to it via our account For example, through a repost or story so that our reach can also give your account new visibility We evaluate your contribution in the form of a score and review and communicate this with you so that you can use it when entering into new collaborations with other companies All influencers with whom we work pleasantly come on our Special Partners List They are the ones who are informed first about news, opportunities for additional collaboration and special occasions more deals, therefore"
2322,Promotion X wireless car mount promotion video,"You will receive the wireless mount for free at home to make a nice video with, of course you can keep the holder afterwards"
2944,Epic VR Party Experience for Kids and Families,"Hey Creators! We are looking for family mom focus influencers from the Randstad to showcase the ultimate VR party experience at our kids party location. Pick choose from our awesome VR games, escape rooms, shooters, mini-games and more. Enjoy free party experiences for your kids or family up to people. Behind the scenes VR fun Share exclusive discount codes with your followers Success fee for high quality content Ready to share the magic of VR with your audience DM us to get started"
2517,Tufting gift card,"Are you a passionate DIYer with a love for creativity? Here is your chance to partner with Dutch Tufting, one of Europe's leading brands in tufting materials. With a Trustpilot rating of based on reviews, we are the go-to choice for tufters across Europe. Rug tufting is the art of creating custom rugs in your own unique style. It's a fun and creative way to craft handmade rugs that showcase your personality and skills. What we offer Gift Card Choose from our extensive range of premium tufting products. The value depends on the scale and effort of your content Creator Flexibility We love working with creative minds who can present something in a unique and inspiring way. So don't hesitate to share your idea with us, and we will do a good offer Possible Long Term Partnership Interested in a lasting collaboration? We can create a unique package for you Share your ideas with us so we can explore whether we are the perfect match"
3558,x Congratulations on the new baby package,"You get the super fun Pieperpost birth package with a potato with a handwritten message and a little jar for your little one. In addition, you can choose someone else who also gets the package from us. So if you want to surprise someone with a super fun Pieperpost package, this deal is for you"
424,Mens Cord Jacket.,Cord jacket in colors
2630,You have a cat Get a custom pet portrait,"We are launching an exciting new website focused on personalized portrait art. This is a unique opportunity to collaborate on promoting customized artwork based on photos of the cat provided by customers. As an influencer, you will receive a free personalized artwork of your choice created using our innovative platform in exchange for showcasing the product and sharing your genuine experience with your audience."
2629,Creating jewelry,We would like to be satisfied with a piece of jewelry that you get from us.
2890,Seamoss gel,"The demand for healthy and natural food products continues to grow, and the global superfoods market grows annually with Seamoss is a relatively unknown but fast-growing superfood that has become a trend in North America and Europe."
2891,Blackseed Moss,You receive two jars of seamoss gel from us.
2631,FACIAL CUPPING SET TWV,"Want to promote the Facial Cupping Set from SKINTONE SKIN? We are looking for you! Get a package worth €10 and create the coolest content on TikTok video or Instagram post stories. Join us and let your creativity shine, and there is more to come of course"
2961,New menu item Jacket Sweet Potato,"Proudly introducing our newest menu additions Jacket Sweet potatoes in two styles Build your own or the Italian version with fresh buffalo mozzarella, pickled red onions and cherry tomato confit."
2962,New menu item Jacket Sweet Potato,"Proudly introducing our newest menu additions Jacket Sweet potatoes in two styles Build your own or the Italian version with fresh buffalo mozzarella, pickled red onions and cherry tomato confit."
2963,New menu item Jacket Sweet Potato,"Proudly introducing our newest menu additions Jacket Sweet potatoes in two styles Build your own or the Italian version with fresh buffalo mozzarella, pickled red onions and cherry tomato confit."
3697,Konro Barbeque Grill,"Are you someone who is crazy about cooking and BBQ? We are looking for passionate creators to show the authentic Konro BBQ in action. What you get t w v Konro Grill t w v The Japanese grill for ultimate taste experience Premium Binchotan charcoal t w v Burns hotter than ordinary coal High-quality Japanese meat knife t w v Perfect for precision cutting What we ask of you High-quality cooking content Especially BBQ-oriented videos are our preference Minimum video and stories on Instagram TikTok in which you show the Konro BBQ in action Creativity passion Think about Yakitori Wagyu Korean BBQ or your own twist Sign up for this deal and who knows, you will receive the Japanese BBQ set for free and we will start a fun collaboration Cheers Grill On"
3559,French fry scented candle.,You get from us x the delicious French Fry Candle and yes he really smells like fries So are you a huge french fry fan Then this deal is for you
3856,Biofiller PRF Gel Treatment,You will receive one Biofiller PRF Gel treatment for under eye rejuvenation valued at We need you to create engaging videos that align with your usual content style funny if that’s your approach informative if that’s your style Your content should document the entire process from consultation to results while educating viewers on why Biofiller is a natural alternative to traditional fillers This is about education not selling
2381,Children’s services Christmas Momfluencers,"With her hand-painted designs, Mies brings a smile to every mommy and daddy and baby Her painted animals are super cute and very popular as a christening gift or Christmas present Do you have little kids or expect a baby during Christmas Then let this personalized plastic Christmas plate designed by Mies be made especially for you You can choose from several Christmas animal designs And you also get cozy Christmas cards with it You can order online or visit the store in Amsterdam, De Hallen In return we would like to ask you to make an unboxing video To make the content authentic, you can fill in the contents yourself We would love for you to showcase the products nicely and brightly It would be great if you tell about the brand World of Mies and that all designs are hand-painted and the products are produced sustainably We believe most in an Instagram reel and or Tiktok video and, of course, stories can be added to it and optionally a post to promote it"
2513,Free Protein Cereal.,"You ll get a PR package with bags of our high protein cereal and a spoon. For those who are interested, there is also an affiliate code"
2892,Seamoss,You receive two jars of seamoss gel from us.
3065,Review for a free beauty product,We offer a free eyelash serum in exchange for an honest review on Bol com. You order the product and we refund the amount directly if you send us a screenshot of the review. There are no obligations attached to this. An easy way to get a free eyelash serum so watch out! Temporary offer
3857,Free overnight stays for people,Stay a night with your loved ones or friends colleagues in our farm
1767,Fresh Healthy Tasty Food post-workout meal in town.,"Special of choice regular size Build your own is also an option, but please have it written down beforehand so staff can assist you quickly."
3450,Give a party.,"Are you a content creator and do you want to organize an epic party without any costs? We have the ultimate opportunity for you. We offer a free rental package with which you can set up a complete party This package, worth over excl VAT, contains everything you need to create an unforgettable evening Professional lighting for the perfect atmosphere A powerful sound system to make the beats thunder A stylish bar and kegs of beer to provide your guests with drinks Glassware and tabletops for a complete setup Why We want to show what we have in store For this, we ask you to put us in the spotlight Do you have an audience that loves a good party and do you want to seize this unique opportunity? Contact us and claim your free party package"
3066,Leopard print bucket hat,"I am looking for someone who can create fashionable content for Instagram TikTok and or Youtube. I would like to receive unboxing video and photo or video in which the item is worn. If you share this content, please use emiliecollection. You give us permission to share your created content on our website sales channels and social media"
1746,Culinary Dinner Course with Two Chefs,"BELOW RESTAURANT Two Chefs offers the complete Two Chefs Brewing experience, culinary surprises specially combined with craft beer, natural wine or cocktails. From shared dining to a full menu, let us surprise you with exciting taste combinations. Creators receive a discount on their final bill. A course menu costs p p and a course menu costs p p"
2632,x Pieper birthday package who are you surprising?,"You get the super fun Pieperpost birthday package with a potato with a handwritten message and all kinds of extra goodies. In addition, you can choose someone else who also gets the package from us. So if you want to surprise someone with a super fun Pieperpost package, this deal is for you"
2570,Menu Tasting Indian Punjabi Food,"We are excited to introduce you to the vibrant and flavourful world of Indian Punjabi cuisine prepared by a talented home-based chef through the Homemade platform. As part of this collaboration, you will receive a curated selection of authentic Punjabi dishes crafted with care using fresh high quality ingredients. Your role is to share your experience of savouring these delicious dishes while highlighting the ease and uniqueness of ordering from a home-based chef via Homemade. Showcase the authenticity of the food, the cultural richness behind the cuisine and the artisanal approach of the chef along with the community driven ethos of the platform. This partnership allows you to connect with your audience through a personal and flavourful journey promoting the value of Homemade as a bridge between food lovers and passionate chefs offering authentic home-cooked meals."
3067,Denim bag.,"I am looking for someone who can create fashionable content for Instagram TikTok and or Youtube. I would like to receive unboxing video and photo or video in which the item is worn. If you share this content, please use emiliecollection. You give us permission to share your created content on our website sales channels and social media"
3561,Famous Kibbeling for,"The crispy golden treat that's impossible to resist! At the Seafood Bar we offer our Famous Kibbeling for only and we want you to try it and share with your followers. In this deal, you will get a Giftcard which can be used in all our locations for Kibbeling for approximately starters, desserts and drinks each on top of that! Sounds like a fun lunch or dinner right? Grab a portion and let the flavor party begin - crispy, tasty and totally satisfying."
2964,A painter d.,"We are looking for a creative and talented person who can create impressive artworks with a D pen and make inspiring content from it for social media such as TikTok and Instagram. The focus is on detailed artwork, so experience with a D pen and an innate talent for drawing with a D are essential"
2893,"Try SÜN probiotics, feel better.","We would like to send you some SÛN probiotics to test how fantastic this product is. SÛN contributes to better health. It is suitable for the whole family, athletes, foodies etc. To be able to explain the product well, you will have to taste it and preferably use it for a while to feel the result. You get maximum bottles of SÛN from us. We expect at least instagram stories in which you mention SÛN and show how you use it. At least one permanent post on the instagram page. We will post these posts again on our instagram page or tiktok video in which you taste and use SÛN"
3426,Create content and get free Savory Fashion products Your creativity our style,Looking for a UGC Creator We are seeking a talented UGC creator to make engaging and eye catching videos for our products including women' s jackets men women and unisex leather bags with fingerprint lock and women 's belts The goal is to create content that can go viral and drive sales which we will promote through paid ads in the Netherlands Luxembourg Austria Germany Belgium and France In exchange for your creative and impactful content you will receive our products If you re passionate about fashion tech and have experience creating content that captures attention we d love to collaborate with you
1943,Holiday giveaway Give one Get one Bon Ton Toys,"We would like to grow our TikTok and Instagram accounts. During gifting season we will do a weekly giveaway on instagram To make this even bigger, we want to ask you to join the giveaway fun. We will provide you with a Miffy and there is one for you to keep as well choose any from our cm collection"
1808,Diamond Factory Tour,"During the Diamond Factory Tour at Royal Coster you will explore the oldest diamond polishing factory in the world, observe master polishers transforming rough stones into perfectly cut diamonds and learn about the intricate stages of diamond cutting. The tour highlights include viewing the Royal diamond and a replica of the famous Koh i Noor along with a collection of unset diamonds. During the tour you will learn how diamond prices are determined by the C s Carat, Cut, Color and Clarity. You ll also get the chance to see skilled goldsmiths in action crafting exquisite jewelry"
3316,Go Green Confetti by Real Leaves Zero Waste Fun.,We look at what you need to create a post. Product only in exchange for content
2515,UGC Video for the breast pump PRO,"We are looking for a woman who wants to make high quality UGC video with our breast pump PRO. We are looking for a cheerful woman with children is a plus, but not necessary. You can find the content on our TikTok account. We would also like to see it. It is important to mention why you should choose Vulpes Breast Pump. With the handsfree breast pump from Vulpes Goods, you can always and everywhere express milk. No more trouble with uncomfortable expression or little time left. This pump is ideal for on the go and makes it easy and fast to express milk. More mothers in the Netherlands and Belgium already use this pump. If you order today, you can start comfortably and safely expressing milk tomorrow. And if you are not satisfied, you can return the pump free of charge within days. Order now and receive free storage bags"
3454,Test the Free HiBaby Manual Breast Pump Share Your Experience,Are you an expectant mother or a content creator in the baby or mama world? We offer you the chance to test our HiBaby Manual Breast Pump ML for free and share your experience. Perfect for mothers who want convenience and comfort when breastfeeding. What you get: Free HiBaby Manual Breast Pump ML A chance to collaborate with HiBaby for future deals Extra visibility via our official social media channels
427,Get a free photoroll for every post story or reel,"What is Finch Finch is a digital disposable camera After taking pictures, your photos are automatically printed to your home The Deal For every post on social media you receive a free photo roll Furthermore you receive a personal discount code which you can share with your followers as a present"
545,Black,
1896,"Win a ride in the coolest new EV, the BOX",de BOX is the coolest new Electric car In this barter deal you will drive a nice piece and make UGC movies of your experience with it. We will contact you beforehand to give some instructions. We are looking for all types of people from young to old
2894,Come and have breakfast with us on National Cream Cheese Day,"On January 1st it’s National Peanut Butter Day and we are giving away free peanut butter sandwiches in all our stores. In our store in Utrecht, we are going extra big with a wheel of fortune and a festive atmosphere. We want to attract as many people as possible to this store and make it into a great party. We are looking for influencers who would like to come along for brunch and create fun content about it. As a thank you, besides the free brunch, you will receive a nice goodie bag at the end of the day and get to spin the wheel for a chance to win something cool"
3069,Prado outlet,"At Prado, we created minimalist stores focused on the American market. We are looking for influencers who want to create user-generated content (UGC). This can be a product installation or a product review. You have to create the content at home, not in our office."
3155,AI What's Next Edition Haarlem Workshop,"Can’t see the wood for the trees? Want to make better use of AI but don’t know exactly how? Have you already taken your first steps with AI tools such as ChatGPT, but want to know what else you can do to make your work more efficient and fun? Then come to the AI Wat Nu workshop in February in Haarlem. Your first step towards smarter working with AI. Discover how you can use AI directly for your work and business. No complex theory, but hands-on examples and concrete applications that you can use immediately. Perfect for entrepreneurs, professionals and self-employed people. You will see AI tools that you can use right away. Case studies tailored to real challenges from practice. Concrete insights without theory, but direct results. Interactive: leave the workshop with concrete AI applications that you can use immediately. Hourly fee"
3167,Do you want to lose weight and get fit without exercising x times a week?,"Do you want to lose weight, get fitter and build muscle mass without spending an hour in the gym every day? This deal might be for you. We will work on creating a personalized training plan in our app that is efficient and effective so that you don’t have to spend hours and hours in the gym every week. About an hour of exercise per week is enough, because we understand that you also have other things to do besides exercising. In this process, we take into account your needs, wishes and what you need as a person to achieve your goals. Additionally, you will find instructional videos in the app with clear practical explanations about the technique of the exercises and you can keep track of which weights and repetitions you are using so that you can become stronger every week. For women among us: no, you won’t get too muscular; on the contrary, you will be toned. Additionally, it is clearly explained how to book this progress in the best way possible. If you want to know what the training app looks like, check out the short video via this link https drive google com file d Ha rVupahwLLAKwOqbxtq uRUDxbtm a view usp sharing In addition to your personalized training app, you will also have access to our community where you can ask questions to us, our coaches and other people like yourself so that you can work on your goals with self-confidence and all the necessary support."
3179,Discount code Heat Service,"We have a cool collaboration for you Warmteservice challenges you to make a creative and catchy video for Instagram in which you promote our exclusive discount code VERBOUWEN Show your followers how they can save smartly on everything they need for their renovation or job And the best part As thanks for your efforts, you may choose a product of your choice from our range up to a value of Think about top quality sanitary ware or heating completely free for you Sounds good doesn’t it We would like to see how you make something cool out of this Let us know if you want to participate"
2507,Sleep problems? We've got you covered with Netflix Working without blue light.,"We would like to collaborate with you on creating a UGC video see script indication below in exchange for a blue light blocker nose strips and mouth tape tvw euro We are always open to fun affiliate collaborations where we offer interesting commissions So this seems like something that interests you and do you have any affinity with health and good sleep? Send us a message Script indication You sit on the couch in the evening with a laptop on your lap and a phone in your hand The screen light reflects on their face Voice over It is late at night You are watching a movie, answering a few emails or scrolling through your phone But did you know that the blue light from your screens can seriously disrupt your sleep? Close up images as you look at the screen Voice over Blue light suppresses the production of melatonin, the hormone that helps your body fall asleep It results in You feel less sleepy, it is harder to fall asleep and you wake up feeling less rested Beelden You are lying in bed, turning around uncomfortably and looking at the clock It's time Voice over But this no longer has to be the case Get acquainted with the solution a blue light blocker Images The same person puts on a blue light blocker glasses or activates a blue light filter on their device The screen light changes into a warm, soft glow Voice over With a blue light blocker you can continue enjoying your favorite movie in the evening, finish work or scroll through your socials without any problem You protect your sleep The difference You look at the screen relaxed, turn off the laptop and go to bed You fall asleep immediately and wake up feeling rested Voice over Excited No more sleepless nights due to blue light Choose for the Alina blue light blocker and enjoy a good night's sleep without giving up your evening routine"
2484,Vitacafe Instagram Reels,Get a free Vitacafe package and share your honest experience with your followers. Vitacafe combines high-quality vitamins and fish collagen in a unique liquid formula that supports the skin from within. Let your audience see how they can support their skin and feel their best easily and effectively
3858,free printed condoms,"We offer you condoms with your own printing. Really stand out Condoms with your design on the foil delivered in a beautiful transparent box Unique and special Do you want to add something special, funny or sensational to a special moment? We offer you the possibility to order condoms completely personalized with your own print Whether it concerns a funny message, a logo or a personal message we make it possible for you Why choose personalized condoms Perfect as a gift, give away and promotion A nice design ensures hilarious reactions at parties, weddings, bachelor parties or other special occasions Make a statement with your own design Quality condoms with CE certification for your safety and comfort"
2216,Bao Boom for individuals at The Streetfood Club Utrecht,"Enjoy a personalized delicious fluffy bao buns and lemon pie in a coupe including drinks The ultimate afternoon indulgence Disclaimer All communication about barters will only take place via this platform Do not contact us through social media, phone or directly with the restaurant If we accept the barter, always send a chat first via Barter Don’t go to the restaurant without an appointment After your chat, we will make sure that the reservation is placed in our system so that our colleagues in the restaurant are aware of your arrival and our agreements"
2212,Dinner for two at The Streetfood Club Breda,"Enjoy a dinner for two including drinks Our menu is a combination of Latin American spiciness and Asian refinement Let yourself be tempted by our drinks menu with unique cocktails, gin tonics with various spices and a range of local and international beers Do you prefer bubbles or wine You are at the right place Disclaimer All communication about barters takes place exclusively via this platform Do not contact us via social media phone or directly with the restaurant If we accept the barter, always send a chat first via Barter Don't go to the restaurant without an appointment After your chat we will ensure that the reservation is placed in our system so that our colleagues in the restaurant are aware of your arrival and our agreements"
3070,Midweek night stay in holiday home nb Maastricht,Stay over in our holiday home for persons nights max monday tuesday wednesday thursday Dates to be discussed Free of charge do provide sheets and towels
2310,IMAANI natural skin care,Receive products for free commission on every sale with discount code
1253,Free pizza dinner for,"Get a two-person pizza dinner including a pizza of your choice, a dessert of your choice and two drinks of your choice per person."
2634,Free main course for two people and four drinks of your choice,You can choose a steak or dish from the main courses Japanese Wagyu up to grams. Four drinks will also be credited from the total bill
2215,Dinner for two at The Streetfood Club Utrecht,"Enjoy a dinner for two including drinks Our menu is a combination of Latin American spiciness and Asian refinement Let yourself be tempted by our drinks menu with unique cocktails, gin tonics with various spices and a range of local and international beers Do you prefer bubbles or wine You are at the right place Disclaimer All communication about barters takes place exclusively via this platform Do not contact us via social media phone or directly with the restaurant If we accept the barter, always send a chat first via Barter Don't go to the restaurant without an appointment After your chat we will ensure that the reservation is placed in our system so that our colleagues in the restaurant are aware of your arrival and our agreements"
3457,Try the world's best books,"Are you a content creator with a love for chocolate? We are looking for creative makers who want to try out our bonbon books and create cool content about them. In exchange for a beautiful book full of artisanal bonbons, we ask for a fun video and photos in which you present our product with links to our webshop. We will also share your content on our website and socials. A review on our website about the received product. We have different formats and colors available so there is always a bonbon book that suits your style. Interested in a tasty barter deal? Let us know!"
3180,Do you want to lose weight without a strict diet or exercising x times a week?,"Do you want to lose weight, get fitter and feel good without following a strict diet or exercising x per week? This deal might be for you. We will work on creating a personalized nutrition plan and training plan in our nutrition app and training app. Your nutrition app is not just another meal schedule where you have to eat the same thing every day. You can choose whatever you want to eat at any given moment from hundreds of simple, quick and tasty dishes. In addition, you can also easily put together your own meals or add products for ultimate freedom in your diet. We take into account your needs, wishes and what you as a person need to achieve your goals. Working on your health goals does not have to be all the hassle of following a strict diet, constantly thinking about food or giving up your social life. If you want to know how the nutrition app looks like, check out the short video via this link https www loom com share ae ac e e fdbdd d c f f fcf. We will also work on creating a personalized training plan in our training app. We will set up your plan efficiently and effectively so that you do not have to spend hours and hours in the gym every day, about an hour per week is enough. Because yes, we understand that you also have other things to do besides sports. Here too, we take into account your needs, wishes and what you as a person need to achieve your goals. In addition, you will find instructional videos in the training app with clear practical explanations about the technique of the exercises and you can keep track of which weights and repetitions you pick up so that you can get stronger every week and for women among us No, you won't become too muscular, you'll just be toned. In addition, it is clearly explained how to book this progress in the best way possible. If you want to know how the training app looks like, check out the short video via this link https drive google com file d Ha rVupahwLLAKwOqbxtq uRUDxbtm a view usp sharing"
3859,Free D printed items of your choice at Printshark nl,"We are a D printing webshop with many products that we offer, as well as custom D printed models. Please let us know what kind of items you would like to have and we can discuss the content in more detail. Check us out at printshark nl"
521,Meal for,"We would be happy to offer you a pizza combo that includes a fresh slice of pizza, an arancini ball and a soft drink of your choice."
1207,Try and fall in love with our delicious handmade marshmallows,Try our freshly homemade marshmallows delivered straight to your door from the Chef’s kitchen.
2573,FRAMEZ Fashionable Blue Light Glasses,"We send you a pair of glasses of your choice in exchange for an UGC video where you tell about the benefits of the glasses and, of course, show how they look on you. We leave the creative interpretation completely up to you so that it comes across as naturally as possible. The only thing we want to check beforehand is the script you have in mind. Then we can make adjustments if necessary, of course. We ask you to post the video both on your own TikTok account and share it with us via WeTransfer. We would like to possibly use the video for advertising purposes with your permission. Does this sound like something for you? Let us know! Best regards, FRAMEZ team"
3860,KOOX Organic Juice Only available in London Voucher,cold pressed juices superfood smoothies ginger boosters this pack could be used also as a h Detox Cleanse All our products are fresh made to order that s why we can delivery ONLY in London KOOX is the highest rated juice brand in London on food delivery platforms stars reviews Organic Raw Cold pressed Additives Pasteurisation HPP
2574,Jewelry brand content creator wanted,"Hi For our new jewelry brand Junéa, we are looking for girls who can create content for our website. At first it concerns product photos of among other things earrings, bracelets etc. These can be photos with a face, close-up shots of the jewelry and more. We have created a moodboard so that you get a good impression of our jewelry brand but this moodboard does not look good when we add it as an image here. So feel free to send us a message for more information about our jewelry brand. Do you think you are a match for our brand? Send us a message and hopefully we can do something for each other"
2316,A free photo booth for your party,"Propfun’s photo booths are cool and provide a lot of fun at every party. Are you having a party soon and do you want a free photo booth with prints? Let us know for this cool barter deal You will steal the show with a photo booth, and as an exchange you take care of cool content on your socials We also want to have access to the images in order to place them on our own socials. We have branches in the Netherlands and are primarily looking for someone in the Rotterdam region. We will deliver the photo booth to your home from our HQ in Oud Beijerland"
2635,Online training for farmers,"In exchange for free training or an opportunity to spend a day on the farm, we would like attention for our courses in favour of farmers."
3459,Earn commission on each sold product of MagCable NOW,"We are looking for passionate people who want to help us grow our brand. As an affiliate partner, you promote our innovative magnetic charging cables and receive commission on every product sold via your unique link. What do we offer you? Commission per sale generated through your unique link. Free MagCable products that you can use for your videos and content. We would love to receive your content in HD quality so that we can possibly use it on our social media channels. Are you interested in working with us? We are happy to answer all of your questions and discuss how we can get started together"
2540,Course From vegetables to refuse according to your desires.,"From refusing vegetables to liking Do you also notice that your child always eats the same fruit or vegetable When you offer a new fruit or vegetable, you soon hear Bah, I don’t like it or the vegetable remains untouched on the plate You try to get your child excited but do not want to exert pressure You find a nice and important atmosphere at the table but also want your child to learn to eat more varied food In this mini course That I like it will you start working on getting your child to taste and learn to eat new food from a positive, fun and effective way As an educationalist and children’s nutrition expert, Iris Vernooij gives you practical tips and tools that you can say and do to get your child to taste and learn to eat new food The mini course consists of several videos and practical assignments and worksheets that you can complete at your own pace and use There is also a platform where you can ask me questions so I can think along with you about what suits you and your child or the situation best After this mini course, you will know how to stimulate your child to learn to eat more or more varied vegetables in a relaxed and positive way You receive access to the online course That I like it the table cards edition t w v You can share with your followers a discount code for a discount on this mini course Here I am looking for An parent of one or more children aged between and who sometimes regrets his child’s eating habits or, from the start, considers it important to teach healthy eating habits and wants to maintain a nice atmosphere at the table An parent who is open to tips and inspiration and likes to follow a mini course for this"
2492,Spelenderwijs vegetables and fruits taste and learn to eat with the Table Cards with vegetables and fruits,"Do you already know the table cards with vegetables and fruits? These cards can be used to teach your child in a fun way to taste and eat. As soon as these cards are on the table, the adventure can begin. During the meal, your child and you will be challenged to taste vegetables and fruit. The table cards contribute to a relaxed atmosphere, funny moments and conviviality at the table. These table cards suit every family at the table. It is great fun to learn more for children who already like to eat vegetables and fruits. But also perfect for children who shout loudest that they do not want to eat it. From these cards it is clear for children why they want to eat broccoli, spinach or even peaches. They are also challenged to experiment with the vegetable or fruit. The table cards contribute to becoming comfortable with vegetables and fruits and optimizing the image of vegetables and fruits. In this way, the table cards contribute to the development of a healthy eating pattern. Fun for children but also ideal for parents. Because what do you say now to enthuse your child? How can you ensure that they remain relaxed at the table, but above all, enjoyable and nutritious? This box with table cards provides enough inspiration. You will receive my edition of the table cards with vegetables and fruits"
2357,Free Eyebrows Threading Tinting,"When epilating the eyebrows, the shape of the eyebrow is brought into good form by means of a tweezers. Combine this with coloring your eyebrows and it gives your face an open appearance and accentuates your eyes"
3827,Free dinner or lunch for people with children possible,"Familiar restaurant Charlie is the place where you can eat and relax while your children play. It is an ideal restaurant for a fun family outing. Our terrace has reopened now that spring has begun. While your children enjoy a kids’ menu and have fun in our indoor playground, you can relax here. We would like to promote this and we need your help. Subject: Capture the general atmosphere of your visit with a focus on how the children are playing and having fun, and how you are enjoying yourself while eating and drinking at the terrace. Practical Location Eindhoven Visit period Between March and May Reward Free lunch or dinner meal For persons who have at least one child Financial compensation of €100 for min followers Delivery Minimum stories during the visit Play area in the indoor playground Eating and drinking at the table on the terrace General A reel with a recap of your second visit De stories en reel plaats je op je eigen profiel én deel je met ons zodat wij dit ook kunnen plaatsen. The reel will remain visible on your profile for at least one year You can choose a day and time when you want to come by yourself Check our website first, we depend on availability We have handy brand guidelines for you"
2206,X-Mas Boost with Pranktastic com,"Pranktastic is looking for enthusiastic TikTok and Instagram influencers to help spread the holiday cheer with our Prank Cards and especially the Meowy Christmas card. We are searching for creators who love to bring humor, playfulness and festive fun to their content. If your followers enjoy lighthearted pranks, unique holiday cards and glitter surprises, we’d love to collaborate with you! Join us on Barter and let's make this holiday season purr fectly memorable."
2520,Creative content creators wanted.,"Are you a pro at creating Instagram content and love beautiful nails? L Adele Studios is looking for influencers who want to promote our luxury press on nails. What we offer are sets of our pre-made, handcrafted salon nails perfect for any look of your choice"
3072,Wellness sauna filming at SpaWeesp,Mediterrane atmosphere film from SpaWeesp located near Amsterdam Rest in the Randstad With exclusive access before opening time you can make beautiful content undisturbed at this atmospheric resort Note that the image material must be made before 9 am because of receiving guests SpaWeesp has a bathing day every Monday and last Sunday of the month Take this into account if you want to communicate This barter deal You receive one day entrance for persons to use at a classic or deluxe resort from BeWellness www.bewellness.nl
2187,Bier Shuffle at Four High Breda,"Come and play a game of shuffle with one or more people on our interactive Shuffle table. You will receive specialty beers Affligem Blond Texels Skuumkoppe, also non-alcoholic."
2508,"Come and see Oh Buurman, what are you doing now?","Deal for Content Creators Come and watch Oh Buurman what are you doing now Saturday January at hour or at hour Goirle Saturday January at hour or at hour Duiven Are you a creative content creator who loves to laugh? We have a great deal for you. What do we offer You get free tickets to visit the hilarious performance Oh Buurman what are you doing now In exchange for the tickets, you make a short video in which you show a small part of the performance without spoilers The ordering process via Adje nl explains or shows how you walk towards the afternoon evening, for example on your way to the theater Afterwards, you share your honest opinion about this show full of humor What do you emphasize Show how funny and unique the performance is Encourage your followers to also go and watch This is the chance to combine an evening full of laughter and pleasure with making unique content Interested Send us a message and we will contact you"
2183,Come and play laser games at the newest Lasergame arena in Eindhoven.,"Come and play laser games at the all new Lasergame Arena in Eindhoven. Play laser games with a minimum of up to a maximum of people at Vier Hoog Eindhoven. You will get sessions of minutes, and in between you can have a drink from the bar to catch your breath. The deal always takes place on a Thursday afternoon evening."
958,Follower Test,just for testing
3342,Empowerment Dance Challenge for Men,Showcase a MR Riegillio outfit to your followers we provide the outfit you show it off MR Riegillio is a queer fetish street wear fashion brand for men We have our own collection of leather PVC nylon and sportswear clothing Showcase an outfit in leather PVC or sportswear to your followers You have creative freedom to do so Let s get in touch to discuss the possibilities what fits best for you
3411,FREE suit value eu Travel Wear for Men Lessenziali,What you get is a chino in your size RRP an overshirt in your size RRP so a full travel suit worth EU Introducing Lessenziali the next level menswear brand that celebrates comfort without compromising on style and aesthetics. Lessenziali's design philosophy takes inspiration from timeless Italian classics drawing on the elegance simplicity and sophistication that made Italian menswear iconic. We reimagine the way modern men experience everyday style. The Lessenziali man leads an active life and wants to enjoy cool comfortable confidence with clothing that supports his needs at the office around airports or out for a night on the town. The essence or L essenziali of our brand emphasises quality simplicity crafted functionality and timeless design exuding a sense of sophistication refined minimalism and understated luxury designed to inspire dynamic lifestyles. We are looking for someone who personifies this lifestyle and can express through his posts this vision into reality clearly showing the benefits of our clothes. The hero in our clothes is the fabric it is made of. This is a high performing top quality Italian fabric that is the best travel fabric out in the market and used by all premium Italian brands like Herno Pescarolo etc Travel fabric means hi stretch so comfort low maintenance less washing and no ironing and stain resistant. Additionally we added smart details for sophisticated guys like you a zipped wallet pocket an airpods pocket and an internal phone holder in the left pocket to keep your phone in place. We like you to highlight these features and show true enthusiasm for these kind of innovative benefits that were added without sacrificing looking good of course.
2636,GRATIS PREMIUM FATBIKE promotion Pulse Fatbikes,"We are looking for an enthusiastic content creator who wants to help us promote our new fatbike to a larger audience. It concerns a real premium fatbike of the highest quality that naturally complies with all legislation. The bike has a sleek and tough design and also many nice gadgets such as a large color display with navigation and GPS tracker. We can make the content available for a fiets t w v t m or give it to you completely free of charge depending on the reach and quality of the content. In addition, we can also agree on an affiliate fee. We are open to everything"
3182,Rum Infused Coffee alcohol-free review,Review our Rum Infused Coffee Share your thoughts and experiment online Barista s Try latte art espresso cold brew shakerato etc Chefs Make tiramisu with it or any desert Beauty use the used coffee grounds as a scrub and enjoy the smell Bartenders Use in any non alcoholic cocktail We will send you a free package of Rum infused Coffee with a retail value of euro for g We only supply whole beans
1760,Tiktok video about VANN ULTIMATE BOTTLE,"VANN is a Dutch brand of high quality premium drinkware. For our ULTIMATE BOTTLE, we are looking for creators to make Reels TikToks. We are looking for genuine and natural videos. If you don’t feel connected to VANN or our values, please do not reach out. We love collaborating with people who genuinely like our brand so the videos come across as authentic and spontaneous. The video will be about the following product https vannbottles com products drinkfles rvs If you are interested, we’ll discuss together what type of video or concept you can create"
2575,Tucho Dubai Chocolate Europe's first Dubai chocolate producer and Belgium's high-end luxury chocolate brand.,"As part of this collaboration we will provide you with free samples of our luxurious chocolates for you to enjoy. In return, we ask that you create engaging content sharing your honest and passionate experience with our products. This is a perfect opportunity to work with a premium chocolate brand and connect with fellow chocolate lovers who value high quality Belgian made treats"
2967,Allround Content Creator Fits Kids,What will you be doing Regularly posting on our socials Instagram TikTok and Facebook Creating original content including UGC user generated content Making child-friendly videos reels photos and stories Experimenting creatively with our D pen and making artworks that inspire children and parents Who are we looking for Experience You have experience in creating creative content and are skilled at using tools such as Canva CapCut or Adobe Personality You have a playful energetic style that perfectly matches children's products Extra bonus You have children yourself and know exactly what appeals to them Creativity You have ideas and feel at home in a world full of color fun and innovation What do we offer A permanent collaboration with a growing brand Flexible hours perfect for combining with a family The opportunity to let your creativity shine and take our brand to the next level Does this sound like something for you Send an email with a short introduction and examples of your work to info dr commerce nl We look forward to your creative ideas Fits Kids Together we will make the world more colorful
3412,Free to test.,"One of the best-selling products is the C Detox program. Within days you reset your body, you will feel fitter, more energy and a number of cm and or kilos less. With good results you can receive a free webshop with which you can earn profits"
2521,Award-winning Spicyfox Gin,We will send you a bottle ml of Spicyfox gin worth
2416,Are you our Powerful Lady?,"Are you our Powerful Lady? We are looking for a real power woman to test and promote our Powerful Lady candle. This special candle is designed for strong, inspiring women and radiates strength and positivity. A perfect match for someone who likes to inspire her community with products that have meaning. Would you like to try this candle and share your experience? Send us a message and become the face of our Powerful Lady campaign"
2576,Quality Matcha Drinks Dragonfruit Pistachio Strawberry Mango and many more,"This collaboration is all about experiencing and promoting the latest matcha craze. We provide you with our premium matcha drinks and chocolate covered strawberries to enjoy. In return, we ask you to share your passion for our products with your followers through photos, videos or stories. Let's celebrate this matcha hype together. You can choose from a variety of unique matcha flavors including Dragonfruit Vanilla Matcha Strawberry Matcha Coconut Mango Matcha and Pistachio Matcha. Matcha is the ultimate trend right now, and our brand offers top quality matcha that stands out"
1396,Discover new favorites.,Ready to try something new Experience two great products from Ochama Juice Blender Air Fryer Your followers can enjoy special discounts off purchases over They simply have them enter your exclusive code in the search bar and claim their discount Additionally we offer a commission on every first order made using your code
839,Laneige Lip Sleeping Mask Ochama,Are you interested in the Viral Laneige Lip Mask Try it out now Our goal with the collaboration is actually mainly that people will download our app register and try out our concept through the discount vouchers we give them with a personal invitation code which we wil later share with you Your followers will be able to purchase products from us for a cheap price with your code We work together with more than Ochama Pick Up Points across the Netherlands and Belgium In the Netherlands we are collaborating with over more than Blokker shops where you can pick up your Ochama order
3184,Workshop Piemel Boetseren,Do you want to come with a friend to our Piemel Sculpting Workshop and make a nice sculpture and tag us?
2895,Earn hundreds of euros with Kymo.,"We offer creators the chance to promote our innovative cleaning machines via TikTok and Instagram. Our goal is a long-term collaboration in which multiple videos are posted. You receive an affiliate link and an attractive percentage per sale. Thanks to an average order value of , earnings can quickly add up. A previous creator already earned per day. You will also receive a free product from us to make the videos with. You may send us an email to info kymo online nl to discuss options together and come to a nice collaboration"
2328,Fresh healthy tasty meals,"We are De Blije Bloemkool, a healthy meal service for Spijkenisse and Hellevoetsluis e o We are looking for people who have been around for at least a year. You live in Hellevoetsluis or Nissewaard Affinity with health or sustainability or nutrition or local products or lifestyle or ordering food. From us you can order meals per day for days of your choice"
2577,"The Art of Me Time Cute chocolate-covered strawberries, desserts, cakes and your favourite drink","As part of this collaboration, we will provide a selection of six premium chocolate-covered strawberries. You can also choose from our other unique desserts like brigadeiro Belgian Kiss truffle macarons cupcakes red velvet cakes etc and a complimentary drink from our menu. You can choose from options such as matcha iced coffee or one of our other unique beverages. Basically, your favorite quality me time. In return, we ask you to capture and share your experience with your audience highlighting the flavors, quality, and ambiance of our shop. Let's create a sweet and memorable collaboration together."
2960,New menu item Jacket Sweet Potato,"Proudly introducing our newest menu additions Jacket Sweet potatoes in two styles Build your own or the Italian version with fresh buffalo mozzarella, pickled red onions and cherry tomato confit."
588,The Signature Chocolate Truffle Selection Box Love Cocoa,Flavor The Signature Chocolate Truffle Selection Box Sustainable chocolate includes truffles
2968,BEAUTICAL C GOLD Brightening Cream,"Hi, we are looking for beauty enthusiasts who would like to try out our new product C GOLD Brightening Cream and share their experience with us. We need as much content as possible - at least one photo and one video that we can use on our social media channels."
2522,Petree Cube Barter Deal,"Petree Cube an innovative self-cleaning litter box available in a color of your choice is offered in exchange for collaboration. The possibilities for the collaboration are influencer collaboration, UGC content and affiliate collaboration"
3700,shoptegoed Pei Pa Koa Cough Syrup,"Are you a creator who likes to share honest reviews and product experiences We are looking for creators who want to test Pei Pa Koa and share their experience What you get Pei Pa Koa t v shop credit Free Pei Pa Koa The iconic herbal syrup from Asia for sore throat and cold shop credit on our webshop Spend it on other Asian products of your choice Exclusive collaboration Your honest review in exchange for content What we ask of you High-quality, honest content in which you share your experience Min video and stories on Instagram TikTok in which you show how Pei Pa Koa helps with sore throat or cold Authentic and spontaneous We are looking for real experiences, not standard advertising Content guidelines Use Pei Pa Koa when you have a sore throat or cold Take a picture of it mixed directly with warm water or tea Share your honest experience how does your throat feel after use What makes it better than other products Let the viewers know that this is one of the best products you have ever used for sore throat and cold Add a personal touch tell a short anecdote or give a tip Extra benefit As a participant, you receive shop credit to spend at www theorientalshop nl Here you will find a wide range of tableware, kitchen utensils and more to complete your Asian cooking experience Sign up for this deal and who knows, you may receive free Pei Pa Koa euro shop credit and we will start a collaboration"
3228,Sustainable soy wax decorative candles.,"We are looking for influencers and content creators who want to help us bring our candles to the attention of a wider audience. What we offer A gift card to be able to order candles of your choice, decorative or DIY KIT A personal discount code for your followers so you can give them exclusive discounts Collaboration in which you get creative freedom to make unique content The opportunity to work with a sustainable and innovative brand"
3185,Taste Experience Cafe House Premium Coffee,"Are you a true coffee lover and do you like making beautiful content? Then this is your chance to create a unique video with the coffee that many Amsterdam cafes already rely on CaféHuis nl Koffie zoals het hoort. Until now, only served in the best cafés in Amsterdam but now finally available for you. We are looking for enthusiastic content creators who want to unbox, test and especially really experience our premium coffee beans, coffee cups or ground coffee. What you get A luxury tasting package with our best coffee varieties. A personal handwritten card and a small surprise because we believe in customer attention. The chance to be one of the first to taste our Italian organic and caffeine-free coffee according to your own wishes"
2969,BEAUTICAL skincare product of your choice,"We are looking for beauty enthusiasts who would like to try out our innovative products and share their experience. We require videos demonstrating how the products are used, as well as honest feedback on the results, including before-and-after photos."
1617,FOODIES Enjoy Guilt Free Genieten with a good conscience,"Are you someone who consciously chooses a healthy lifestyle but still likes to enjoy spicy flavors? We have something special for you, our Guilt Free Sweet Chili sauce. This delicious vegan sauce is made with the best herbs and spices, contains added sugar and artificial sweeteners. Ideal for a healthy meal such as a wrap sandwich or salad. Add a spicy twist to your dishes without feeling guilty and continue enjoying flavorful food without unnecessary additives. Why choose Guilt Free Sauces? Added sugar, Without artificial sweeteners Enriched with our herbs and spices Vegan Show how you make your favorite dishes even tastier with our Guilt Free Sweet Chili sauce and inspire others to enjoy healthy food"
2896,It can be so nice.,"Are you someone who consciously chooses a healthy lifestyle but still likes to indulge? We have something special for you, our Guilt Free product line. These delicious vegan sauces are made with the best herbs and spices, contain added sugar and artificial sweeteners. Ideal for a healthy meal such as a wrap sandwich or salad. Add a sauce to your dishes without feeling guilty and continue enjoying tasty food without unnecessary additives. Why choose Guilt Free Sauces? Added sugar Without artificial sweeteners Enriched with our herbs and spices Vegan Show how you make your favorite dishes even more delicious with our Guilt Free sauces and inspire others to enjoy healthily"
1565,Course Lunch at Bistro Le Ciel,A course lunch at Bistro Le Ciel including drinks per person for two people
2970,BEAUTICAL skincare tests our innovative products,"We want to increase the brand awareness of our skincare brand. Our products are innovative and effective, and we need to bring them to the attention of consumers. Once they try them, they will adopt them."
2971,Universal Balm,for English scroll below WHAT WE LIKE ABOUT YOU See a video with the following content Show the product Describe the texture Packaging feel Smell Size It is big and lasts almost forever Apply it to dry skin areas of your choice Lips Cuticles Elbows Knees or even Heels WHAT YOU GET FROM US In addition to the amazing balm you get any product of your choice from our online store www bonbabef com We are never stingy with reviews and ratings when influencers work well DEADLINES You have up to days after receiving the product to create the video Show this new universal natural balm from Bon Babef to your followers WHAT WE LIKE YOU TO DO Create a video with the following content show the product Describe the texture Packaging feel Smell Size it is big and lasts almost forever Apply it to dry skin areas of your choice Lips Cuticles Elbows Knees or even Heels WHAT YOU GET FROM US In addition to the amazing balm you get any product of your choice from our internet store www bonbabef com we are never shy in the reviews and rating when influencers are collaborative DEADLINES You have up to days after receiving the product to create the video
3317,Sustainable soy wax candles,"We are looking for influencers and content creators who want to help us bring our scented candles to a wider audience. What we offer A gift card of €10, with which you can order your own scented or decorative candle. A personal discount code for your followers so that you can give them exclusive discounts. A collaboration in which you get creative freedom to make unique content. The chance to work together with a sustainable and innovative brand"
2899,Diamond facial.,A free High End skincare treatment cleaning toner scrub vapazone deep cleansing mask massage face neck decolleté serum day cream Get to know our location and our high-quality treatments and products.
3186,Japanese HeadSpa,Scalp detox scrub shampoo and soothing mousse Neck shoulder and head massage Nourishing hair mask with steam therapy Refreshing rinsing with a water arch Dry styling your hair is frizzy
1563,Luxury breakfast with bubbly.,Luxury breakfast buffet with champagne and a dish of your choice for two people
2897,Diamond facial.,A free High End skincare treatment cleaning toner scrub vapazone deep cleansing mask massage face neck decolleté serum day cream Get to know our location and our high-quality treatments and products.
2898,Diamond facial.,A free High End skincare treatment cleaning toner scrub vapazone deep cleansing mask massage face neck decolleté serum day cream Get to know our location and our high-quality treatments and products.
1571,Lunch restaurant Moonstone.,Course lunch including drinks for two people
2421,Become a creator for Gametimer,"To promote Gametimer, we will be sharing more video content via Meta and TikTok. We are therefore looking for Belgian and Dutch parents who want to receive one or two Gametimers in exchange for making informative videos. Are you a creative parent who likes helping others get inspired about screen time management? Sign up now and receive a free Gametimer to get started. The Gametimers will be sent to your home address, so you don’t have to be on location."
3319,One Homies Dogwear shopping bag in exchange for a roll,We will give you the Homies Dogwear dog carrier worth free and give you per sale with your personalized code in exchange for a reel that shows how you use the bag Small and medium size dogs fit Max KG Corgies Dachshunds terriers pooches most poodles toy poodles and other dogs fit Please see the website for a detailed description of the measurements Of every bag sold we donate a meal to a dog shelter So you re also doing something good for the world Win win
3318,"Shave, trim and style your facial and body hair with the most convenient shaving tool Philips OneBlade.",For Belgian Male creators only As Philips OneBlade is one of the most popular shaving tools we are looking for content creators who want to showcase their followers how they get ready for work a date using OneBlade that can be used to shave trim and style any length of facial AND body hair A fun get ready with me video that is authentic and attracts your followers to try the tool out themselves
3414,Eyebrow makeup,"You can choose product of your choice in consultation with us. We have Brow pencils in different colors, Brow freeze mega strong gel that allows you to change the hair direction transparent Brow gel in different colors Concealer Highligter warm and cool tone Brush spoolie"
2900,Free Microneedling treatment,"Free Microneedling treatment Microneedling is a treatment that gives you a natural facelift At Cleyo we specialize in determining the different skin depths The sterile needles attached to the pen have gone into and through the skin The cells are therefore punctured in a controlled manner In other words, we make tiny holes in the skin This treatment stimulates the natural healing process in the deeper layers of the skin and promotes the production of Collagen and Elastin in the skin We simply mimic the natural cell renewal of the skin so that your skin gives a wonderful result within no time"
2972,Celebrate Valentine's Day with mini easels,"Celebrate the season with a pack of mini easels. Use them for labeling to leave sweet notes. Get everything you need to decorate them, including markers."
2567,Welcome to Mankind The gift for the expectant father,"Description of the offer We are looking for enthusiastic UGC User Generated Content creators who want to help us promote the unique gift box from Welcome to Mankind. This luxury gift package is specially composed for expectant parents and it is the perfect present for people around their first pregnancy. The target group consists of people aged between 18 and 65 years old. What is Welcome to Mankind? Welcome to Mankind is an online men's pregnancy consultation. With our video course, the father prepares himself in a funny, humorous and no-nonsense way for his future role as a father. In many cases, the woman, the expectant mother, watches part or all of it. We are proud of our customer satisfaction and have been rated with stars on Google Reviews after reviews. What do we expect from you? Create a short video in which you show the gift box and its contents and tell something about it. For example, explain why you think it is an ideal present for expectant fathers or parents. Share your honest opinion and make it personal and authentic. The goal is to bring the Welcome to Mankind gift box under the spotlight in a positive and natural way. What do we offer? You receive the Welcome to Mankind gift box free of charge at home, which you can use in the video. In addition, we pay a fee for the created content. Important conditions We like to hear your own interpretation of the product. So read our site and tell us what you like about the product or why you would like to give it as a gift. Afterwards, we also want to use the content on our own marketing channels such as social media, our website and possible advertisements. Are you creative, enthusiastic and do you enjoy creating valuable content? Then sign up now and help us put the Welcome to Mankind gift box in the spotlights"
2131,"Do you want hydrated skin, shiny hair and beautiful nails? Try X Collagen Boost with Hyaluronic Acid and Biotin for €10.","Collageen Boost is a premium supplement designed to support the body’s natural collagen production, which is essential for healthy skin, strong nails and resilient hair. This product has been specially developed for people who want to slow down skin aging and maintain a healthy appearance – ideal for those who value a youthful glow. Collageen Boost is perfect for anyone looking for effective support for their skin, hair and nails, especially for people who are aware of skin aging and strive for a healthy, youthful look. Suitable for adults of all ages who want to take care of their skin from the inside out. What Collageen Boost does: it provides high-quality collagen peptides that support the elasticity and firmness of the skin, in addition to helping hydrate and strengthen the skin, which keeps it resilient and less prone to wrinkles. The result is a visibly firmer, hydrated and radiant skin that is resistant to the signs of aging with a natural glow that you can confidently show off. With Collageen Boost, your skin gets everything it needs to maintain and strengthen its natural beauty. Ingredients: Hydrolyzed bovine collagen type I/III, hyaluronic acid, vitamin C, acerola extract, biotin and natural flavor"
3181,Nutrition coaching Do you want to lose weight without a strict diet?,"Our specialty is Balanced Enjoyment experiencing freedom in your diet and thus permanently losing weight while staying at a healthy weight. We start with a personal kick-off call with Coach Noel where we welcome you into the program and remove any questions or doubts. This way, you can start with peace of mind and feel comfortable right away. Then, you will work on the Balanced Enjoyment part and get access to our exclusive community. Here, you will find valuable information about how you can enjoy a balanced diet and experience freedom in your food choices in order to then lose weight and maintain it afterwards. You can connect with other participants, ask all your questions, share your experiences and discover how others are finding their way to a healthy lifestyle. This gives you extra motivation and support. And of course, we also share delicious and easy recipes that fit perfectly within your new eating habits. We work together to improve your relationship with food and lay a solid foundation for sustainable weight loss. We help you make conscious choices so that you can enjoy eating without feeling guilty. Your goal in this phase is to develop a balanced eating pattern, make conscious choices that make you feel good and know exactly how you can continue to eat delicious while still losing weight. This way, you create a basis for a sustainable lifestyle where enjoying and losing weight go hand in hand. HOW IT WORKS Contrary to most programs that try to put you into a fixed schedule, we have designed this program so it offers you maximum support to achieve your goals at a pace that suits you. We know that during our journey towards a healthy lifestyle, unexpected challenges may come up. But don't worry. We are there to guide and support you at every step so you always feel secure and supported. During our collaboration, you get access to Your Personal Roadmap. We immediately start with getting your goals clear so that you have your own personal roadmap that you can follow at your own pace. This roadmap is in line with your goals and gives you direction but you have all the freedom to choose your own path. Feel free to ask questions in the community to the coaches and other participants. Monthly live training Q&A Every month, we organize a live training with Samuel and David where we dive deeper into specific themes and answer your questions. You get practical tips, inspiration and motivation to keep going. Monthly Q&A coaching calls with Coach Noel If you have any questions or run into anything along the way, Coach Noel is there for you during the monthly Q&A coaching calls. A handy nutrition app With this app, you can easily track your food intake, plan and organize it in a way that allows you to experience freedom and balance while gaining insight into your eating habits. Regular evaluation calls with Coach Noel To make sure you stay on the right path, we regularly schedule evaluation calls with Coach Noel. We discuss your progress and give you extra support where needed. The Balanced Enjoyment Course In this online course, you will learn everything about healthy nutrition, portion control, sustainable weight loss and how you can continue to enjoy the process for optimal results. You get practical tips and tools that you can apply directly and receive assignments that help you implement your new knowledge. Access to our exclusive Community Connect with other people like yourself, ask questions to the coaches and other participants, share your experiences and find extra support in our private community"
2579,Sleep problems Try the Alina earplugs and enjoy optimal recovery,"Are you someone who values health, relaxation and good sleep? We have a great collaboration for you. We are looking for enthusiastic content creators who want to make UGC video (User Generated Content) in exchange for an earthing mat. Total value. In addition, we are always open to affiliate collaborations. We offer interesting commissions so that not only do you contribute to a healthier lifestyle but also earn money from it. Does this sound good to you? Send us a message and let's create something beautiful together. Indication of the script for the UGC video Images You come home after a long stressful day, you collapse on the couch or look at your bed clearly tired Voice over After a busy day full of stress and stimuli it is sometimes difficult to really relax Your body remains tense and your sleep suffers. Close-up images of your face while you look tired towards your bed Then you put an earthing mat on your bed Voice over But what if there was an easy way to help your body relax and improve your sleep quality? Meet the earthing mat Images You lie in bed with the earthing mat, close your eyes and visibly relax Voice over The earthing mat works by connecting your body with the natural energy of the earth This helps to reduce stress, improve your sleep quality and bring your body into balance. Close-up images of your relaxed face while you are lying in bed Then images of a peaceful morning you wake up feeling rested, stretch out and smile Voice over With the earthing mat you can enjoy a deeper more restorative sleep It's as if you sleep outside in nature but then in the comfort of your own bed. You make your bed with the earthing mat and look contentedly at the camera Voice over enthusiastic Experience the difference for yourself Choose the earthing mat and give your body the peace and balance it deserves"
2524,Seamoss gel,"In exchange for our super food, we would like to receive content"
3461,Extra virgin organic olive oil.,"Do you have a nice product, creative service or unique talent and would you like to exchange it for a bottle of organic cold pressed extra virgin olive oil?"
2974,Sleep Comfy Electric Underblankets,Discover the Sleep Comfy Electric Blanket Enjoy ultimate comfort and warmth with an easy to use control panel and three different heat settings Perfect for chilly days Productlink https sleepcomfy nl sleep comfy elektrische deken Model Underblanket
3187,Marrea Clutch for free,"Marrea is designed for a chic effortless look both day and night. This stylish clutch is ideal to keep all your essentials together whether you are going from the office to an evening in town. Compact but spacious, it’s designed to fit seamlessly into your bag while making a statement of its own. Create a Get Ready With Me video showing off your outfit before heading out and styling this clutch perfectly with your outfit"
3415,"Eyebrow, eyelash or nail treatment","Treatment can take place based on availability in our schedule, please contact us by calling or whatsapp In consultation we will look and choose the right treatment that suits you We have different eyelash, eyebrow and nail treatments."
1625,restaurant Hemelse Modder dinner for people x bottle of sparkling water,Dine with a friend at restaurant Hemelse Modder to celebrate our anniversary and put together your own courses from our seasonal menu and the chef's menu x course menu x appetizer x bottle of mineral water
3562,Free Madée shower gel with vial,You get bottles with refills of showergel of ML Are you a content creator passionate about sustainable and luxury beauty products We are looking for UGC creators to test our eco-friendly shower gel and create authentic content What is Madeé Sustainable We cut CO emissions by avoiding unnecessary water transport Natural ingredients Perfect for sensitive skin Luxury high end fragrances A spa experience at home Refillable One bottle endlessly reusable with our refills What do we ask from you Be creative We want real and authentic content whether it s an unboxing a get ready with me a fun transition or a relaxing shower moment Anything goes as long as it feels natural and honest Inspire your audience to make a sustainable switch with Madeé Mention the exclusive discount for your followers Content can be in English or Dutch
2146,Health Influencers Attention Good night sleep better relaxation and reduced stress with Magnesium Boost,"Magnesium Boost Pure magnesium for optimal muscle and nervous system support. Magnesium Boost is a premium supplement that has been specially designed to optimize the level of magnesium in your body. This mineral is essential for supporting healthy muscles, a calm mind and good quality sleep. Ideal for anyone who wants to find more balance between their body and mind. For whom? Magnesium Boost is perfect for adults who want to support their muscles, relieve stress or improve the quality of their sleep. It is suitable for everyone who needs extra support in maintaining a healthy and active lifestyle. What does it do? Magnesium Boost provides the body with high-quality magnesium that contributes to healthy muscle function, supports the nervous system and promotes overall relaxation. It helps reduce muscle tension and promotes good quality sleep, which is essential for recovery and regeneration. The result: a feeling of relaxation and balance in both body and mind with less muscle tension and a deeper, more restful sleep rhythm. With Magnesium Boost you wake up every day refreshed and balanced. Ingredients: magnesium citrate, magnesium oxide and natural flavourings. This product is Vegan"
2145,Sports and health influencers take note Try Ultimate Electrolytes to feel energetic and vital again even after heavy exercise,Ultimate Electrolytes is a carefully formulated supplement aimed at quickly restoring the electrolyte level in the body Ideal for people who are active or often on the go and need a hydration boost and support of energy levels Perfect for those who want to feel energetic and vital even after heavy exertion For whom is Ultimate Electrolytes ideal for athletes outdoor enthusiasts or anyone with an active lifestyle and regular extra hydration and recovery needs It is suitable for adults who want to perform both physically and mentally at their best What does the Ultimate Electrolytes deliver an optimal mix of essential electrolytes such as sodium potassium magnesium and calcium This combination helps the body absorb fluids more quickly reduce muscle cramps and restore energy levels It also promotes concentration and prevents fatigue The result A body that is well hydrated and charged so you can go through your day full of energy and sharpness With Ultimate Electrolytes you are always prepared for your next challenge Ingredients Sodium potassium magnesium calcium and natural flavorings
2580,Free Brioche Sandwich BLV Opening Deal,We are going to open our shop this weekend in Amsterdam and we want you to be part of it D What you receive One free Brioche Hot dog or Sandwich ribeye excluded Tortilla chips with salsa Any other additional dish or drink is OFF When accepted Show this Barter to the staff in store as well WE ARE CLOSED ON CHRISTMAS DAYS
3701,Microdosing for personal transformation.,We would love to offer you our Microdosing Starter Package Day Protocol in exchange for your honest review in a video and picture post
1288,Activities and cocktails at Almere Underground,Choose your favorite activity from Bowling Laser gaming F Simracing Zero Latency VR Valo Arena AR Glow in the dark minigolf Dart Jeu de boules Shuffleboard Pool Karaoke The deal activity of your choice for persons cocktails drinks Check our TikTok and Instagram to see which activity suits you best
1724,Soopl Fashion Trolley,Get a Soopl fashion trolley worth Euros
727,Burgers for Delivery voucher,Delivery to your doorstep Order from Vegan Burger Brothers for a delicious and nutritious meal at home and tell us how meaty it tastes For s you can select from our mouthwatering burgers loaded fries and drinks when you order online Don t forget to check out our Instagram and follow us Veganburgerbrothers for the latest updates and exclusive online deals
2370,Makeup Remover Glove,"If you are passionate about sustainability like us, this deal is for you. You will receive MAKEUP REMOVER PAD which effortlessly removes all types of makeup using only water With over million soft microfibers this reusable glove gently lifts makeup through circular motions leaving your skin thoroughly clean and fresh without any harsh chemicals Perfect for sensitive skin, this anti-allergenic chemical free glove is designed to replace disposable makeup removers. Durable and sustainable it can be used up to times with just water Say goodbye to toxic makeup removers and hello to a more sustainable skincare routine"
2975,Sunday trip experience,"Explore the hidden rooms and imagine what goes on behind the scenes of the old Theater In the Holy Moly Trip you unravel the secrets of director Holy Moly and his wife Magdalena Moly. Go on a journey through strange spaces and travel back in time to the Holy Moly Theatre as we knew it before. Let yourself be carried away by an experience where drama, passion and tension come together. What we are looking for A cool video of about 1 minute long that clearly shows that this is THE outing to do in Breda. The video must contain a voice-over combined with atmospheric images of the experience. Of course there should still be some mystery left for visitors, so only small details and corners can be filmed. We are open to other ideas as long as you can convince us. You may bring someone along to go through the experience together in minutes"
2523,Blackseed Moss,"Many people do not get all the necessary nutrients from their diets. Supplements like our sea moss gels help to supplement deficiencies in vitamins, minerals or other important substances. Our sea moss gels support the immune system, improve digestion and give you energy. In return for our natural product we would love to receive content that encourages more people to choose a healthy lifestyle."
3166,Personalized nutritional app.,"Do you want to lose weight and eat healthier without following a strict diet? This deal might be for you. We will work on creating a personalized nutrition plan in our food app. It is not just another meal schedule where you have to eat the same thing every day. You can choose whatever you want to eat at any given moment from hundreds of simple, quick and tasty dishes. Additionally, you can easily create your own meals or add products for ultimate freedom in your nutrition. We will take into account your needs, wishes and what you personally need to achieve your goals. Working on your health goals does not have to be a hassle of following a strict diet, constantly thinking about food or giving up your social life. If you want to see how the food app looks like, check out the short video via this link https www loom com share ae ac e e fdbdd d c f f fcf In addition to your personalized nutrition app, you will also get access to our community where you can ask questions to us, our coaches and other people just like you so that you can work on your goals with full confidence and all the necessary support."
630,Big Gender Reveal,"Hi, do you have a gender reveal planned soon and dream of an over the top grand unveiling? We have the perfect addition for your special moment. On our website www.genderrevealbox.nl you can already find a range of crazy gender reveal options. But now we want to create something epic together with you, a giant gender reveal box that exceeds all expectations. Take a look at the photo to get a glimpse of what we have in mind. We are looking for someone who wants to use this incredible gender reveal for his or her own gender reveal. Think confetti, big open field and a moment that will make the whole world cheer. We would love to document your gender reveal for our content on the website and on our social media channels. So if you want to be the star of an unforgettable gender reveal and at the same time take your social media to new heights, let us know! Let’s release a confetti explosion of joy together and share this precious memory with the world"
2976,Play GlowGolf glow in the dark mini-golf in Scheveningen,GlowGolf has the nicest glow in the dark miniature golf course of Scheveningen You play GlowGolf in an underwater world full with life-sized D pirates Mermaids and fishes Come you and your friends to hit a ball The deal round GlowGolf maximum persons minutes EscapeBox mini escape room Value of the deal Reserve via chat
1179,Lunch,Get a lunch worth € for two people to eat and drink
3078,"Earn money, give discounts and inspire your community with Basky","Earn per sale and give your followers a discount to promote the next gen Basky bike bag Do you want to inspire your community with a sustainable cycling experience? With the Basky bike bag, you not only add style and convenience but also contribute to a better world. You can earn money here and make your followers happy with exclusive discounts Win-Win Why is Basky irresistible for your followers Customizable Design your own Basky Your followers can choose their color and style via our design tool on the website Multifunctional The Basky bike bag is not only an eye-catcher but also a practical shopping basket Ideal for grocery picknicks or daily life Sustainable Made in the Netherlands from recycled plastic and assembled by people with a distance to the labor market for a greener and more social future Your benefits as creator Exclusive discounts for your followers Share a personal discount link that allows your followers to save on their own Basky Earn per sale Your unique code keeps track of how many sales are linked to you Receive a FREE Basky personalized basket Use our design tool to create your own style or advertise yourself Make videos or posts showing how you use Basky from design on the website to daily routine Check out the video with Henk Schiffmacher here for a good impression of the Basky basket https www.youtube.com watch v HqAZnZ Coo"
2525,Exclusive Dining Experience at Cafe Geelvink,"Indulge in an evening at Cafe Geelvink, where atmosphere meets exquisite flavours. We are inviting select influencers to enjoy a complimentary fine shared dining experience - a three course meal paired with exceptional drinks."
3702,UGC Video Nipple covers with travel case,We are looking for an instagram reel tiktok video where you showcase the product You explain what they can be used for what the benefits are Please mention that you got the nipple covers from Nippit nl At the end you can make an after in which you see the final result We have several colours and variations so they are suitable for everyone We appreciate your own input and creativity
3321,Collaborate with acu panels. Create next level content in your home or business with our acu panels,"Collaborate with our acupanels Create next level content in your home or business with our acupanels Choose an acupanel color and size for your project Let us know what you plan to do with the panels Once approved, we will send the panels to the location You complete your project by placing content that tags akuwoodpanel and sends us all material"
1001,Sunday Specials Bar Rouge,"Coucou Thank you for choosing my place I am happy to seduce you Hereby my deal for you Food x Edamame spicy or salted x Bar Rouge Sushi Platter x Pad Thai x Chicken Wings x Cheesecake Drinks x cocktails x glass of cava or wine x bottle of still or sparkling water If you don’t drink, you can change your drinks into soft drinks. If you prefer mixed drinks, you can replace these for the cocktails. Ps if you want extra dishes or drinks this is at your own costs and will be settled at the end of your visit"
2977,Hot comedy,"At Holy Moly we introduce Hot Comedy, a unique evening full of surprises and hilarity. During these special shows both beginners and experienced comedians test their newest material on an enthusiastic audience. It is the chance to witness jokes in the making. For the comedians it is a chance to experiment and grow and for you as an audience, you may discover the next big name in comedy or laugh at a spontaneous joke that will never be heard on stage again. What we are looking for: A short video with atmospheric images of this evening. We are also open to other input if you can convince us. Make sure that everyone wants to book a ticket after seeing your film. In addition to making atmospheric images during the evening, you may take one along so that you can laugh together during this hour-long show"
2377,Food Local Taste Breda tastings,"I am looking for creative creators who like to follow trends within the Local Taste concept. When I have accepted the deal, we will discuss together in the chat which trend we are going to follow for the video you are going to make. Your creativity is appreciated here Bonus structure views views views For those unfamiliar with Local Taste You receive a magazine of your choice Breda Tilburg or Den Bosch and a bag with Taste Coins For every Taste Coin, you will receive a tasting from the kitchen at the total participating catering establishments. You can choose which catering establishments you visit All information about the participating catering establishments and the tastings that you get can be found in the magazine The tastings are free drinks, you pay for yourself Please bring one with me I am looking forward to it, hopefully so are you"
702,Arcadehal Play in,Access to our arcade hall for one hour in exchange for a Tiktok video Time is negotiable The deal will be booked based on availability and agreed upon through the chat
3703,UGC Video Nippit boob tape,"We are looking for an instagram reel or a tiktok video where you showcase the product. You explain what it can be used for, what the benefits are. Please mention that you got the boob tape from Nippit nl At the end you can make an after in which you see the final result. We have several colours and variations so they are suitable for everyone. We appreciate your own input and creativity"
3322,Nappies Floatation Private Massage,"At a Nappies Prive Session, the baby spa is reserved just for you. Your child can float in the delicious warm water for minutes. After that, you give your child a baby massage with natural oil. This is done under the guidance of a qualified teacher on a doll. While floating, you enjoy your child and a cup of coffee or tea with some goodies. Baby spa swim diapers, bath capes and hydrophilic towels are available"
3564,Cookware aesthetics post in ENGLISH,We would like to have an aesthetic video of our pan where we also showcase various usp s May be purely a product video with a nice background tone A plus if it can include food as well Our main market is France so it would be ideal if things could be processed in French
2527,Bon Babef Chocolate routine,Influencer gets Bon Babef products chocolate and pachouli shower gel natural chocolate body butter and milk chocolate aroma candle We expect the influencer to show the products as part of the Chocolate routine gel then butter then candle Content needs to be focused on texture description of smell emotions Our products are natural and in sustainable packaging with unique delicious aromas this needs to be mentioned as well We are opened to the proposals from the influencer how to show our product in the best way for their followers On top of products for content influencer can also choose any products in our online store
2428,FREE Luxury Airstyler More Gratis Airstyler,"Do you love creating stunning hairstyles? We are looking for someone to try one of our styling tools. Create a fun short video as a reward. As a thank you, you will receive our amazing Airstyler worth free and more. Let's work together and get creative! More details will be shared during the briefing. What you get: Free Airstyler product, discount on our whole website, additional rewards up to based on video views. Note: Feel free to keep responding to our brand deals. We randomly select people each month. If you are not selected this time, you can try again next month for another chance."
3191,Marrea Medium bag for free,"Upgrade your daily look with our Medium Marrea From business meetings to childcare and after work cocktails, this bag is spacious enough to carry all your essentials while looking stylish and organized. Make a Styling my Marrea bag video Show different ways of styling your medium Marrea bag so that it becomes clear how versatile the bag is Wear it for example with a business outfit to work, with a casual outfit in your free time, a summer outfit to the beach or a sporty outfit to the gym"
3463,Delicious steak at Coco's Outback in Amsterdam,"You are welcome to bring another person and both enjoy a delicious steak at Coco's Outback in Amsterdam. In addition, you will get a drink for both of you"
3417,restaurant Hemelse Modder dinner for people x bottle of sparkling water,Come dine with a friend or partner at Restaurant Hemelse Modder to celebrate our anniversary and put together your own courses from our seasonal menu and Chef's Menu X Courses.
3863,Paid UGC Collaboration with Barter Instagram and or TikTok,We are looking for Content Creators to create a UGC video for Barter aimed at attracting new creators to the platform. Compensation followers followers Over followers
3704,UGC Video Nippit Fashion Tape,"We are looking for an instagram reel or tiktok video where you showcase the product Sort of the same video as this one https vm tiktok com ZNdeGLEr This is a tutorial video showing how to use fashion tape to keep your long trousers off the floor So that the bottom of your trousers don’t break Of course, you may also make another type of video showing the functionality of the fashion tape We appreciate your own input and creativity"
2528,Sport video,For this barter deal you receive two creatine g and magnesium calcium supplements worth This two supplements are good to support athletes We would like a nice video in which we see some sports images of the use of the supplements or examples. We will post the video ourselves on our social media channels and for the use of advertisements. Please send us a video between seconds
1666,FREE Luxurious Styler More Free Hair Straightener,"Do you love creating stunning hairstyles? We are looking for someone to try one of our styling tools. Take a chic lifestyle photo and create a fun short video. As a reward, you will receive our fantastic product FOR FREE and more! Let's work together and get creative. More details will be shared during the briefing. What you get: Free product (curling brush or automatic curling tong) discount on our whole website Additional Rewards up to Based on Video Views Note Feel free to keep responding to our brand deals We randomly select people each month If you are not selected this time, you can try again next month for another chance"
846,Opening new adventure for kids with free dinner for,"On Saturday April the day has come, something big is going to happen at Charlie. We are opening a new outdoor activity for kids. At Charlie children can experience all kinds of fun adventures. It’s high time for something new. Your children will be the first ones to discover this experience. You get from us a dinner for adults and maximum children. The food and drinks are fully taken care of. You have free choice from our dinner menu and the kids' menu. Do your children like an adventure and do you feel like having a nice outing? Then sign up quickly, we only have a few places available."
3138,Cheers at The Florian Bar Sip Savor and Socialize,We are inviting influencers to experience The Florian Bar Enjoy two glasses of wine and a cheese platter for free all while discovering the relaxed vibrant atmosphere of our bar Message we want to promote is Whether you re a guest at the hotel or a local from Hoofddorp our bar is the perfect spot to unwind and enjoy
3324,Microdosing Magic Truffle Grow Kits worth up to,"Do you want to try out our premium magic microdosing truffles and/or grow kit and create a cool video about it? We are looking for someone who can make a short video (in English) featuring one of our products. Pre-packaged Magic Truffles, you will receive packs worth g Microdosing Truffle Strips, you will receive strips each with x g doses worth Golden Teacher Grow Kit, you will receive grow kit worth Extra reward discount on our entire website You have to create a short video (in English) for our Facebook Instagram ads outside The Netherlands. We can provide guidelines and/or a script. If you have an international following, it is a plus if you share the video on your socials (not required)."
3192,Marrea Large Bag Clutch for Free,"A bag that you can take everywhere and which combines functionality with timeless style Inspired by long days on the beach and shopping in the city Watch a video to see how you style your Marrea clutch bag. Wear it during the day at the beach, gym or while shopping. Or use it for work or a weekend away Together with the clutch he is not only very handy to use but also super stylish"
2041,Try new dishes for two people,Try our winter dishes and post a nice video.
845,Opening new adventure for kids with free lunch for,"On Saturday April the day has come, something big is going to happen at Charlie. We are opening a new outdoor activity for kids. At Charlie children can experience all kinds of fun adventures. It’s high time for something new. Your children will be the first ones to discover this experience. You get a lunch for adults and maximum children. The food and drinks are fully taken care of. You have free choice from our lunch menu and kids' menu, excluding pizza. Do your children like an adventure and do you feel like having a nice outing? Then sign up quickly! We only have a few places available."
2433,Luxe Styler FREE More Free Hair Straightener,"Do you love creating stunning hairstyles? We are looking for someone to try one of our styling tools. Create a fun short video as a reward and receive our amazing Hair Dryer Brush worth free and more! Let's work together and get creative. More details will be shared during the briefing. What you get: Free Hair Dryer Brush product, discount on our whole website, additional rewards up to based on video views. Note: Feel free to keep responding to our brand deals. We randomly select people each month. If you are not selected this time, you can try again next month for another chance"
3080,Customize your own wear,"Always wanted to personalize your own garment, for example your own hoodie training jacket or t-shirt with your own text, photo or design. Then come and visit our store in the Centre of Hilversum. Choose from our current collection designs that are online at tshirtlovers nl may also help you to capture your personal experience in a fun TikTok video or Instagram Reel. The more experience around the personalization experience you can create, the better we like to think along with you"
3147,Marree mini-bag for free,Marrea is designed for a chic effortless look both day and night. A bag that you can take everywhere and which combines functionality with timeless style Inspired by long days on the beach and shopping in the city From yoga class to childcare and important business meetings Make a what s in my bag video about the Marrea bag mini Show what you always carry when you have a date night with your boyfriend or girlfriend Also tell the usp of the bag so the dustbag that all your items are safe and clip feature keys or purse to click for safety and things on place Team Marrea
2386,Get excited about adventure Choose from a wide range of car puzzle tours throughout the Netherlands,"Road trip with a twist Solve the puzzles, check out the craziest photos for the bingo and discover the most beautiful places in Holland. Perfect for a day out with your friends or sweetheart"
3864,test,gfd
1891,Do you put Brasserie Groen back on the map?,Lunch for drinks
2529,UGC Style on video jewelry,"We are looking for men who are into fashion and like to show their outfits with our jewelry. It is important to mention Ohcascas Amsterdam Jewelry makes your outfit complete Ordered today, delivered tomorrow."
1072,Come and get a summer shirt in the color of your choice.,"Summer has finally arrived in the Netherlands and that means it’s time to bring out your summer polos! You can choose a merino wool polo from Joe Merino t w v in any color and size you like. This essential is not only stylish, but also perfect for warmer days. Show us how the summer polo defines style, comfort and convenience by posting an attractive photo that shows how versatile this polo is for many different occasions and how great merino wool feels even in the summer. You are welcome to visit our store in the center of Amsterdam Kerkstraat to choose your polo."
1741,Soccerfanshop nl barter deal,Barter Deal x Soccerfanshop Collaboration Best We are excited to offer you a unique barter deal for a creative collaboration with Soccerfanshop What we have for you Shop credit worth spending in our store What we ask of you Two exciting videos recorded in our store each with a unique focus Possible video themes Mix Match Challenge Seasonal Lookbook Budget Stylist Create looks under Trend Spotting Discover the latest fashion trends Sustainable Fashion Edit Focus on our eco-friendly items Style Transformation From day to evening look Color Explosion Create outfits around one color Time Traveler Combine vintage and modern pieces Accessory Master Style one outfit in different ways Guidelines Each video must be at least seconds long Tags soccerfanshop and do not tag any other companies in your post Share the content on your primary social media platform Give an honest review of the chosen items We look forward to collaborating with you and bringing your creative vision to life in our store Let us know if you have questions or want to make adjustments We are flexible and open to your ideas to make this collaboration a success Modeliefde The Soccerfanshop Team
3563,Choose a new colorful look at Little Fashion Addict from Sproet Sprout,"Choose a stylish look worth for your son or daughter from the new Sproet Sprout Sorbet Sunday Collection at Little Fashion Addict and let it shine in your own way. Share your favorite outfit and inspire your followers with high-quality comfortable and playful children's fashion. Here’s how it works: You will receive a shopping code worth Choose your favorite look here https www littlefashionaddict com collections sproet sprout Use the shopping code you received when checking out, it will be automatically deducted from the total amount We ship your order as quickly as possible from Monday to Friday. We are looking forward to working with you. Best regards Sarah Owner Little Fashion Addict"
3705,on Preloved Kids Clothes Online Store,You will receive euro shop credit on our webshop with preloved kids clothes size Note the credit is only valid on our preloved collection not our new collection
2353,Zip-up solution jacket with pockets,"Every problem has a solution, you just have to be creative enough to find it. That’s our brand motto. Are you a man between the age of 18 and 30? Then this brand fits perfectly for you. We have a wide collection from casual to sweaters with creative prints. We are looking for influencers who promote our brand on Instagram, but Tiktok is also welcome."
2569,Menu Tasting Bulgarian Homemade Meals,"Homemade is a unique platform that connects food lovers with talented home chefs like Shevitsa offering authentic home cooked meals delivered straight to your door By prioritizing cultural authenticity sustainability and local community support Homemade transforms dining into a personal and meaningful experience. Through Homemade you re not just ordering food, you re connecting with chefs who pour their expertise and passion into every dish showcasing diverse culinary traditions and high quality ingredients With a focus on healthy additive free meals and a community driven ethos Homemade stands apart from ordinary delivery services."
2530,UGC Review Video Portable Bottle Warmer,"We are looking for women mothers who would like to make a UGC review video with our portable bottle warmer. Important points First shot we would like together with the bottle warmer, a bottle of milk and the creator text behind it Momhack then tell about wireless bottle warmer from Vulpes Goods you can use it anytime and anywhere, easy to use and portable https www vulpesgoods com product portable baby bottle warmer pro max pink"
3081,Thermen Holiday Schiedam,"Capture the peaceful atmosphere of Thermen Holiday, which is located in the middle of the Randstad. Take a break from technology and relax at Thermen Holiday, which offers many experiences and various saunas, including the famous Hobbit Sauna. With exclusive access before opening time, you will have the opportunity to capture the facilities in a peaceful setting. Note that the images must be taken before 10:00 am due to receiving guests. It is bathrobe day at Thermen Holiday every Tuesday. There is always one bathrobe day on weekends, either Saturday or Sunday. Take this into account if you want to communicate it. The barter deal You will receive a day ticket for persons to use at a classic or deluxe resort of BeWellness www bewellness nl"
3193,according to the instruction video of Aaltje against pests,"We are a biological pest control company for insects and would like to create an instructional help video about our products in an urban jungle environment, indoor plants. We offer nematodes which eat certain insects such as fern midges or root flies as their natural enemy. We encourage creativity and are open to discussing a counter service that benefits you as the maker"
3694,OnePillow received a compensation of Euro,"You get a OnePillow for free in exchange for a UCG assignment from OnePillow. For the assignment, we have a clear briefing that you receive as a PDF. If you are a couple, then you can also receive two onepillows. OnePillow is the best-rated pillow of the Netherlands"
1736,Play drinking games with your friends. Play a board game about famous influencers and get paid.,"We from www avondmakers nl are experts in organizing fun evenings with your friends. Because we would like to share this with as many people as possible, we are looking for talented creators who can make content for our game Kutfluencers. Kutfluencers is the boardgame of the moment. This game combines fun challenges, cozy assignments and mini-games in one huge drinking game. Get your friends together and get ready for a hilarious evening. What makes this game special is that there are boxes with Milo Raoul from De Bankzitters and cards where Stefan de Vries, Bram Krikke and many other famous influencers appear. Make sure your content gets viewed and rewarded: k views euro k views euro k views euro k views euro k views euro k views euro Your content is fun but it isn’t being viewed properly. No problem. We use Spark Ads for nice videos so that you can generate tons of views even days after posting your video"
2179,Workshop of a goldsmith,"You can come and follow a workshop in jewelry making with us. Depending on the number of participants, we can look at the material silver gold"
3023,Formula experience at Racesquare,"Are you an influencer and do you want to introduce your followers to a unique racing experience? Dive into the world of Formula at Racesquare Step into our high-end simulators and compete against friends, colleagues or family. Feel like a F1 driver on your favorite circuit. Suitable for everyone, no previous racing experience required. Perfect for team outings, company events, bachelor parties, children's parties or as a fun day out. We are open to various collaborations. What we offer Depending on your reach, you will receive an experience worth followers followers followers The exact collaboration and compensation is always negotiable. We like to think along with you Where can you post Instagram TikTok YouTube or a combination Your assignment Make a post and story with the hashtag racesquare and inspire your followers with the ultimate Formula experience at Racesquare Locations Zandvoort Zwolle Rotterdam Kerkrade Utrecht and Alkmaar Curious about all our races and arrangements? Check out racesquare nl for more information Are you interested? Reply directly to this collaboration and we will contact you soon."
3194,Videos about nice moments with The Children's Toothbrush,"A commission can be arranged for every toothbrush sold through the content creator’s own channels. Additionally, the content creator can choose a toothbrush for their child to try and use. Let's create something great together"
2979,We are looking for quality product photos.,"For this barter deal you receive one or a number of our supplements. You can indicate yourself or we can recommend based on your daily life. We want the products to be actually used, so that is why we choose for the creator themselves to select the products"
3082,Brut Winetour and golf cart tasting lunch,"Introduction in our wine shop tasting of local and international wines, enjoy a great lunch. We tour in e golf carts if needed with rain covers. The tour lasts for hours."
2198,Testers wanted for unique transformable sofas,"Are you a content creator with a passion for interior design? We are looking for enthusiastic influencers who love living interiors, post and have followers who want to showcase their creative skills in our showroom. Come visit us and discover our unique transformable sofas from the brand Feydom and show your followers how versatile and stylish these furnishings can be"
2314,Modular testimonial video bank,"Are you a content creator with a passion for interior design? We are looking for enthusiastic influencers who post about living interiors and have followers with their own homes, and who appreciate our unique transformable modular sofas. You buy one of the models of your choice from us and share your experiences with your followers. Show your followers how versatile and stylish these furnishings can be"
1740,Beer Pong with assignments playing with your friends Play Xtreem BEER PONG and get paid,"We from www avondmakers nl are experts in organizing fun evenings with your friends. Because we would like to share this with as many people as possible, we are looking for talented creators who can make content for our game Xtreem Beer Pong. Extreem Beer Pong is the perfect addition to the well-known game of Beer Pong. You throw the ball in the cup and you can ensure that your cup stays standing by completing challenges from the Xtreem Beerpong game. Call your friends or girlfriends and get ready for a hilarious evening with Xtreem Beer Pong. Make sure that your content is viewed well and rewarded: k views euro, k views euro, k views euro, k views euro, k views euro. Your content is fun but it is not being viewed well. No problem. We use Spark ads for nice videos so you can still generate tons of views even days after posting your video."
2808,All the vitamins and minerals you need in a capsule,"For this barter deal you will receive our multivitamin capsule supplement worth This supplement contains all the necessary vitamins and minerals that you should get daily. Due to the amount of nutrients in the supplement, there is a great opportunity with filming an informative video. Because you are tied to health claims when it comes to supplements. You can find this on the following link https keuringsraad nl claims database"
1577,Matcha Date Nomu Boba Matcha Coffee.,Welcome NO CROISSAINTS ON SUNDAYS do have homemade cookies For this deal You will get two small drinks and a pastry on the house We are famous for our matcha but also have Boba and Coffee Reccomended drinks to try Matcha mango Matcha Strawberry Elderflower lychee Pistachio rose Latte In your posts showcase nomu and give your feedback Open everyday Socials Nomu amsterdam Haarlemmerijk Amsterdam
2288,Induction cooktop protector,"Unfortunately, induction cooktops are very sensitive to scratches and stains, which is why nothing is more annoying than seeing the first scratch on your new expensive induction cooktop. We have the solution for a complete set of induction protectors. We are convinced that this is an indispensable item for every kitchen with an induction cooktop and we would like to offer you the opportunity to try out a set for free. What are induction protectors? Our induction protectors are specially designed for use during cooking. The mats are placed between the induction cooktop and the pan. The anti-slip properties ensure that pans stay firmly in place even when stirring intensively, so you avoid scratches and your cooktop will look as good as new. In addition, the mat also catches overcooked food so that burnt remains are a thing of the past. After use, simply put them in the dishwasher and they are ready for the next time. The mats are very heat-resistant and can handle the booster function effortlessly. Because the magnetic field passes freely through the mat, the cooktop continues to work just as well and efficiently as without a protective mat"
2289,Slokki drank skiing.,"We are Slokki and we have designed unique ski sticks that keep your favourite drink always within reach. Each ski stick can contain up to ml of liquid. Whether you’re sitting on the terrace, in a chair lift or diving into après-ski with just one turn of the cap, you’re ready to enjoy yourself. A common misconception is that only the handle of the ski stick gets filled but this isn’t true. The entire ski stick gets filled. Some people also think that ski sticks with liquid are of poor quality, but nothing could be further from the truth. We have chosen the strongest and lightest aluminium, which makes our ski sticks both durable and functional."
2980,This is Michael.,Get tickets for This is Michael a Insta Reel or TikTok about that you are going to This is Michael in AHOY Rotterdam This is Michael is an ode to Michael Jackson. The biggest Michael Jackson concert of Europe came to Rotterdam Ahoy. Due to great success the show returns to the Ahoy Arena On Friday May all world hits from The King of Pop will pass by in a spectacular show supported by a stubborn band and the best dancers in the world
2581,Free brioche sandwich or brioche hot dog,"We are opening our store in Amsterdam. Join us for our grand opening. Free Brioche Hot Dog, ribeye excluded. When accepted, show this voucher to the staff at the store as well. WE ARE CLOSED ON CHRISTMAS DAYS"
2910,Inspired Fasting,Join the month-long inspired fast and receive Zero capsules for a complete week's menu tailored to your needs Shopping lists for every week This unique collaboration gives you the chance to experience how easy and effective fasting can be with the right support Share your journey with your followers and inspire them to live healthier Let’s collaborate
2440,For parents with kids x the STFU ScreenSaver T W V in exchange for your video,"Are you a parent who likes to create an UGC video in which the STFU ScreenSaver is the star? Show how this gadget prevents your children from dropping their phone when they use it. The STFU ScreenSaver is the solution for parents who want to keep their phone safe in little hands. Whether you lend your phone to play a game, watch a video or make a video call with grandma and grandpa, this gadget keeps your phone safe. What we are looking for A creative video with a catchy hook such as: Give your phone to your children Don't worry about dropping it How I keep my phone safe in little hands Feel free to come up with other hooks that fit your followers You know your audience best Important Bring those recognizable situations where children use your phone, like during a car ride or while eating. Filming in a setting where your child uses the phone is perfect, for example on the couch or during a break moment. What we expect from you Engaging hook Grab attention from the first second Engaging content Change shots every second to keep the viewer interested Share your video on your socials Send us the raw footage via WeTransfer so that we can also use it"
2981,Love XL Love Candy.,"The LoveXL is the new and extra extra stimulating love bonbon from the Extra large, extra tasty and extra strong Love Bonbon For those who long for an intense intimate experience with each other We have been providing more pleasure in the bedroom for over a year It gives an ultimate experience of love passion and desire Active herbs are Damiana Muira Puama and Blue Lotus. Nice detail, the chocolate hearts are called golden tickets when you turn them around. Receive a free box of LoveXL to try out and make super fun content from it. Dare you?"
3083,Medical student mortarboard,"We are looking for a medical student and/or midwife and/or nurse who can promote our practice heaters among his or her followers. These followers are also in training to become a medical professional, or have already completed their training and work as a medical professional. Our practice heater sets are also purchased by medical professionals, so if you yourself have been active in the medical field for a long time and your followers consist mainly of medical professionals, you too are warmly invited to respond. It is very important to us that the person who records and posts videos has excellent healing skills. After all, we have been teaching students and professionals how to attach correctly for years. You understand that we cannot afford to show incorrect attachment techniques on social media. Our practice heater sets contain a self-developed artificial skin and instruments, as well as an accredited e learning program. Together, this has made it possible for our target group to learn the art of attaching correctly in their own time at their own pace by practicing our videos. EduStitch stands for quality. Of course, you can also order silicone mats and practice healing on cheap foreign websites. In fact, you can even practice on a banana or chicken fillet. The EduStitch practice heater pads we have developed and produced are unique because they are made up of multiple layers that closely resemble skin. The e learning program was developed by medical professionals and is continuously subject to changes. In other words, we keep our teaching materials current and only sell high-quality products. Our practice heater sets have been used for years at universities, colleges, and hospitals to teach or improve the unfortunately undervalued skill of attaching techniques during training. We are really looking for someone with an affinity for our product who is as happy as we are that there exists a party that makes it possible to independently train your healing techniques and sees the added value in this. In return, you will receive the practice heater set PRO with e learning, but if desired, you can also participate in one of our accredited Basical Skills courses"
2810,B Care Wi-Fi baby monitor with UCG video,"Hi mama of papa, we are looking for enthusiastic parents who can make a UCG video with our Wi-Fi baby monitor. We want to highlight some USPs with your help. The idea is that you tell about the experience of the baby monitor but also have your child or baby come back into the video. One of our brand pillars are connectedness and connection, so it’s a must that you enjoy being together with your child. Does this assignment appeal to you?"
2582,Months of online fitness coaching.,"Months Online coaching Online intake conversation Weekly check ins Tailored meal plan with choice of dishes per meal Training plans tailored to your needs Explanation Support Full access to the GE Fitness Coaching program Supplement advice My name is Galbin and I will briefly explain what I do exactly. I am an online coach, and we guide customers towards a healthy lifestyle that can be maintained. We adapt our nutrition and training plans according to the customer’s wishes and needs, so it is sustainable and you don’t have to eat boring chicken with rice meals and miss out on nice dinners or events. We offer an online coaching program including options per meal, and every day you get new delicious meals in the app. By adopting a healthy lifestyle, not only will you achieve your dream physically but also mentally, and you will feel better about yourself. See above what is included in the trajectory"
2911,Fashion content creators,"We lanceren Basket en zoeken creators zoals jij ENGLISH BELOW Meet Basket, the ultimate platform for fashion and creativity to come together. We are fully engaged in onboarding hundreds of brands and inviting you to join us as a creator. How do you get started? Create an account on Basket and complete your profile. Create at least three Baskets and post one story photo or video. Share your Basket profile on your favorite social media channel. What s in it for you? An exclusive Creator Badge for early adopters. Opportunities to collaborate with brands, receive vouchers and enjoy free shopping. Join us and be part of a growing community where your style makes the difference. Create your account now or send us a DM"
2583,persons Free Full Menu At the Boulevard Amsterdam,We are going to open our shop this weekend in Amsterdam and we want you to be part of it D What you receive x Free Poké or Sandwich Or brioche Dog x Appetizer x Drink Great to come together with a friend of family When accepted Show this Barter to the staff in store as well
2532,Beargymmies Free Creatine Gummy Bears,"Do you want to surprise your followers with the latest innovation in sports nutrition? Share the creatine gummy bears on your socials. You will always get free Beargymmies for creating content More visibility, more reach"
2873,Every day a new email sales funnel is sold,"In my online training you will learn how to write and build an email salesfunnel that generates at least Sale Per Day for digital products, but this can also be a webshop Ideal for introvert entrepreneurs who prefer not to be visible on social media You will learn in modules how to create an email automation of at least months long The leads you get via instagram or tiktok through your affiliate on your email list can then automatically receive multiple offers while building the relationship via email and social media Your name remains top of mind even if your social media account is put on hold or even deleted To not think about the situation that a social media channel disappears How nice it is to have your own list with interested parties in your products and services You get access to my course of modules and learn how to write and set this up I also teach you how to create a product line for your target group so you can go from free to low end to high end prices The training is worth euro but I am selling it now for euro In exchange, you will show in a video what you think of the course and make your followers enthusiastic about funnels and my course Optionally are you willing to create a series of posts over a longer period of time A funnel cannot be built in a week then I can offer you x on call for minutes per time to really set up or optimize your funnel"
3079,Brabantsa UGC Collaboration Task,"Thank you for collaborating with Brabantsa. We aim to combine natural and sustainable ingredients with cutting edge science to deliver radiant and revitalized skin. We would love your creativity to showcase our product's elegance and effectiveness. Your Task: Unboxing Product Showcase Record a short video of high quality of our product packaging, focusing on its luxurious design and the cream which is radiance glow and natural. Highlight any key elements that caught your eye e.g. Eco-friendly materials, premium feel, sleek look. Application Experience Show yourself using the product in a visually appealing way e.g. Massaging the Radiance Cream onto your skin, emphasizing its texture and glow. Mention how it feels on the skin e.g. Smooth, nourishing, hydrating, and anything that stands out like the scent. What You'll Receive in Return: We would love to discuss the details of a potential partnership and explore how we can work together. While we are prepared to offer compensation for your efforts, the exact terms will depend on the specifics of the deal we can agree upon. Brabantsa products worth Euros value Exposure to our luxury skincare audience"
3566,Your VIP Stay Party Experience at The Florian Hotel,"We are excited to invite you to an exclusive opportunity to stay at The Florian Hotel for free and experience the first edition of Green Beats, a unique party with a live DJ and an amazing atmosphere. What's included: night stay at The Florian Hotel, free beer at our bar, delicious breakfast the next morning. Transport is not included. When: Friday March 1st Green Beats event Check in: Arrive in the afternoon and start creating content from your room, our facilities gym sauna games area and more. Then in the evening enjoy the party, grab your free beer and have an amazing time. The next morning wake up to a delicious breakfast to wrap up your stay."
805,Guestlist Drinks OUT OF THE BOX Rotterdam Airport,"For an exclusive OUT OF THE BOX experience, enjoy access for you plus three guests. Each of you will receive tokens for refreshments and experiences upon arrival. Join us for a night of unforgettable enjoyment. Cheers!"
2466,Lunch at the Foodhall MOUT at Kitchen Desi,"Kitchen Desi is an Indian food hotspot in the popular Mout food hall located in the heart of Hilversum. Desi brings the vibrant and diverse flavors of Indian street food to Mout. Our dishes are inspired by traditional Indian recipes. Every plate is carefully prepared with authentic spices, creating a true celebration of Indian cuisine in a modern welcoming atmosphere. The modern twist can be found in the lunch options among other things. Traditional curries transformed into innovative lunch dishes like our famous naan rolls. As part of this collaboration, we invite you to enjoy a unique dining experience at Kitchen Desi. Here's what we offer in exchange for sharing your experience: Stories Package Post stories on TikTok Instragram along with a review on Google TripAdvisor and free dinner for max ppl Reel Package Create an Instagram Reel or TikTok video in addition to stories and reviews on TripAdvisor and Google, and free dinner for max ppl. This is a barter arrangement: your honest creative content in exchange for a memorable Indian dining experience."
3024,Formula experience at Racesquare,"Are you an influencer and do you want to introduce your followers to a unique racing experience? Dive into the world of Formula at Racesquare Step into our high-end simulators and compete against friends, colleagues or family. Feel like a F1 driver on your favorite circuit. Suitable for everyone, no previous racing experience required. Perfect for team outings, company events, bachelor parties, children's parties or as a fun day out. We are open to various collaborations. What we offer Depending on your reach, you will receive an experience worth followers followers followers The exact collaboration and compensation is always negotiable. We like to think along with you Where can you post Instagram TikTok YouTube or a combination Your assignment Make a post and story with the hashtag racesquare and inspire your followers with the ultimate Formula experience at Racesquare Locations Zandvoort Zwolle Rotterdam Kerkrade Utrecht and Alkmaar Curious about all our races and arrangements? Check out racesquare nl for more information Are you interested? Reply directly to this collaboration and we will contact you soon."
2812,Are you a horse lover with a passion for content creation?,"Horse lovers with a passion for content creation, pay attention We are looking for creators who want to test our slowfeeders and show how they contribute to the well-being of your horse With a slowfeeder, your horse can eat more calmly and graze all day long What we ask is vertical videos of seconds in which you show the benefits of the slowfeeder Share your experience on Instagram by tagging our account TikTok post in which you mention the Nettenshop website What do you get A free slowfeeder in exchange for your creative content We also have permission to use your content for our advertisements Read the terms and conditions carefully so that we can make a success of it together Want to know more about Nettenshop? Check out our website www nettenshop nl"
2982,"My book and Happiness Compass, Consciously Happy","Are you looking for more happiness in your life or resilience and balance? Do you want to learn how to feel better? My book, Consciously Happy, helps you step by step to take control of your feelings. Whether you are struggling with sadness, stress, anger, grief, perfectionism or anxiety, Consciously Happy gives you a lot of clear information and practical exercises to be able to feel the way you would like to feel again. If you want to do a barter with me, I will send you my book. And if you have any questions about its content, please always email me at info@vitaltherapie.nl. In exchange, I would love to see some nice content that can bring more attention to my book so we can help more people feel happier together. That is what you want too, right? Best regards, Marcel Urgert"
2983,Sleep Comfy Aromatherapy Series Viscous Pillow Lavender Infusion,Discover the Aromatherapy Series Visco Pillow with Lavender Infusion Combine the comfort of memory foam with the soothing scent of lavender for a relaxing sleep experience Productlink https sleepcomfy nl aromatherapie series visco kussen infusie lavendel
635,Essential Travel Wardrobe for Business Professionals,"We offer a nice outfit from our Neycko Menswear techno jersey collection. Our garments are made of premium Italian techno jersey fabrics. Techno jersey is a type of fabric that combines synthetic fibers, typically polyester or nylon with elastane. This blend creates a fabric that is durable, stretchy and versatile. Some benefits of techno jersey fabric include: Stretch and comfort Moisture wicking Quick drying Durability Wrinkle resistance Versatility Easy care Colorfastness"
1624,restaurant Hemelse Modder dinner for people x bottle of sparkling water,Dine with a friend at restaurant Hemelse Modder to celebrate our anniversary and put together your own courses from our seasonal menu and anniversary menu x courses menu x appetizer x bottle of mineral water
2533,MAKING MONEY WITH ME,"WHO THE HECK AM I MAKING MONEY WITH ME helps you discover who you are, what talents and passion you have and how you can make money with it. And contributes to a better world too. I am looking for creators who in exchange for a copy will bring the book to the attention of young people"
2912,Sushi of Gamba Experience,"DUTCH If you feel like a night filled with delicious sushi rolls, endless succulent shrimp or even indulging in our TGIF cocktail deals at Friesland’s finest Asian restaurant, we would love to collaborate with you. Enjoy the modern and cozy ambiance of Cheung Kwong while treating yourself to our freshly prepared signature dishes made from high quality ingredients. Whether it is our All You Can Eat Sushi Tuesday Unlimited Gamba Wednesday or another special dining event, you are guaranteed an unforgettable experience. What’s the deal? A dining credit worth to enjoy at Cheung Kwong. You are free to spend this credit on sushi prawns cocktails or any other dishes depending on the arrangements we make."
3071,Free Postpartum Box Core Recovery Package,"You will receive the Core Postpartum Box t w v filled with must haves for a smoother and more comfortable recovery after childbirth. It is up to you to create a beautiful UGC video of it. Share your experience, tell why good preparation for the postpartum period is so important and showcase the products in a nice way. How to make a cool reel on Instagram, add subtitles and tag us depostpartumbox This will help other expectant mothers to enter the postpartum period well prepared Check the box here https www depostpartumbox nl product postpartumbox core"
2984,Sleep Comfy Galaxy Motion Visco Pillow,"Discover the Galaxy Motion Visco Pillow, your ultimate sleep partner With a visco elastic design that adapts to your movements it provides optimal support for your head and neck no matter your sleeping position Productlink https sleepcomfy nl galaxy motion visco hoofdkussen Firmness Soft"
3567,FREE Trial of Induction Beads TWV Euro,Are you a kitchen lover? We are looking for someone who wants to test and review our induction protector. What do you get? A free induction protector of your choice Free shipping Chance at long-term collaboration
2419,Free Bottle Bag in exchange for your creative video,"Create a TikTok video with our popular Bottle Bag and get a free copy We are looking for creative makers who want to make a voice over UGC video in which our festival backpack is the star Show how the Bottle Bag improves your festival experience Think empty hands for optimal dancing pleasure Carefree and organized all your belongings Together safe, comfortable and practical so you can fully enjoy yourself The video must last at least seconds and may have your unique twist In return for your video we will send you a free Bottle Bag"
2474,Speelmat Foam,My brand has patterns in playmats I am looking for nice photos in beautiful bedrooms or living rooms preferably with a beautiful floor such as herringbone or cement floor the more atmospheric the better
2985,Sleep Comfy Evva Gel Headrest Anti Neck Pain,Discover the Evva Gel Pillow With cooling gel and perfect neck support this pillow provides a refreshing and pain free night s sleep Suitable for every sleeping position Productlink https sleepcomfy nl hoofdkussen slaapkamer anti nekklachten gel collectie Maat Evva Gel
2913,Fashion Influencers Wanted,We are looking for fashion influencers to promote our beautiful vegan leather handbags At Bond Mason we stand for sustainable fashion while still giving you an amazing handbag with great quality
3196,Sleep Comfy Boxkussen Duo Set,Experience the ultimate sleep comfort with the Sleep Comfy Box Pillow Duo Set These luxurious pillows with an ergonomic design provide the perfect balance between firmness and softness for a great night s sleep Productlink https sleepcomfy nl sleep comfy boxkussen duo set
3419,Baby Wellness deal,"Dear influencers, get to know a unique experience that you and your followers definitely do not want to miss. Imagine being completely pampered for a day while your little one has a wonderful time in our baby spa. You enjoy a luxurious moment for yourself while your baby immerses themselves in pure peace and pleasure. What about a delicious Shantalla baby massage, a refreshing bath and relaxation that even the smallest ones feel like a mini vacation? We offer you free access to our exclusive baby spa including everything you need to pamper yourself and your baby. From soft towels and swimming diapers to refreshing snacks and drinks, everything is included. No hassle, just enjoyment of a luxurious experience that you must share with your followers. We invite you to share a unique experience together and let your personal experience of our baby spa shine on your socials. In return for a cozy day full of relaxation we expect an authentic post or story in which you and your baby can share the relaxation of the baby spa with your followers. Together, we create a beautiful win-win situation. Are you ready to surprise your followers with this ultimate relaxing moment for parents and babies? Contact us quickly and claim your spot. Your relaxation starts here and your followers cannot wait to see it"
1892,Unbox our stylish phone cases and receive free goodies,"Are you an enthusiastic content creator with a passion for fashion and accessories? We are looking for UGC creators who want to help us bring our beautiful luxury phone cases and laptop sleeves to the attention of TikTok and Instagram. Optionally, you can also share your video on YouTube. What do you get? Free luxury phone case from our unique range Exclusive discount code that you can share with your followers Possibility to be part of a trendy brand and let your creativity shine This sounds like a match made in heaven, sign up now and let's create something beautiful together"
1633,Free Low Carb Doughnuts from Healthy Bakers,Get free low-carb pancakes now in exchange for one minute video You don't have to post this video on your own channel The products are sent to your address The video must be submitted by Saturday since we want to post it on our channels on Monday
1621,Get Free Protein Bread from Healthy Bakers,Get protein breads for free in exchange for a one-minute video You don't have to post this video on your own channel The products are sent to your address The video must be submitted by Saturday since we want to post it on our channels on Monday
2168,"Diaper bags The most highly rated diaper bag, convenient and of high quality www.mimmti.com","Meet the ultimate diaper bag from MIMMTI, the best rated and most practical bag that makes life easier for every parent. Our MIMMTI is designed with attention to detail in style and ease of use, it's not just a bag but a complete solution for modern parents. We invite you to collaborate and be part of this successful product experience. We are looking for influencers who want to create an authentic review video and generate unique user-generated content about why this bag is a game changer. What makes the MIMMTI so special? High quality functional design with smart storage space Trendy style that matches any outfit And the reviews speak for themselves, parents love it Are you ready to inspire your followers with the most convenient and stylish diaper bag ever? Join us and share your experience let's make parenting even easier together www mimmti com"
2986,Sleep Comfy Memory Foam Cooling Pillow Suitable for Back and Stomach Sleepers,Discover the Memory Foam Pillow specially designed for back side and stomach sleepers With an ergonomic design and memory foam for ultimate comfort and support this pillow offers the perfect sleep experience in every position Productlink https sleepcomfy nl hoofdkussen traagschuim geschikt voor rug zij en buikslapers
1665,FLOOQ UGS,Receive commission by the value of the order or one-time per video post
3197,Sleep Comfy x Hoofdkussen Duo Set,Experience ultimate sleep comfort with the Sleep Comfy x Pillow Duo Set These luxurious pillows provide perfect support for any sleeping position and give you the feeling of sleeping in a hotel. Productlink https sleepcomfy nl sleep comfy x hoofdkussen duo set
2813,Create delicious recipes with Chef Mallows.,Chef Mallows is offering two free packs of marshmallows in exchange for a creative video where you make and share with your followers a homemade marshmallow snack. Think recipes such as chocolate dips crazy milkshake with marshmallow topping or s mores. The video must explain step by step how to make this snack so that your followers can make the recipe themselves
3465,"Paid campaign ""Cashback Netherlands during Carnival""",We have a last minute paid campaign for Statiegeld Nederland during Carnaval. What Statiegeld Nederland places temporary bulk recycling machines in Roosendaal Tilburg Eindhoven Helmond s Hertogenbosch and Oldenzaal. The campaign revolves around awareness and stimulating visitors to deliver their deposit cans bottles. Compensation
2618,voucher Our sustainable content creator BE,"Hey sustainable creators At Eco Check, we believe in the power of collaboration to make a positive impact on the world That is why we are looking for enthusiastic Belgian influencers who share our mission and want to help us promote sustainable consumption What do we offer A voucher to spend in our webshop full of ecologically responsible products Long-term cooperation We are looking for creators who want to grow with us Creative freedom You know your followers best, so determine yourself how you can convey our message in an authentic way Making an impact contribute to a more sustainable world by promoting conscious consumption What do we expect Focus on payment with ecocheques show your followers how they can use their ecocheques for sustainable products at Eco Check Instagram Reel and or TikTok video with at least stories to promote Authentic content be yourself and share your passion for sustainability Unedited content we would like to receive the original content to share on our socials and website with your permission of course Important We only work together with influencers who are committed to sustainability Promoting fast fashion brands such as Temu and Shein does not fit in with our values We want to make consumers aware of their consumption behavior and inspire them to make sustainable choices Are you the passionate creator we are looking for Sign up and let’s build together a more sustainable future"
3569,Lash Separator From The Heaven,Exciting Collaboration Opportunity with NATURA BEAUTY We are reaching out to invite you to a unique barter collaboration opportunity where you can experience our viral product the NATURA BEAUTY Lash Separator and share your honest experience with us and your followers About the NATURA BEAUTY Lash Separator Achieve perfectly defined clump free lashes with the NATURA BEAUTY Lash Separator Designed for precision this must have beauty tool gently separates lashes after mascara application ensuring a natural fanned out effect without smudging or flaking Why You ll Love It Eliminates Clumps Glides through lashes to separate and define for a flawless finish Ergonomic Easy to Use Designed with a comfortable grip for effortless control Fine Metal Teeth Perfectly spaced to comb through each lash without tugging or pulling Enhances Any Mascara Look Creates a professional polished lash effect How To Use Apply mascara as usual Before it dries gently comb through lashes from root to tip Enjoy beautifully separated lifted lashes What We Offer One complimentary full size NATURA BEAUTY Lash Separator value High chance of getting new launched products Long term collaborations Featuring on our social media platforms and website Why Partner with NATURA BEAUTY We are passionate about fostering genuine connections with influencers like you who share our mission to embrace clean beauty and empower their communities Our goal is to build long term relationships and create a mutually beneficial partnership If you re interested please let us know your name address email for shipping and we will send the gel wax hybrid right away Thank you for your time and consideration We look forward to the possibility of collaborating with you and hearing your thoughts about our product
1848,A free car for a month.,Objective Promote Drive joy s Flexible Car Subscription service among expats living in the Netherlands Key Messages Flexibility No long term contracts easy car swaps Convenience Everything included insurance maintenance repairs all season tires and taxes Carefree Driving Stress free experience just one monthly fee no additional costs Customer Support Worry free is really worry free We got you Target Group Expats living in the Netherlands seeking convenience and flexibility in car usage without ownership Also easy access to a car in the Netherlands Drive within days Influencer s Role Content Share authentic experiences using the car subscription service Instagram Youtube Tiktok post stories per week Combination of Video Photo content Key Focus Emphasise flexibility and convenience Hashtags Tags Use Drive joy and CarSubscription and tag the official account Call to Action Direct followers to the Drive joy s website Terms Car Use Personal use allowed for one month Disclaimers Use ad or sponsored for transparency Drive joy can use all content on own channels use for promotion
1849,Free Car for a Month,Promote the Flexible Car Subscription service from Drive joy among young professionals in the Netherlands. Main messages Flexibility No long-term contracts Easy car exchange Convenience Everything is included insurance maintenance repairs All season tires and taxes Stress-free driving No extra costs One monthly payment without additional charges Customer service We are always here for you Target group Young professionals aged between 18 and 35 looking for convenience and flexibility in their car use Books Within days of driving The role of the Influencer Content Share your authentic experience with Drive joy's Car Subscription Play on all benefits features but also on the needs of the target group for which they make use of Drive joy temporary car needed car broken long test drive EV testing etc Instagram YouTube TikTok post stories per week Combination of video and photo content Focus Emphasize flexibility and convenience Hashtags Tags Use Drive joy and AutoAbonnement and tag the official account Call to Action Send your followers to the Drive joy website Conditions Car use Private use is allowed for a month Disclaimers Use ad or sponsored for transparency Drive joy may use all content on their own channels and for promotional purposes
2814,New product photoshoot models needed in Amsterdam,"We are Tubble creators of the inflatable bathtub and we are launching a new product, a Jacuzzi bath. We need models for our photoshoot and you could be the perfect fit. We are in the business of relaxation and home luxury so want to create a shoot that gives this feeling to the viewer. We are a lighthearted fun brand so we like things a bit cheeky too. Check out our website for our previous shoots https://tubble.com You will need to bring your own bathing suits, bikinis, trunks with no patterns and a neutral ish colour. Please note that these pictures will be posted on our website and our social media accounts"
1749,Waffles for two,waffles classic or vegan gluten-free with toppings each and coffees or teas
2199,projector screen,"Make a big projection screen yourself that can with beamer cloth from top quality sailcloth shop. This cloth is matt, so it doesn’t shine and reflects nothing. The width of the roll is no less than cm within your beamer ratio you can thus make a screen of x cm high or something smaller x cm high"
2150,Opening,Come to explore our new museum and share your experience with your followers
2584,Free meal prep meals,"As a creator, you get a box of healthy protein-rich meal prep meals perfect for keeping your energy up and inspiring your audience."
809,Free Poké Burrito or X Tacos,"With this barter deal, you can pick up your desired medium poké or burrito at the counter. By showing this barter, you can get a free burrito or poke"
2871,Super School Year Magazine,"All children in the Netherlands feeling good That’s our dream We are Susan Tromp and Esther Wokke and we think that more attention should be paid to mental health at school. Or as we say on training courses, first the child and then the student. It has been proven that the better a person feels, the more space there is in their brain, the better their learning performance and how appropriate the outcome is. This is how it came about See this link https www nhnieuws nl nieuws na roofovervallen kon ze niet meer esther moest iets anders met haar leven gaan doen In addition to our other material, we have developed several magazines with ready-made lessons. This makes a total of lessons. This ensures that the teacher can work on mental health without extra workload. We have been doing this for years but are still not well known throughout the Netherlands. Therefore, we are looking for creators with a target group that matches education parents children It is especially important that we start working on our name recognition. That’s why it would be nice if the content was a video in which our material is shown well by, for example, browsing through it but also telling what it is and that it reduces workload"
2978,DEVENTE Brand Promotion,"Who we are DEVENTE is a brand that launches stylish jewelry and trendy clothing Our jewelry is made of stainless steel so they do not tarnish, waterproof and nickel-free They are perfect for everyday use In addition, we have a great collection of clothes that fits different styles and can be worn on any occasion We want everyone to feel confident and beautiful in our products What we do Our products are high quality but affordable Our goal is to create a community of people who embrace their own style and feel good about the things they wear Whether it's a pair of beautiful jewelry or a complete outfit What type of influencers we seek We are looking for influencers who love fashion and lifestyle and have a real connection with their followers Whether you are a larger influencer or someone with a smaller but loyal following, we want to see how you share our products and show how you wear them What kind of content we seek We like fun and honest videos It should not look too much like a promotion the most important thing is that you feel good being yourself You can make a talking video in which you enthusiastically showcase our jewelry, clothing unboxed or a video where you film yourself wearing our items to a trendy song It's entirely up to you to put your own spin on it We want you to have fun creating the content and be able to show your followers how you wear our products in your unique way We also want to use the content for our own socials and or advertisements so we can share your amazing content with a wider audience Do not forget to tag us in your posts so that we can find and share you easily"
3026,Formula experience at Racesquare,"Are you an influencer and do you want to introduce your followers to a unique racing experience? Dive into the world of Formula at Racesquare Step into our high-end simulators and compete against friends, colleagues or family. Feel like a F1 driver on your favorite circuit. Suitable for everyone, no previous racing experience required. Perfect for team outings, company events, bachelor parties, children's parties or as a fun day out. We are open to various collaborations. What we offer Depending on your reach, you will receive an experience worth followers followers followers The exact collaboration and compensation is always negotiable. We like to think along with you Where can you post Instagram TikTok YouTube or a combination Your assignment Make a post and story with the hashtag racesquare and inspire your followers with the ultimate Formula experience at Racesquare Locations Zandvoort Zwolle Rotterdam Kerkrade Utrecht and Alkmaar Curious about all our races and arrangements? Check out racesquare nl for more information Are you interested? Reply directly to this collaboration and we will contact you soon."
1882,Gift card for a short video,"We are a clothing webshop specialized in men's fashion and sell brands such as Lacoste Lyle Scott Marshall Artist Fred Perry and more. We focus exclusively on men between the age of and seek an enthusiastic creator for collaboration. In exchange for a giftcard worth to be spent freely in our webshop, we ask for a video of up to seconds where one of our products is presented"
2169,STOBE HOME CINEMA PROJECTOR TWV PREMIUM PROJECTOR WITH SCREEN,"Do you want to have a chance of winning a premium STOBE OPTIMUS projector with matching screen worth €1.000? Are you a movie lover who likes the XXL cinema experience but at home? This is the perfect opportunity for you! We are looking for an enthusiastic influencer who has a passion for movies and games in XXL. If you love creating content around your favourite films and gaming experiences, we would like to work with you. We offer a unique chance to receive our premium projector with a screen of m by m THIS IS REALLY BIG Join our STOBE community and help us show others how they can create their own home cinema. Contact us for more information about this exciting collaboration"
2587,BMM Supplements,We will offer bulk supplements to the right influencers.
2987,"Calling all creators, join us in showcasing the Tubble Cuzi!",Calling All Creators Join Us in Showcasing Tubble Cuzi About Tubble Tubble com is revolutionizing the way people experience baths Our innovative inflatable Cuzi bath offers a luxurious spa like experience in the comfort of your home no matter how small your space Whether for relaxation post workout recovery or family fun Tubble Cuzi fits effortlessly into any lifestyle What We Need We are seeking passionate content creators to help us highlight the many benefits of our Tubble Cuzi bath through engaging and authentic User Generated Content UGC What You Get in Return In exchange for the content you will Get our newest model Tubble Cuzi worth Gain exposure across our social media platforms Be part of an exciting brand collaboration
3326,Red Light Therapy Device Promotion,We are looking for people to make somewhat regular posts or a long-form video with one of our devices in exchange for a free device and commissions.
3869,Surprise menu.,Walk in and enjoy a course menu plus a tasty pornstar martini.
2194,This is the first thing that creators see.,This is where you describe your briefing
2196,Reviewing chocolate bars.,We would like to put our chocolate bars more in the spotlight and are therefore looking for a nice barter deal. We offer our delicious chocolate bars in exchange for promotion. This way we get the chance to show our product to a wider audience and you benefit from tasty chocolate for your customers. Let's work together and help each other grow
2588,Night Vision Safer Driving,"With these dark days, driving at night isn’t fun. Wind, rain and bright lights from other drivers. Our Night Vision Glasses make driving safer and more comfortable especially if you are insecure on the road, have night blindness or poor eyesight. Promote our glasses and you will receive a personal discount code vqn that you can give to your followers. Shipping costs are free within the Netherlands. The glasses are also suitable for use on a motorcycle, bicycle or while walking. You of course get one for free as well. Other deals are negotiable."
3084,UCG Content for Radical Fash,"Radical is looking for creative UGC makers Are you a content creator who gets excited about fashion and TikTok trends? We are RADICAL, an international high-end fashion brand for men and women. We offer daring fashion items with a focus on quality, innovation and striking details for the self-assured individuals of today. We are looking for talented creators who can bring our collections to life through videos for our socials. Think unboxing videos, try-on hauls, mood shots and your own initiatives that fit with our campaigns. What we offer: Shop credit that you can spend in our webshop Show us your creativity and receive a reward in the form of our unique items Who We work with content creators of different sizes Below you will find our budget per type of creator Budgets for content creation followers followers followers followers Extra performance bonus based on views As a bonus, we would like to offer an extra reward based on the number of views achieved within a month The videos must remain online for at least months From views extra shop credit This sounds good to you? Sign up and create inspiring content with us"
2915,Public reaction video with one of our items Max,Pick the items of your choice on our webshop for a max value of euro excl shipping In return we would like a video of you wearing the item in a public place or setting Street Restaurant School etc where the public gives an obscene reaction Laughing pointing shock etc How you generate these reactions is up to your creativity This posted on both your Instagram TikTok where you tag us a Google or TrustPilot review with picture the video send by email to us so we can use it later if desired you will be tagged if we use it again
2988,Sugar-free candy.,Create fans with us taste the great sugar-free candy we sell online and create a guilt-free snacking moment.
3327,FREE VIBE IN ROSES hoodie from Vibecreation nl,"Vibecreation VIBE isn't just a brand, it's an experience. Founded by a Molecular Scientist alongside two visionary Architects as Creative Directors we blend science and design to create something truly unique. Right now we are offering exclusive promotional opportunities; select partners will receive free items in exchange for strategic exposure. If you see the potential in collaborating with an innovative, boundary-pushing brand let's talk"
3570,"FREE eyelash serum, 5 ml",We are looking for someone to review our eyelash serum What you get A free eyelash serum worth No need for any visual material just your honest opinion Will you help us with a valuable review Let us know
2311,PROMOTE OUR GLASSWARE,We are looking for an influencer to promote our glassware made from old beer wine bottles on instagram tik tok. We are happy to send samples for you to keep and if necessary we can also work with a discount code for your followers
3085,Challenge yourself. Will you get your rims like new again?,Clean your wheels with Carclean com products With the Monello Wheel Package you challenge yourself and entertain your followers What do you get The complete Monello Wheel Package with everything you need to wash and clean your rims In the box you will find Rim cleaner Non Ferro Wheel mitt Wheel woolie liter bucket Drying cloth Car shampoo Who is Carclean We are the specialist in the field of car care From cleaning to protection we have it all to maintain your car perfectly Our passion Making your car shine like never before so you can be proud to hit the road
2633,Wine Tea Vintea the new non-alcoholic drink at Albert Heijn,"Win a luxury overnight stay and dinner at Hotel Jakarta Amsterdam Are you a creator with a passion for unique content? This is your chance to win an unforgettable experience Win a luxurious overnight stay in the beautiful Hotel Jakarta Amsterdam with breathtaking views of the IJ river and enjoy a sophisticated dinner inspired by the rich Indonesian cuisine, perfectly complemented by our award-winning alcohol-free T Vino. About Vintea Meet Vintea The Premium Alcohol-Free Alternative to Wine Are you a creator who loves unique and innovative products? Discover Vintea Sparkling Jasmin, the perfect blend of wine infused with green tea jasmine. For the conscious consumer who does not want to compromise on taste, Vintea has a distinctive rich flavor and up to 50% fewer calories than an alcoholic wine. It is therefore a healthier choice for those who want to enjoy a glass without alcohol. Vintea is ideal for aperitif moments and food pairing This is the chance to inspire your audience Create content that stands out and enjoy a product that perfectly matches the current trend of conscious consumption"
2589,Tea for Dry January,For Dry January enjoy our beautiful loose leaf tea from Japan China India. We will send you two g bags of our teas pure leaf only no blends mixes Share the experience with a theme for Dry January as an alcohol alternative Reel or TikTok within week of receiving the tea and not later than January tag us and link our webshop with an option to collaborate. Making good tea takes a bit of care like steeping the loose leaves not in teabags for only minutes at a specific temperature We ll choose the teas together
2989,Sleep Comfy Electric Blanket Overblanket,Experience the ultimate winter warmth with the Sleep Comfy Electric Top Blanket With adjustable heat settings and soft material it offers comfort and warmth on chilly nights Productlink https sleepcomfy nl sleep comfy elektrische deken Model Overblanket
3571,Free calligraphy wall art.,"In exchange for a social media post on the listed platforms, you receive a coupon code that allows you to order a product for free from our webshop excluding shipping costs."
2247,Fall Vibes with Squirrel Chalkboard,Use our squirrel D blackboard and our earth tone markers to creatively decorate. Get an additional one to give away to your audience.
2821,"Paid collaboration E Capture the smile of a child, keep happiness with Snappaboo","Get Snappaboo and let your creativity run wild. For example, show your followers how impossible it is to get a child to look at the camera, let alone smile. With Snappaboo you can change that in no time. Just open it up and the radiant smile appears by itself. Share your experience and show how parents can capture these pure moments forever."
2534,Slaaie Relax Package for children,"With Slaaapie we want to help as many children and families as possible find balance, rest and a better night’s sleep. Our platform offers tools such as the Slaaapie app, mindfulness exercises and fun relaxing products. Do you want to be part of this mission and help Slaaapie reach even more families? In return we would like to offer our unique Slaaapie Relax package specially designed to inspire and relax. This package includes a yearly subscription to the Slaaapie app, including access to sleep meditations, mindfulness exercises and stories for children. The Toverkist Game An interactive game that teaches children in a playful way how to deal with emotions and stimuli. Two Slaaapie sleep masks Perfect for a restful bedtime routine for the whole family And of course, the Slaaapie cuddly toy an indispensable friend for your child’s peaceful night’s sleep In return we would like to ask you to share authentic content such as A reel and or TikTok video in which you share your experience with the package. At least stories to take your followers on this journey An optional Instagram post with your unique view of the Slaaapie products"
852,Free Ladies Haircut,"The owner, Hiro Hirata, worked in Shoreditch for more than a decade before opening his own salon TOKITO Hair which specializes in classic and contemporary haircuts and coloring."
3716,Relax Create a hot tub experience at home.,"Only for Content Creators in Flanders region of Ghent Antwerp Brussels Relax in your own garden with one of our luxury hot tubs We offer you the chance to use a hot tub for free for a weekend Relax with your family and children invite some friends or create a romantic setting It is the perfect opportunity to create content while relaxing at home We take care of delivery, installation and collection"
3572,Free treatment of choice House Of Bratz Rotterdam,Receive a gifted treatment of your choice valued up to House of Bratz is a high end clinic specialising in fillers botox advanced skin treatments and IV therapy Visit houseofbratz on Instagram to explore our work and get a feel for our signature approach
3086,Sip Paint Pizza Pollo Gelato,Saturday February the first edition of Sip Paint at Geniet of delicious cocktails and fingerfood while you bring your creative talents to life on a canvas What can you expect x cocktail or mocktail Fingerfood plankje per person All materials to make your own artwork The deal is for people If you want to order extra drinks or food this is at your own expense
3202,Sustainable Love with Blokzeep,Gift unboxing videos Influencers showcase Blokzeep gift sets and share their reactions
3329,Promotion of the F MAGSAFE Carmount,A promotion video of our Magsafe mount you will get all the necessary things sent to your home and then you can keep it
2822,"Paid collaboration Capture the smile of a child, keep happiness with Snappaboo","Get Snappaboo and let your creativity run wild. For example, show your followers how impossible it sometimes seems to get a child to look at the camera, let alone smile. With Snappaboo you can change that in no time. Just open it up and the radiant smile appears by itself. Share your experience and show how parents can capture these pure moments forever."
2535,Scare blanket GIFT VOUCHER,"We want to collaborate with enthusiastic creators who can present the benefits of our adult weighted blanket This video focuses on improving sleep quality, stress relief and the overall soothing effect of the blanket Introduction Tranquility in a Busy World Start with recognizable situations Stressful days restless nights Are you looking for a way to finally relax Visualize an overworked adult who has trouble falling asleep but makes the transition to peace with the weighted blanket Key message Our weighted blanket helps you relax, reduce stress and improve the quality of your sleep so that you feel more energetic during the day Emphasis on Health Benefits Present how the blanket solves specific problems Deep pressure stimulation Works like a soft hug and promotes the production of melatonin and serotonin essential for good night's rest Reduction in pain perception The deep pressure can provide relief from tense muscles and chronic pain Stress and anxiety reduction Perfect for people with busy lives or who suffer from symptoms of anxiety or depression Improved sleep quality Soft, safe and comfortable it helps you fall asleep faster and sleep deeper Creative Scenarios Visualize and demonstrate the use in daily situations End of a long day An adult crawls under the blanket after a busy workday with a book or watches a movie in a peaceful setting Relaxing nighttime routine Show how the blanket is part of an evening ritual low light, a cup of tea and ultimate relaxation Stressful moments Use the blanket to calm yourself during moments of tension or anxiety Bonus Points Feature couples who relax under the blanket Subtly incorporate the key benefits Made from OEKO tex cotton safe for skin and durable Reduction of stress The blanket helps your body unwind and prepares you for a good night's sleep Call to Action Address your audience Are you ready to sleep better and experience more relaxation? Invite them to try the blanket with an exclusive discount code Emphasize that it is the perfect investment in their health and well-being GIFT CARD We offer you a gift card that you can spend on our website so that you can choose the perfect products for yourself or your family Important The messages do not have to be exactly as presented as long as the core message remains intact Info Try it out for free Free shipping"
541,Vunzige Deuntjes Festival,We are looking for promoters and creators for Vunzige Deuntjes Festival in July at the Amsterdamse Bos. Do you want to go to Vunzige Deuntjes Festival and our club events for free in exchange for promotion or creating content? We are looking for both promotors who want to share content and creators who would like to create their own content for us or their own channel. What can you expect in return: guest list for Vunzige Deuntjes Festival guest list for club editions of your choice Cashcard at the festival Exclusive access to our festival pre party s Does this sound good? Sign up by January
264,Vunzige Deuntjes ADE Special AMAZE,Free admission for
3870,STAGE Manage TikTok Instagram Social Media,At Bobiotics we have an internship for managing our TikTok Instagram socials Do you have a dog and do you like making fun engaging posts Let us know
3556,Why solid soap is better than liquid soap,"Less Plastic Waste. Soap doesn't require plastic bottles, significantly reducing plastic pollution. Lower Water Consumption. Liquid soap contains up to water whereas solid soap is concentrated and requires much less water to produce. Healthier Ingredients. Many liquid soaps contain SLS, parabens and synthetic fragrances which can disrupt the natural balance of your skin and hair. Solid soap often uses more natural and skin-friendly ingredients. More Cost Effective. Solid soap lasts longer than liquid soap making it a more economical choice over time. Travel Friendly. Unlike liquid soap, solid bars are compact, leak proof and TSA approved, making them ideal for travel."
3330,Beard care routine,We are offering you a Maestro's Beard Kit Pro worth In the video we expect you to do an unboxing and showcase the different products in use. This can be short snippets throughout a morning routine in front of the mirror
3205,Couple Valentines.,Couples are pairing Valentine’s self-care with their partners featuring Blokzeep
2591,EU Gift Card on all Car Accessories,euro gift card in our online store revall nl
3206,POV Valentine,POV style Reel I am giving my partner a sustainable gift this year
2592,AUTO TELEPHONE HOLDER EU Gift Card,Product eu gift card for Revall nl
2536,Mattress topper main pillow,We are looking for content creators for creative and informative videos that show the benefits of our Adjustable Memory Foam Pillow and Mattress Topper These products improve sleep comfort and support a healthier night's rest. Adjustable Height Memory Foam Pillow Neck Support for pain relief and relaxed sleep ClimaSense Two Sides for Summer Temperature Regulation Bamboo Fabric for every season Hypoallergenic Soft Let us show how the pillow reduces neck pain and improves sleep quality Mattress Topper cm Luxury Comfort for extra support of your mattress Choice between Gel Infused Foam cooling effect or Moon Foam medium firmness and motion isolation Hypoallergenic Bamboo Cover for a fresh breathable sleep experience Show a bed makeover and the benefits of motion isolation Creative Ideas Before and after theme to show the sleep transformation Personal testimonials e.g. better sleep less sweating reduced neck complaints Integrate both products into a restful sleep routine Call to Action For the pillow Enjoy pain-free mornings with the perfect pillow For the topper Upgrade your bed for ultimate sleep comfort Offer a discount code to stimulate purchases Important info Try it out days Free shipping
3091,Sim racing and drinks including a luxury snack board and drinks,"Are you an influencer and do you want to introduce your followers to a unique racing experience? Step into our high-end simulators and experience the tension of a Formula race. Relax after the race with delicious drinks and bites, enjoy live sports matches and experience the lively atmosphere in our extensive food court with bar. What we offer: At a reach of followers you will receive a drink package for persons t/m v In consultation, depending on your reach and agreements, participation with more people is also possible We are happy to think along with you What is included: Drivers briefing Race experience minutes Luxury drinks platter with snacks including bitter garniture nachos with cheese dip sauce yakitori skewers nuts cold appetizers chorizo prosciutto cheese cubes mini cheese sticks drinks p p beer wine or soda Podium ceremony with medals Where can you post Instagram TikTok YouTube or a combination Your assignment Make a post and story with the hashtag racesquare and inspire your followers with the ultimate Formula experience at Racesquare Locations Zandvoort Zwolle Rotterdam Kerkrade Utrecht and Alkmaar Want to know more about our experiences Check out racesquare com for all details Are you interested? Reply directly on this collaboration and we will contact you soon"
3467,Beautiful expensive silver ring for you for free,"Stamm Hardware is a new men’s jewelry brand. We make handmade, high quality jewelry. We offer a unique, handmade silver pendant t w v to choose from. You can find it on our site. Note that we only offer silver. Furthermore, we offer a discount code for your followers. We are looking for influencers who create unboxing videos and styling content aimed at men. Our brand is high end and should be presented as such."
2889,Whitening teeth in a natural and pain-free way,"At Love Smile, we believe that a radiant smile should be within everyone's reach. That is why we offer the most effective and natural teeth whitening products in the Netherlands and Belgium. Our innovative formulas such as Teeth Shampoo and Whitening Strips are designed to make your teeth up to 10 shades whiter, safely, naturally and without sensitivity. With thousands of satisfied customers, we are the market leader in the Netherlands and Belgium. Choose a partnership with Love Smile and experience for yourself why we are the best in teeth whitening care USPs of Love Smile Natural formulas Safe for your teeth and free from harmful chemicals Sustainable and environmentally friendly Our products are kind to both you and the environment Up to 10 shades whiter Noticeable results after just a few treatments Easy to use Perfectly integrated into your daily routine No peroxide Gentle products that do not damage your teeth Market leader in the Netherlands and Belgium Trusted by thousands of satisfied customers No sensitivity Gentle but effective products suitable for sensitive teeth Satisfaction guarantee Your smile is our priority With Love Smile, you radiate naturally and consciously You will receive from us a complete and natural teeth whitening set for optimal results This package contains Teeth Shampoo Purple For neutralizing yellow tones and immediate shine Whitening Strips treatments Natural whitening strips that give you up to 10 shades whiter teeth With this package, you will radiate within no time with a healthy white smile"
3089,Sim racing and drinks including a luxury snack board and drinks,"Are you an influencer and do you want to introduce your followers to a unique racing experience? Step into our high-end simulators and experience the tension of a Formula race. Relax after the race with delicious drinks and bites, enjoy live sports matches and experience the lively atmosphere in our extensive food court with bar. What we offer: At a reach of followers you will receive a drink package for persons t/m v In consultation, depending on your reach and agreements, participation with more people is also possible We are happy to think along with you What is included: Drivers briefing Race experience minutes Luxury drinks platter with snacks including bitter garniture nachos with cheese dip sauce yakitori skewers nuts cold appetizers chorizo prosciutto cheese cubes mini cheese sticks drinks p p beer wine or soda Podium ceremony with medals Where can you post Instagram TikTok YouTube or a combination Your assignment Make a post and story with the hashtag racesquare and inspire your followers with the ultimate Formula experience at Racesquare Locations Zandvoort Zwolle Rotterdam Kerkrade Utrecht and Alkmaar Want to know more about our experiences Check out racesquare com for all details Are you interested? Reply directly on this collaboration and we will contact you soon"
1187,Try our seasonal strawberry cake coffee of your choice for two,Please share a reel about our seasonal strawberry tart.
2824,Babyphone with Wi-Fi needed in exchange for UCG video,"Hi mama of papa, we are looking for enthusiastic parents who can make a UCG video with our Wi-Fi baby monitor. We want to highlight some USPs with your help. The idea is that you tell about the experience of the baby monitor but also have your child or baby come back into the video. One of our brand pillars are connectedness and connection, so it’s a must that you enjoy being together with your child. Does this assignment appeal to you?"
2916,Lose Weight The Ultimate Guide,"You get free access to this ultimate guide for weight loss. In return, I would really appreciate it if you want to promote it. If you find it interesting then you will benefit from it yourself and can help others on their way to a healthier weight. As an extra bonus, they also receive a discount with the discount code vetfit"
1487,YOU WANT THIS Delicious lunch at The Seafood Bar years,Get a delicious lunch with a giftcard You can choose everything from the menu Enjoy the taste of the Sea It is possible we would like to promote the video so we can ask for your sparkcode It will be great for your reach as well We can use your video on our own socials as well
373,Try our gingerbread cookies and share your experience.,"You choose for euro peppernuts, the best is to choose a mix of original peppernuts and chocolate peppernuts. We want you to showcase the variety of our products and tag our store and location in your video. We also love sharing your videos on our own social pages"
2136,Try our gingerbread cookies and share your experience.,"You choose for euro of peppernuts, it is best to choose a mix of original peppernuts and chocolate peppernuts. We want you to show the variety of our products and that you tag our store and location in your video. We also like to share your videos on our own social pages"
2966,Beet Great Test our natural energy drink made from beet and pomegranate juice.,"Beet Great is a natural energy drink based on beetroot juice and pomegranate juice, ideal for anyone who wants to improve their sports performance or simply support overall health. The product is known for its high nitrate content which can contribute to improved blood circulation and more endurance. Due to the natural energy boost, Beet Great can be used for both intensive training sessions and daily vitality. Main features Increases energy and endurance Nitrates in beetroot juice support oxygen uptake and energy production in the body Supports healthy blood pressure Regular use of beetroot juice can contribute to lowering blood pressure Natural and pure Beet Great contains pure beetroot juice and pomegranate juice Sustainable and plant-based A plant-based supplement suitable for vegetarians and vegans Beet Great can be drunk daily as a complement to a healthy diet and active lifestyle. It is ideal for before or after a sporting performance, but can also be used to benefit from the health benefits of beetroot juice on a daily basis Due to the powerful effect of the beet, users can count on better performances both physically and mentally, which makes Beet Great an excellent choice for athletes, fitness enthusiasts and anyone who wants to increase their vitality."
2917,Enjoy a full breakfast at Anne Max,Enjoy a breakfast plate at the new Anne Max in Leeuwarden until hour Send us a message about what time you would like to come by
3088,Sim racing and drinks including a luxury snack board and drinks,"Are you an influencer and do you want to introduce your followers to a unique racing experience? Step into our high-end simulators and experience the tension of a Formula race. Relax after the race with delicious drinks and bites, enjoy live sports matches and experience the lively atmosphere in our extensive food court with bar. What we offer: At a reach of followers you will receive a drink package for persons t/m v In consultation, depending on your reach and agreements, participation with more people is also possible We are happy to think along with you What is included: Drivers briefing Race experience minutes Luxury drinks platter with snacks including bitter garniture nachos with cheese dip sauce yakitori skewers nuts cold appetizers chorizo prosciutto cheese cubes mini cheese sticks drinks p p beer wine or soda Podium ceremony with medals Where can you post Instagram TikTok YouTube or a combination Your assignment Make a post and story with the hashtag racesquare and inspire your followers with the ultimate Formula experience at Racesquare Locations Zandvoort Zwolle Rotterdam Kerkrade Utrecht and Alkmaar Want to know more about our experiences Check out racesquare com for all details Are you interested? Reply directly on this collaboration and we will contact you soon"
2991,Play GlowGolf glow-in-the-dark miniature golf in Middelburg,GlowGolf has the nicest glow in the dark miniature golf course of Middelburg You play GlowGolf in a jungle full with life-sized D tigers Monkeys and other animals After playing GlowGolf or before it you play EscapeBox where you crack safes to win a prize Do you come with your friends to hit a ball The deal is round of GlowGolf maximum people minutes EscapeBox Value of the deal Reserve via the GetBarter chat
2539,Electric Radiator Black Wall With Plug Wifi Program,"We are looking for influencers to help us promote the benefits of our revolutionary electric radiator. Whether you’re an expert in interior technology or sustainability, we want you on board to introduce our product to your followers. What we offer A free copy of our electric radiator to experience and use Exclusive discounts for your followers"
3090,Sim racing and drinks including a luxury snack board and drinks,"Are you an influencer and do you want to introduce your followers to a unique racing experience? Step into our high-end simulators and experience the tension of a Formula race. Relax after the race with delicious drinks and bites, enjoy live sports matches and experience the lively atmosphere in our extensive food court with bar. What we offer: At a reach of followers you will receive a drink package for persons t/m v In consultation, depending on your reach and agreements, participation with more people is also possible We are happy to think along with you What is included: Drivers briefing Race experience minutes Luxury drinks platter with snacks including bitter garniture nachos with cheese dip sauce yakitori skewers nuts cold appetizers chorizo prosciutto cheese cubes mini cheese sticks drinks p p beer wine or soda Podium ceremony with medals Where can you post Instagram TikTok YouTube or a combination Your assignment Make a post and story with the hashtag racesquare and inspire your followers with the ultimate Formula experience at Racesquare Locations Zandvoort Zwolle Rotterdam Kerkrade Utrecht and Alkmaar Want to know more about our experiences Check out racesquare com for all details Are you interested? Reply directly on this collaboration and we will contact you soon"
3208,Golden Glow Retinol,Hey beauty lovers skincare gurus Are you ready to discover the glow of your dreams We are looking for influencers who want to test our Golden Glow Retinol from Cleyo Beauty Products first This powerful but gentle retinol takes your skincare to a higher level smoother skin fewer fine lines and that ultimate glow And the best You can try it out FOR FREE What we ask Share your honest opinion of course you are here totally in love with this via a post reel and story What you get An exclusive chance to test the must have retinol of the moment for free Are you ready to shine? Reply We will send the product to you on CleyoSkin RetinolGlow SkincareLover GratisTesten more about the golden glow retinol Golden Glow Retinol Serum with karats gold extract from Cleyo Beauty Products The Golden Glow Retinol Serum from Cleyo Beauty Products is a luxury innovation in skincare specially developed for those who are looking for effective skin improvement and a radiant complexion This unique serum combines the power of retinol with the nourishing and rejuvenating effect of karats gold extract What does it do for your skin Skin renewal and strengthening Retinol a form of vitamin A is known for its ability to renew skin cells It stimulates the production of collagen and elastin which helps to reduce fine lines and wrinkles This makes the skin firmer and smoother Radiant glow The karats gold extract adds an extra dimension to this serum Gold has been known for centuries for its skin rejuvenating properties It gives your skin a natural glow and works simultaneously anti-inflammatory which reduces redness and irritation Pigmentation reduction The serum helps to fade dark spots and even out the skin tone This makes it ideal for people with pigmentation problems or an uneven skin color For whom is it suitable The Golden Glow Retinol Serum is suitable for everyone who wants to tackle signs of skin aging or give their skin a boost Especially effective in Fine lines and wrinkles Dull tired skin Pigmentation spots and blemishes Skin with loss of firmness How do you use the serum Apply a small amount of the serum at night to cleaned skin Massage it gently into the skin and let it absorb before applying a night cream Use during the day always apply sunscreen because retinol makes your skin more sensitive to UV rays The benefits of karats gold extract Gold in skincare is more than just a luxury ingredient It Reduces inflammation and calms the skin Improves blood circulation for a healthy complexion Protects against damaging free radicals that cause skin aging Why choose the Golden Glow Retinol Serum This serum is not only effective but also a luxurious experience for your skin It feels like you are giving yourself an upscale spa treatment With every drop you feel like you are getting the best for your skin Developed with Cleyo Beauty Products expertise and offers a unique combination of science and luxury perfect for those who want only the best for their skin Experience the power of retinol and the magic of gold give your skin a Golden Glow
2594,Inspiration session Post Traumatic Growth Live in Erp NB,You can participate in this inspirational session and you will also receive our books Ik wil graag dat je eind december en begin januari minstens twee schrijft vertelt dat je naar deze inspirational session gaat De inspirational session wordt x gegeven Op januari en januari van uur https www et emergo nl inspiratiesessies inspiratiesessie erp
3092,Sim racing and drinks including a luxury snack board and drinks,"Are you an influencer and do you want to introduce your followers to a unique racing experience? Step into our high-end simulators and experience the tension of a Formula race. Relax after the race with delicious drinks and bites, enjoy live sports matches and experience the lively atmosphere in our extensive food court with bar. What we offer: At a reach of followers you will receive a drink package for persons t/m v In consultation, depending on your reach and agreements, participation with more people is also possible We are happy to think along with you What is included: Drivers briefing Race experience minutes Luxury drinks platter with snacks including bitter garniture nachos with cheese dip sauce yakitori skewers nuts cold appetizers chorizo prosciutto cheese cubes mini cheese sticks drinks p p beer wine or soda Podium ceremony with medals Where can you post Instagram TikTok YouTube or a combination Your assignment Make a post and story with the hashtag racesquare and inspire your followers with the ultimate Formula experience at Racesquare Locations Zandvoort Zwolle Rotterdam Kerkrade Utrecht and Alkmaar Want to know more about our experiences Check out racesquare com for all details Are you interested? Reply directly on this collaboration and we will contact you soon"
2918,High tea at Anne Max,Enjoy a high tea at the new Anne Max in Leeuwarden from hour Send us a message about what time you would like to come by
3093,Sim racing and drinks including a luxury snack board and drinks,"Are you an influencer and do you want to introduce your followers to a unique racing experience? Step into our high-end simulators and experience the tension of a Formula race. Relax after the race with delicious drinks and bites, enjoy live sports matches and experience the lively atmosphere in our extensive food court with bar. What we offer: At a reach of followers you will receive a drink package for persons t/m v In consultation, depending on your reach and agreements, participation with more people is also possible We are happy to think along with you What is included: Drivers briefing Race experience minutes Luxury drinks platter with snacks including bitter garniture nachos with cheese dip sauce yakitori skewers nuts cold appetizers chorizo prosciutto cheese cubes mini cheese sticks drinks p p beer wine or soda Podium ceremony with medals Where can you post Instagram TikTok YouTube or a combination Your assignment Make a post and story with the hashtag racesquare and inspire your followers with the ultimate Formula experience at Racesquare Locations Zandvoort Zwolle Rotterdam Kerkrade Utrecht and Alkmaar Want to know more about our experiences Check out racesquare com for all details Are you interested? Reply directly on this collaboration and we will contact you soon"
3028,Formula experience at Racesquare,"Are you an influencer and do you want to introduce your followers to a unique racing experience? Dive into the world of Formula at Racesquare Step into our high-end simulators and compete against friends, colleagues or family. Feel like a F1 driver on your favorite circuit. Suitable for everyone, no previous racing experience required. Perfect for team outings, company events, bachelor parties, children's parties or as a fun day out. We are open to various collaborations. What we offer Depending on your reach you will receive an experience worth followers followers followers The exact collaboration and compensation is always negotiable. We like to think along with you Where can you post Instagram TikTok YouTube or a combination Your assignment Make a post and story with the hashtag racesquare and inspire your followers with the ultimate Formula experience at Racesquare Locations Zandvoort Zwolle Rotterdam Kerkrade Utrecht and Alkmaar Curious about all our races and arrangements? Check out racesquare nl for more information Are you interested? Reply directly to this collaboration and we will contact you soon."
3574,Review of the Rayofi Portable Smart Fitness Device,For this collaboration we ask you to show an unboxing and test of our portable fitness machine. Show how you open the box what is in it and try out the machine. Give your first impression and briefly show how it works Spontaneous and enthusiastic
3209,Free eyelash serum Trade-in for review,"Free eyelash serum Do you want to try a beautiful eyelash serum for free In exchange for a nice positive review on Bol com, you will receive the full purchase amount back This is how it works Order our eyelash serum on Bol com Leave a positive review Send us a screenshot of your review We will refund the purchase amount No hassle no obligation to post something on social media just an easy way to score a top serum Be quick about this action as it is temporary"
2338,Kimchi.,"Always wanted to learn how to ferment yourself But you are a bit scared to get started No worries at Kultured we ve got your back With our Kultured Fermentation Box starter culture and detailed recipe booklet, fermenting becomes child’s play We offer you a free Fermentation Box Standard so that you can easily start making kimchi at home"
2825,A radiant skin from the inside,"Do you want a better skin, more energy and an improved immune system? Try Altrient C for days. Altrient C is vitamin C in liposomal form. This form ensures that it is absorbed up to ten times better than regular vitamin C tablets. The mega boost of vitamin C supports your immune system, gives extra energy and focus. Furthermore, it ensures that your body produces extra collagen, which visibly improves your skin. This has been proven in a clinical study. You receive a box with sachets of liposomal vitamin C and take one sachet daily. Experience for yourself what it does for your skin and energy and let us know."
1904,High tea at Anne Max in Leidschendam,"Afternoon is a nice moment to sit quietly and enjoy all your stories at Anne Max. We would like to invite you for High tea at Anne Max Leidschendam. Via the chat we can arrange a moment with you so that we can keep a table free for you. This High tea is a great tasting experience with savory treats, sweet treats and of course as much tea as you want. Also vegan possible"
2595,Champagne Sunday,"Did someone say Champagne? Yes, you heard that right! Every Sunday we are offering a bubbly treat. You will receive a bottle of Christoffe Champagne and a gift card worth of food."
3210,Professional Serum ml,"Influencers wanted Free Timeless Professional Serum test in exchange for content Are you a skincare lover and do you like to share your experience with your followers? We have something special for you. We are looking for influencers to try our exclusive Timeless Professional Serum What is it A powerful serum with Copper Tripeptide, the exclusive skin-improving ingredient that makes the skin firmer and smoother Reduces fine lines and wrinkles Stimulates collagen and elastin for a youthful appearance What you get A free ml packaging of our luxury serum normally priced at €15.00 What we ask For a beautiful and high-quality video in which you share your experience with us Do you want to try this game changer for your skin for free and share your glow with us? Reach out TimelessGlow Skincare AgelessBeauty ProfessionalSerum GoldenGlow"
1610,Group outing puzzle hunt in Harderwijk,"Discover the surprisingly nice Harderwijk with a puzzle tour on foot. Wander through the narrow alleys, view historical buildings and take a break at a cozy terrace. Along the way you will solve puzzles, answer questions and perform assignments from the Puzzeluitje App"
3094,To nights weekdays for persons,Great stay in our spectacular guesthouse Airbnb on the outskirts of Maastricht but in another country spectacular view on Meuse city Saint Pierre Sint Pieter Perfect place for hikes cycling kayaks to nights weekdays only persons max guesthouse has capacity of though Bring sheets and towels For impressions check Airbnb Waterside Zen Maastricht or insta waterside zen maastricht
3575,Entrepreneurship Events Calendar,"A cloud-based event calendar is available, designed to connect entrepreneurs with local opportunities. Shared via link or QR code, this resource provides complimentary access to a curated list of regional entrepreneurship events fostering networking and professional development."
1832,Breakfast with hot drink at Anne Max Haarlem,"The early morning is a soothing moment at Anne Max. Waking up, enjoying a good breakfast and warming up with a cup of coffee. We would like to invite you for a breakfast bowl and hot drink of your choice at Anne Max Haarlem. Via the chat we are happy to make an appointment with you so that we can keep a table free for you"
2541,Lunch or dinner for,"We would like to invite you for a lunch or dinner for two at Restaurant Di Bruno in Amsterdam. In return, we ask that you share a nice reel and some stories on your Instagram account What you get Lunch to dinner dishes per person drink of choice per person Dinner A delicious course menu per person drink of choice per person"
3331,Beard care gift set for boyfriend,"We are giving away the Maestro's beard kit Pro in exchange for a video. In this video we want a woman to promote it as a gift for her boyfriend. The idea is that with this, he becomes very sexy and attractive for his woman."
3706,High Cocktail at Boris.,Come and enjoy a high cocktail at Boris A pleasant afternoon full of cocktails and delicious snacks What’s included cocktails p p rounds with delicious hot and cold snacks For this deal you can bring your favourite one.
3211,Permanent eyebrow makeup Pixel Brows,"Beautiful natural eyebrows that you don’t have to look at. This can be achieved with the new Pmu technique, which creates soft lines for a natural end result."
2994,Free wine package from Greece delivered at home,"Have you ever tried Greek wines? Greek wines are becoming more and more popular. According to Mara Grimm, reviewer at Het Parool, Greece is even the wine country of the world. Do you agree? Taste three of our wines and share your opinion with your followers. You get three white wines: The Blender Salty Tony, fresh and aromatic; Petriessa Malagouzia, very fruity, summer in a glass; Erimitis Wit premium label complex"
3576,Cloud Calendar,"An online tool where you can create your own sequence of events, put them into a cloud calendar, share it as a calendar, and share it with your subscribers. When they click on the events, they will see all your events."
1917,High tea at Anne Max Den Bosch,Afternoon is a beautiful moment to sit quietly and enjoy yourself at Anne Max. Share all your stories with us. You are welcome for a high tea at Anne Max Den Bosch
3045,FREE GIFTCARD,Please do not apply for more than one store or date just apply for the store you can visit on the day you can visit We will give you a free giftcard at the store during your visit to spend on whatever you like from our products in return we expect a fun colorful video of our store and the items you bought
2958,Elegance Unveiled,Step into the world of GlowCity Rotterdam where beauty and luxury converge to create an experience that transcends the ordinary. We are excited to propose an exclusive partnership that celebrates the artistry of self care and the elegance of everyday luxury. Join us for a day where every treatment is an ode to sophistication. Your Curated Experience Includes one of these treatments of choice BIAB Treatments Delight in the resilience and beauty of our Builder In A Bottle designed to fortify and beautify your natural nails Gel Nails Discover the precision and lasting shine of our expertly crafted gel nails Luxe Pedicures Surrender to the indulgence of our luxe pedicures a haven of relaxation and pampering Brow Styling Transform your look with our precision brow styling custom tailored to enhance your natural elegance Exclusive Perks for You Luxury Treatments Enjoy a personalized selection of our top tier services including expert nail care and bespoke pedicures designed to pamper and polish to perfection VIP Access Get exclusive access to our latest products and treatments before they launch Feature on Our Platforms Shine across our social media and website as a featured influencer reaching an audience that values elegance and sophistication as much as you do
3096,"Get free earrings, the new trend","VELALUZ is looking for creative influencers who love atmosphere, sustainability and originality. Our innovative bead candles and scented oils offer endless possibilities to make your interior extra cozy. With our product you create your own candle, adjust the fragrance when you want it and enjoy it again and again. We would like to introduce you to our unique concept and start an inspiring collaboration together. Share your experience, show how easy and fun it is to make your own candle and let your followers fall in love with the magic of VELALUZ"
3707,Special beer evening,A night of special beers with your best friends Who doesn't want that? Come and enjoy delicious specialty beers and some tasty snacks. The specialty beer evening starts at
2596,Play drinking games with your friends. Play a legendary board game and get paid.,"We from www avondmakers nl are experts in organizing fun evenings with your friends. Because we want to share this with as many people as possible, we are looking for talented creators who can make content for our new game Horse Race. Horse Race is a guarantee for spectacle and nobody is safe. Do you have something like that within yourself? I don’t like horses at all. Neither do we. But we do love alcohol and drinking with your friends. Let yourself be carried away by the versatility of the most fun party game of this moment. A drinking game has never been so exciting. Make sure your content is well viewed and rewarded: k views euro, k views euro, k views euro, k views euro, k views euro. Your content is nice but it’s not being well viewed. No problem. We use Spark Ads with fun videos so that you can generate tons of views even days after posting your video."
1777,Healthy Gingershots with a real kick,ginger shots a ml
2543,Post-traumatic Growth Stronger through adversity eLearning,"Everyone knows PTSD, but almost nobody knows the PostTraumatic Growth philosophy. Traumatic events can seriously affect your life. Whether it's getting sick, experiencing a burnout or depression, witnessing an accident, going through a divorce, losing a job, losing prospects in a job or other misfortune. It is often very intense and significant. But difficult times or misfortunes can also completely transform your life trajectory in a positive way. This is called PostTraumatic Growth in science. Mental disability is traditionally seen as a problem that needs to be solved or treated. However, this approach does not always have the desired effect. Another approach based on the concept of PostTraumatic Growth PTG can offer new insights. PTG offers a hopeful perspective that can lead to sustainable solutions and personal growth. And we want everyone to benefit from it. With this deal, you get access to our e-learning and we would like you to write something about it on your social media Tiktok and Instagram. It concerns this e-learning https://www.etemergo.nl/e-learning/posttraumatische-groei-sterker-door-ellende"
2542,Post-traumatic Growth Stronger through Suffering records growth,"Everyone knows PTSD, but almost nobody knows the Post-Traumatic Growth (PTG) philosophy. Traumatic events can seriously affect your life. Whether it is getting sick, experiencing a burnout or depression, witnessing an accident, going through a divorce, losing a job, losing prospects in a job or other misfortune. It is often very intense and profound. However, difficult times or misery can also completely transform your life trajectory in a positive way. This is called Post-Traumatic Growth (PTG) in science. Traditionally, psychological absenteeism is seen as a problem that needs to be solved or treated. However, this approach does not always have the desired effect. Another approach based on the concept of PTG can offer new insights. PTG offers a hopeful perspective that can lead to sustainable solutions and personal growth. And we want everyone to have it. With this deal you get our books, two of which were number one management book for two weeks and we would like you to write something about them on your socials Tiktok and or Instagram"
3332,Reasons for switching to Blokzeep,Influencer gives good reasons for switching to BlokZeep will send body wash and shampoo blok
1651,Join Doika's Exclusive Program Earn with High-Quality Garden Products,"Part of the exclusive Doika influencer Program Join if you are a content creator blogger or owner of a platform that focuses on gardening design and quality products Join the program from Doika and earn commissions by promoting our exclusive garden products Why Doika At Doika we are known for our high-quality garden products, from corten steel planters to beautiful bronze sculptures and functional wooden storage units Our customers appreciate the quality, durability and sleek design of our products which is why they come back to us time after time With an average order value of up to our program offers you the chance to earn high commissions What we offer Attractive commissions Profit from high order values with a commission on every successful sale Exclusive products Our products stand out from the crowd, giving your audience unique high-quality garden solutions Support materials We provide you with promotional material and product information to support and make your campaigns succeed For whom is this interesting Bloggers and influencers who focus on gardening, outdoor living and design Websites and platforms with a focus on sustainable living and stylish outdoor spaces Anyone who has a passionate audience looking for high-quality garden products Join Doika s Program today and start earning Join us and discover how you can grow together while offering your audience something special"
2544,Its Tubble Time Get to know the inflatable bathtub,In exchange for some of our products we are looking to have UGC made which we can reshare and repost on our own channels We want to showcase our innovative products and their many advantages We have seen our baths used in so many ways they are used for a relaxing evening at home to help with a condition to bathe children or pets for recovery after exercise or even for date night
2920,Baby rompers,We are looking for enthusiastic influencers with many followers among young parents or grandparents to promote our collection of baby rompers
2996,Sleep Comfy Ergofoam Travel Pillow.,Experience ultimate comfort on the go with the Sleep Comfy ErgoTravel Travel Pillow With its ergonomic design soft fabric and lightweight portability it s the perfect travel companion for any journey Productlink https sleepcomfy nl reiskussen nekkussen Kleur Zwart
2919,Cuddling with your favorite pet.,We are looking for pet lovers who can promote our mugs with animal images. We could work with a discount code. It is our first action so we are curious about your creative input. Take a look in our webshop to see which mugs best fit your target group www animalprints nl
3577,Sustainable soy wax decorative candles.,"We are New Default, a sustainable brand that produces luxury soy wax scented candles and decorative candles. Our candles are not only stylish and atmospheric but also natural and environmentally friendly. We are looking for influencers and content creators who want to help us bring our candles to the attention of a wider audience What we offer A gift card that allows you to order candles of your choice, decorative or DIY KIT A personal discount code for your followers so you can give them exclusive discounts A collaboration in which you get creative freedom to make unique content The chance to work with a sustainable and innovative brand"
240,Free sandwich and coffee,"We offer avocado on toast for vegetarians, as well as an avocado and bacon toastie, among many other delicious Italian sandwiches."
385,Frozen River One Free Bubble Tea from our menu,Delight in a spectrum of refreshing Bubble Tea creations From classic flavours to inventive blends our menu is a celebration of taste and texture Dive into the world of delightful bubbles bursting with flavour and fun Sip savour and discover your favourite today.
1634,Boost Your Workout Personal Training Infrared Sauna Ice Bath,"We offer a free personal training session at our location in Rievierenwijk Utrecht. This location is truly unique, as our gym was built inside a church. Relax after your group class in the sauna or dare to take a refreshing dip in the ice bath. Discover the power of dedication with COMMIT Personal Training. Whether you are a beginner or an athlete, we are your partner for sustainable change."
2284,Get a free lamp,Light up any space with our mimi lamp. It comes with chalk markers so that you can decorate. We will include one for your followers and a few extra goodies.
2013,Free dinner at Spices,"Spices is an Indian restaurant located in the heart of Rotterdam, bringing the vibrant and diverse flavors of India to the Netherlands. Our dishes are inspired by traditional Indian recipes. Every plate is carefully prepared with authentic spices creating a true celebration of Indian cuisine in a modern welcoming atmosphere. As part of this collaboration, we invite you to enjoy a unique dining experience at Spices. Here’s what we offer in exchange for sharing your experience: Stories Package Post stories on TikTok Instragram along with a review on Google TripAdvisor free dinner up to Carousel Package Post an carousel along with stories and review on TripAdvisor and Google free dinner up to Reel Package Create an Instagram Reel or TikTok video in addition to stories and reviews on TripAdvisor and Google free dinner up to. The rate only applies to reservations for 2 or more people. This is a barter arrangement: your honest creative content in exchange for a memorable Indian dining experience."
1076,Walk through the experience of De Holy Moly Trip,"Holy Moly has a new walk through experience, the Holy Moly Trip. You go through strange rooms accompanied by an exciting story about Holy Moly. You can come to lunch with people after the trip. After the trip you can choose a drink, beer, soda or wine"
3379,Get a Free Expedition Wallet today!,Vylento is looking for new content creators Join our growing brand and receive the Expedition Wallet t w v already sold out and very popular Available in stylish colors Let us know if you are interested
3578,Unboxing video,We would love for you to post a video on TikTok where you unbox one of our scented wish candles. You can personalize the text on the candle as you like.
3213,PIECES OF HIGH CORRECTIVE UNDERWEAR FROM OUR BESTSELLING LINE HIGHFITPRO,"Get pieces in all colours of the Highfitpro. Currently our bestseller in the high corrective underwear category. In return, we would like to receive an unboxing video in which you show the product properly."
1631,Boxing workout with recovery infrared sauna and ice bath.,"We offer a free Boxfit class at our location in the Rievierenwijk Utrecht. This location is really unique, because our gym is built in a church. Relax after your group lesson in the sauna or do you dare to take a refreshing dip in the ice bath? Boxfit is an energetic and dynamic group fitness class that is inspired by the principles and techniques of boxing. This lesson combines elements of cardio strength training and boxing techniques in an intensive workout designed to improve condition, build strength and burn calories. Participants in a Boxfit class can expect to throw punches, kicks and combinations, often in the form of shadowboxing or with boxing bags while also working with trampolines, medicine balls and other fitness equipment for a full body workout"
2055,FEBO Biscoff Paid collaboration,"We are looking for enthusiastic Content Creators to make a tasty UGC video of our latest exclusive treat, the IJs co with the irresistible Biscoff Speculoos flavour now available at all FEBO locations Share your cold crunchy and sweet experience with your followers Compensation for your time and creativity Additional compensation if we want to use the video ourselves"
237,"Free haircut with me, Albert.","Get a stylish haircut from an expert barber. Professional wash, cut, blow dry. Beard trimming, shape-up and hot towel treatment can be included. Full service. Worth Products American Crew."
3214,Hair tutorial,"I am looking for someone who can create fashionable content for Instagram TikTok and or Youtube. I would like to receive unboxing video and photo or video in which the item is worn as a hair tutorial. If you share this content, please use emiliecollection. You are giving us permission to share your created content on our website sales channels and social media"
3242,Ready To Blend Protein Smoothies targeted at cafes,You will receive three Ready To Blend Smoothies worth EUR when served in a cafe. In return we are looking for Amsterdam based influencers to post a video or reel of them trying our range of Ready To Blend Protein Smoothies where you tag our instagram a cafe based in Amsterdam where you think this product could fit well Exact content can be at your discretion but suggestions include tastings recipe creations with the smoothie e g breakfast bowl
2998,Sleep Comfy Woolen Duvet,Discover the Wool Duvet Year Round This natural and breathable duvet provides ultimate comfort and warmth for all seasons Perfect for staying warm without overheating Productlink https sleepcomfy nl wollen dekbed het hele jaar Choose your size x cm
2921,Project VetFit,"Are you passionate about health and fitness and helping others to achieve their goals? Then this is your chance to partner with us as an affiliate for a nice fee. What is Project VetFit At Project VetFit we help people to lose at least kg in weeks through a proven sustainable approach. We believe in a healthy, achievable lifestyle where we provide participants with the right guidance, nutrition tips and training schedules to achieve their goals and you can contribute to this"
2999,Sleep Comfy Dons Series duvet.,Discover the Dons Series Duvet With a light breathable structure and soft down filling this duvet offers ultimate comfort and warmth without feeling too heavy Perfect for a great night s sleep Productlink https sleepcomfy nl dons series sleep comfy Choose your size x cm
3215,Poncho.,"I am looking for someone who can create fashionable content for Instagram TikTok and or Youtube. I would like to receive unboxing video and photo or video of the item being worn. If you share this content, please use emiliecollection. You are giving us permission to share your created content on our website sales channels and social media"
2545,Bon Babef Body Butter,Show your followers best body cream silky Double Cream with delicious vanilla ice cream smell This is what is needed from you We send you the product you make a content with the body butter showing how you apply it Focus on texture description of smell emotions naturalness Make a post reels share in stories This is what you get On top of body butter you can choose any products you like in our online store for free Deadline You have days from the moment you receive the product to create and post your reel
2922,Fashion Influencers Wanted,We are looking for fashion influencers to promote our beautiful vegan leather handbags At Bond Mason we stand for sustainable fashion while still giving you an amazing handbag with great quality
3421,High-end cryolipolysis treatment,"Dear influencer, this is your chance for the ultimate sculpted body. Have you always wanted to know what it feels like to experience a Cryolipolyse treatment? Now is the time to pamper yourself and shine on your socials. We offer you the chance to experience free Cryolipolyse, the trend for fat loss without drastic interventions. Whether you want to tackle your belly, thighs or love handles, our treatment is the way to improve your contours without needing an operation. And the best part: You can share this experience completely with your followers. What can you expect from us? Free Cryolipolyse treatment for a region of your choice (e.g., belly, upper arms or thighs). Professional guidance by our expert team that will pamper you completely. A relaxing and luxurious experience where you can fully surrender to the treatment. Snacks and drinks to let you enjoy every minute. What we ask from you: Share your experience on Instagram, TikTok or other platforms with an authentic review including photos and videos. Tag our spa and use specific hashtags such as CryolipolyseExperience FatBurningInStyle. Share your journey to the results so that your followers can follow the process. Our Cryolipolyse treatment is a top choice for anyone who wants to improve their body contours in a non-invasive way. So, are you ready to strengthen your contours and share your unique experience with your followers? This is your chance. Let's make it happen! Claim your free treatment and work together with us for a fresh self-confident appearance and content that your followers will admire. Contact us quickly to discuss the details and schedule your appointment for ultimate indulgence"
3333,Opening of the Lodge at the Lake Shoot,"De Lodge at the Lake is opening with Dekker Zoetermeer Step into an oasis of Ibiza vibes and enjoy our brand new menu and entertainment In preparation for our official opening in April, we are organizing an exclusive shoot and looking for enthusiastic influencers. Would you like to be present, create content and share a story to increase the buzz? Then we would love to have you! If the collaboration is mutually beneficial, then you can participate in our Barterdeal in April when we will open grandly together with our suppliers This promises to be an unforgettable party. Do you want to be there? Sign up quickly"
3579,UGC Wondr Care,"We want engaging, authentic and fun content that showcases our WONDR bars in a way that feels natural and relatable. Your content should seamlessly integrate into your usual style while highlighting the unique benefits of our products."
2546,Natural Shower Gels by Bon Babef,"Show your followers absolutely unique delicious shower gels. They look like lemonades, they smell like perfume. They don’t contain any sulfates, they are natural and in a fully recyclable glass bottle. This is what you need from us. We send you shower gels of your choice: Orange Bergamot Chocolate or Mango. You can take a look at our online store. You make a content with the focus on texture, description of smell, emotions, naturalness and recyclable bottle. Make a post, reel, share in stories. This is what you get. On top of gels, you can choose any products you like in our online store for free."
3216,Skin scan including facial treatment minutes,"Influencers wanted Free facial skin scan treatment in exchange for promotion Are you a beauty skincare influencer and do you want to exclusively get acquainted with a personalized treatment plan We are looking for enthusiastic influencers who want to share their experience What you will receive A comprehensive skin scan A luxurious facial treatment of minutes A personalized treatment plan for your skin that we ask you to promote for our Cleyo Skin Experts locations that offer customized treatments including products and the skin scan Why we can measure everything, of course you do not get the entire plan but only the 5 minute facial treatment What we ask You share your experience via a post reel or story and inspire your followers with radiant results Do you want a glowing skin and an exclusive collaboration? Then respond now SkincareInfluencer GratisGezichtsbehandeling Huidscan BeautyCollab StralendeHuid CleyoBeauty"
3346,Get a slow feeder for your horse,"Horse lovers with a passion for content creation, pay attention We are looking for creators who want to test our slowfeeders and show how they contribute to the well-being of your horse With a slowfeeder, your horse can eat more calmly and graze all day long What we ask is vertical videos of seconds in which you show the benefits of the slowfeeder Share your experience on Instagram by tagging our account TikTok post in which you mention the Nettenshop website What do you get A free slowfeeder in exchange for your creative content We also have permission to use your content for our advertisements Read the terms and conditions carefully so that we can make a success of it together Want to know more about Nettenshop? Check out our website www nettenshop nl"
3100,Super cool Pieter post Valentine's Day package for you and a package for someone of your choice,"You get the super fun Pieperpost Valentine’s package with a potato with a handwritten message and all kinds of extra goodies. In addition, you can choose someone else who also gets the package from us. So if you want to surprise someone with a super fun Pieperpost package, this deal is for you"
3580,SneakAIR Unboxing Revealing the Ultimate Comfort,"Experience high level of comfort Enjoy a free pair of SneakAIR and pick up your brand new SneakAIR orthopedic shoes From stylish design to superior support, get ready to step into comfort like never before."
3335,Giant Arcade Games in Utrecht,ONLY UNTIL MARCH THE TH Ready to level up your content Karma Kebab x Games XL brings you the world's biggest Arcade hall and you can be a part of it Play giant games like XL Duckhunt be the Pac Man or challenge your crew in epic live action challenges What do you get For individuals Free access to the Giant Arcade Games Loyalty card for games The iconic Karma Kebab in a sesame seed pita or on the loaded fries and drink ps we are friendly to vegans
1539,Tippland Promotion FOR GERMAN INFLUENCERS,Promote Tippland de on your Insta Youtube channel e g by doing a review or a general test of the website and the service Depending of the number of the potential reach of the promo you can earn the following K views in a week K K views in a week K K views in a week K K views in a week K K views in a week K K views in a week k K views in a week K views in a week Get in touch to discuss in detail
2923,GiiKER Super Ludo Free Game worth EUR10.99 Not to be Missed Variant,New Family board game from the brand GiiKER GiiKER Super Ludo Similar to Mens Erger Je Niet but a more advanced version Free in exchange for a promotional video
3001,Play GlowGolf glow in the dark mini golf in Schiedam,GlowGolf has the nicest glow in the dark miniature golf course of Schiedam You play GlowGolf in a fantasy world full with life-sized D dragons and other creatures Come along with your friends to hit a ball The deal round GlowGolf maximum persons Value of the deal Reservation via glowgolf nl schiedam with remark code ggsch barterdeal
3218,Food program for orphaned children in Marakwet East Kenya,"We are a non-profit organization with projects in Marakwet East Kenya. We support orphaned children by providing for their day to day school needs as well as food items. We also support widows who lost their husbands during cattle rustling incidents with neighboring countries. Our aim is to raise public awareness about the problems that the Marakwet children are facing. They are traumatized and do not have access to education due to constant harassment by bandits stealing livestock. Sometimes, children go without food and water for many days."
3581,SneakAIR A real test for all-day comfort,"Try them out! Incorporate SneakAIR Orthopedic Shoes into your daily routine. Whether you are walking, working or on the go, share your honest experience"
3709,SPRING TIKTOK VIDEO EURO AND DRINKS,"Mojo Maté is this week in Bonus at Albert Heijn. We are looking for videos with lively music on it At the Albert Heijn while buying our drinks. As always, our videos are all about good vibes, good feelings and smiles. We can discuss music in the chat"
3217,Cycling plate for dynamic indoor cycling as if you are cycling outside,"For this deal, I offer a free rocker plate for any of our models offered on our website."
3336,Padel Pizza.,"Padel Pizza Favourite at Dekker Zoetermeer First play some padel, then enjoy a delicious pizza. It can’t get any better. Invite three friends and play together on the court after which you can immediately sit down at Sweet Lake Italy all under one roof Sport, fun and good food. Who are you taking with you?"
701,Climb Walls Play in,Access to our Climb Walls for an hour for people in exchange for a Tiktok video Please share your experience from start to finish Time is negotiable The deal will be booked based on availability and negotiated through the chat
3418,FREE buckwheat pillow test review our sustainable and responsible pillow,"We offer our Buckwheat Pillow in exchange for visibility on your channel What you get A buckwheat pillow in the size fitting to your height and weight A matching satin pillowcase The chance to collaborate with a sustainable and responsible brand Do you want to take up this barter deal? Then click Get this Barter deal and let’s work together What makes a Buckwheat Pillow good for your sleep and health Relaxes the muscles in your back, shoulders and neck so that you wake up feeling rested Optimal air circulation for cooling Naturally anti-allergic bacteria and fungus resistant Made of organic raw materials Customized size for ideal distribution Adjustable to your wish"
1259,Free pizza dinner for,Get a free pizza dinner at La Base Pizza for two people. Dinner includes one free pizza dessert per person and two drinks per person. We hope to see you soon!
3102,Wine Moment Which wine suits your perfect moment,"Wine Moment Which wine suits your perfect moment Some wines are perfect for a special moment Think of an evening spent on the couch, a cozy drink with friends or a delicious dinner At Grape N Green we believe that the right wine completes the moment Do you want to take your followers along in your favorite wine moment Then this collaboration is something for you The deal You receive one bottle of wine tailored to the moment you want to highlight You can choose whether you let yourself be surprised Optionally, you will get an exclusive discount code to share with your followers What do we expect from you Minimum post or Reel Story in which you share the wine and the moment Tell why this wine suits the moment so well and share your taste experience Mention Grape N Green and refer to our webshop Authentic visually appealing content that matches your style and Grape N Green Cremants are excluded from the deal"
2547,Free sports equipment for you!,"Get a complete sports set. This can consist of a training pants, shirt and hoodie for men. For women it can be a sports legging or tracksuit pants, shirt or croptop and a hoodie. We would like to receive in return a video reel for our own use and a post on Instagram where we are tagged."
3337,Promoting Sosurwo Projects,Sosurwo Fund has projects in the Marakwet East Subcounty Many children go hungry and do not attend school due to a lack of food and school materials After school there are no jobs and they turn to cattle rustling which is not good
3582,SneakAIR Challenge Feel the difference.,"How are your old shoes? Try SneakAIR with your regular shoes. Let us show the difference in comfort, support and style"
3710,Stronger Gum Transformation,Stronger Gum is the hardest and most functional chewing gum in the world and has transformed people’s faces. People who are accepted get all the free Stronger Gum they need. More information can be found at strongergum com
2924,Feel fitter with SÛN probiotics.,"SUN is liquid probiotics from Friesland. Due to the millions of microorganisms, SUN is a very pure product. The intestinal flora is brought back into balance by complaints and diseases that arise from the intestines. We ask you to use SUN for at least weeks. We will send you as many bottles as possible. For this we ask you to make a video about how SUN tastes and what effect it has on you. Mention SUN in at least one post"
3422,Become a BoenPrincess of Cosmeau for free and receive sustainable cleaning products in Haarlem,"Cosmeau is looking for video creators who love cleaning and want to create weekly short-form content about cleaning tips, unboxings and product demonstrations."
2548,"Tiles to decorate, paint or draw on",We are sending free stickers that you can decorate with glitter or paint. Inspiration theme CHRISTMAS Example content https v m tiktok com ZNe s wLR
3103,Culturich T-shirt worth,"We are Culturich Clothes, a brand that represents the World. We don’t just sell t-shirts; we tell stories. Each design reflects details of a country and connects people worldwide to their roots through a shared appreciation for diversity and creativity. For this deal, we need you to make a video where you are wearing a shirt from The Netherlands. In the video, you can show how you can wear traditional clothes but also create a modern outfit. We want to ask you to use your creativity in this video. We offer you a free t-shirt of The Netherlands. We also have more countries on our website for this deal. Are you suitable for this deal? Then we would like to get in touch with you."
3220,Influencers wanted for promotion of online exam training.,We are looking for new TikTok influencers to promote MyTutor for the centraal exam.
3713,Natural wines.,Get a package of the best natural wines Share your experience with your followers and introduce them to pure organic wines Perfect for lovers of special wines
3711,Free Poke Bowl with a drink of your choice for you and your friend.,Choice of Poke Bowl per person drink to choice See website for menu
1623,Car Window Tinting Solarplexius,"Are you an influencer looking to partner with Solarplexius? We've got the perfect opportunity for you! We will provide you with a discount code for off and you can claim your free complete set of car window tinting on our website https://solarplexius.co.uk/ Our sun protection shields your passengers from harmful UV A and UV B rays, making the ride more comfortable for both children and pets Plus it reduces heat and enhances privacy in your vehicle making your travels more enjoyable"
1684,New Car Tint Your Own Windows With Solarplexus,"Are you an influencer looking to partner with Solarplexius? We've got the perfect opportunity for you! We will provide you with a discount code for off and you can claim your free complete set of car window tinting on our website https://solarplexius.co.uk/ Our sun protection shields your passengers from harmful UV A and UV B rays, making the ride more comfortable for both children and pets Plus it reduces heat and enhances privacy in your vehicle making your travels more enjoyable"
1683,Need Your Windows Tinted? Solarplexus Brings the Shop to Your Garage.,"Are you an influencer looking to partner with Solarplexius? We've got the perfect opportunity for you! We will provide you with a discount code for off and you can claim your free complete set of car window tinting on our website https://solarplexius.co.uk/ Our sun protection shields your passengers from harmful UV A and UV B rays, making the ride more comfortable for both children and pets Plus it reduces heat and enhances privacy in your vehicle making your travels more enjoyable"
2398,Promote our party collection,"Showcase our party collection and keep a party outfit, you choose which party collection you order from our site. We send it to you for free. You take pictures of the outfits that fit. Post these moving images as video on your post and story tagging us with it. You also deliver the content so we can use it too. Keep the outfit and return the rest with a prepaid return label. Taking pictures and shooting videos is also allowed in our clothing store in Bruges"
2842,Brut Wine Tour and Golf Cart,"Introduction to local wine culture, fun vineyards, landscape, castles and tastings. Starts until ca"
3584,Karma Kebab Amsterdam,Come and taste the iconic pita Karma Kebab Born on festival grounds and now served in Amsterdam next to Leidseplein Deal for persons A sourdough pita Karma Kebab or loaded fries with Karma Kebab a soft drink of choice
3104,Home Living Creator wanted Handmade accessories,Are you a content creator interior stylist entrepreneur or store that believes in functional sustainable and stylish products? At COHOSO we offer handmade Dutch quality products in exchange for authentic collaborations. What do you get? Luxury ergonomic neck pillow value Reduces neck and back complaints ideal for homeworkers on the couch or a relaxation chair Handmade and Dutch product Many more possibilities for collaboration are negotiable
3002,GLAMfibers volumizing mascara.,Demonstrate how the GLAMfibers volumizes and lengthens your mascara instantly. Can be used with any fresh mascara and remover with any makeup remover
2375,Knee brace set for sports creators,"Do you have a passion for running cycling or triathlon? Perfect, we are looking for you! Vitalicsport.com is a sports brand aimed at endurance athletes to help them become and stay injury-free. For our content marketing, we are therefore looking for enthusiastic and sporty creators. Currently, we are specifically looking for collaboration linked to our Knee Brace Set. The videos do not have to be standard advertisements. We actually prefer it when you use our products to share valuable tips such as tips on how to effectively use a foam roller or the most effective exercises with a fitness elastic There are few restrictions on the type of video that you make, so let your creativity run free. In addition, you can also give a discount code to your followers in percent so that the collaboration also benefits your followers"
2549,"Fitness influencers wanted, show your workouts in our outfits.","Discover the unique combination of strength and fashion with Defeat Your Demons. Our brand was born from a passion for empowering people while elevating their style at the same time. We believe that fashion is more than just clothing, it's an expression of your inner strength and self-confidence. At Defeat Your Demons we combine powerful messages of self-empowerment with trendy designs. Our collection includes both inspirational textual designs as well as our iconic Hero designs perfect for anyone who wants to feel strong and stylish on and off the sports field. We are looking for male and female influencers who share this vision with us and want to help spread it. As our ambassador, you will receive exclusive pieces from our collection in exchange for engaging posts, reels, and stories on your social media. Share your experience with Defeat Your Demons and inspire your followers to stand up in their strength as well with our fashionable and empowering outfits. Become part of our movement and show the world how fashion and empowerment go hand in hand."
2373,Fitness tape for sports TikTok creators,"Do you have a passion for running cycling or triathlon? Perfect, we are looking for you. Vitalicsport com is a sports brand aimed at duursportatleten to help them become and stay free of injuries. For our content marketing, we are therefore looking for enthusiastic and sporty creators. Currently, we are specifically looking for collaboration linked to our Fitness tape set. The videos do not have to be standard advertisements. We actually prefer it when you use our products to share valuable tips such as tips on how to effectively use a foam roller or the most effective exercises with a fitness elastic band. There are few restrictions on the type of video that you make, so let your creativity run free. In addition, you can also give a discount code to your followers in percent so that the collaboration also benefits your followers."
2928,Easyplay S free pocket-sized music keyboard €1,"EASYPLAY Complete Package The EasyPlay is a music keyboard in pocket format that allows you to enjoy and get inspired by music anytime, anywhere. In exchange for a promotional video, you receive this one free worth EUR"
3712,Free Poke Bowl with a drink of your choice for you and your friend.,Choice of Poke Bowl per person drink to choice See website for menu
2117,Custom mat,We offer the service of creating custom rugs. This allows you to be creative and add a piece to your home that fits you perfectly. We want to promote this process so we are looking for creators with a creative idea for a custom rug and content. The rug you create is yours to keep and worth
236,TRIPTYCH TWO CHAIRS AND A TABLE,Early s Old repair in leg of chair with Bow Back Both chairs have traditional scooped seats and have the irregularities of furniture made with hand tools typical of Irish Cottage Furniture also known as primitive or folk furniture The table legs have been spliced an old repair that is visible through the paintwork Worth this offer is for a discount
1085,Facial treatment minutes.,"Relaxing facial treatment of minutes with natural WELEDA products. We pamper you and after that, you leave the door with a radiant skin"
1400,Share your Funky Falcon moment,"We are Two Chefs Brewing, an Amsterdam craft beer brewery. You might know us from the Funky Falcon Green Bullet or White Mamba which can be found in almost all of Holland’s horeca and supermarkets. This summer we are looking for creative creators with a passion for refreshing beers who want to capture their unique Funky Falcon moment. With us, everything revolves around creating special flavours and getting the most out of life. Do you have a cool idea for a Funky Falcon post that can increase our reach? Sign up and show us how you fit in with the Funky Falcon lifestyle"
1123,Sunday Brunch for two at Le Pain Quotidien Spuistraat,"Brunch for two, including a juice and hot drink"
3328,FREE LION VIBE Hoodie from Vibecreation nl,"Vibecreation VIBE isn't just a brand, it's an experience. Founded by a Molecular Scientist alongside two visionary Architects as Creative Directors we blend science and design to create something truly unique. Right now we are offering exclusive promotional opportunities; select partners will receive free items in exchange for strategic exposure. If you see the potential in collaborating with an innovative, boundary-pushing brand let's talk"
2364,Discover the magic of washable patches.,"Hey there! Do you want to try a sustainable and comfortable alternative for disposable sanitary pads? Then we have something special for you. We at Fancy Sew are super excited about our washable sanitary pads and we want you to try them too. Our products are not only good for your skin but also for the planet And the best of all They come in the cutest, happiest prints that brighten up your day"
3573,PowerBuff Girls Naudiz Gym Shirt Launch,"Naudiz is a newly launched brand built for and by athletes. We are looking for driven fitness and strength training influencers who want to grow with us. This is your chance not only to receive free products but also to earn directly with every sale you generate. What we offer: Free shirts in colors of your choice Discount code for your followers Monthly payment Increasing commission per sale Tredesystem The more you sell, the more you earn shirts per shirt shirts per shirt shirts per shirt shirts per shirt Chance on a long-term collaboration We are looking for serious athletes and content creators who want to use their reach and grow with Naudiz. Not only will we regularly launch new shirts, but also sports equipment. Join us and turn your passion into a source of income"
3714,Test our dog supplements worth euro,You are getting free dog supplements worth euro in exchange for a short video clip in which you describe the positive impact this supplement had on your dog’s health
2551,Stronger than ever Free Krav Maga training at Curzo in exchange for your content,"Stand up for yourself with Curzo Krav Maga Free self-defense training clothing and protection for male and female influencers About Curzo Curzo has been offering more than a year of effective Krav Maga self-defense training and powerful mindset coaching for young and old Our biggest goal To put you in your strength as soon as possible when dealing with violence or dominant behavior Whether it's about attacks and threats without weapons Defending against weapons such as knives, sticks or guns Strangulation lying attacks and even Multiple attackers at once plus much more What we have an answer for regarding self-defense and we are happy to teach you Who are we We are looking for male and female influencers between the age of 18 and 35 who like making social media and/or YouTube content about our lessons and about our internationally recognized Krav Maga expert owner Ryan Sibelo What do you get in exchange for your content Free Krav Maga training for or even months for yourself and a friend Free sports clothing and protective materials Free private lesson A unique experience learn to defend yourself and stand stronger in life Interested Reply now on this deal and discover what it means to really stand up for yourself KravMaga Self-defense InfluencerDeal TrainFree StandUpInYourStrength CurzoKravMaga"
1636,Resistance bands set for Fitness TikTok Creators,"Do you have a passion for running cycling or triathlon? Perfect, we are looking for you. Vitalicsport com is a sports brand aimed at endurance athletes to help them become and stay free of injuries. For our content marketing, we are therefore looking for enthusiastic and sporty creators. Currently, we are specifically looking for collaboration linked to our resistance band set. The videos do not have to be standard advertisements. We prefer it when you use our products to share valuable tips such as how to effectively use a foam roller or the most effective exercises with a fitness elastic There are few restrictions on the type of video that you make, so let your creativity run free. In addition, you can also give a discount code to your followers in percent so that the collaboration also benefits your followers"
3338,All in Korting,"Dear Content Creator, We are excited to inform you about our latest hosting offers that you can promote to your audience. These packages have been designed to meet the different needs of small businesses and larger enterprises Affiliate Benefit If you promote these packages, you will receive an affiliate link with which you earn commission on every sale generated through your link All in Business Package month for the first months WordPress Websites Perfect for multiple projects Free SSL certificate Increases security Domain with unlimited subdomains Ideal for brand growth Mailboxes Professional email services Daily backups For data protection Unlimited bandwidth For optimal performance Priority Support Always support Databases and GB webspace Space and power for growth All in Webshop Package month for the first months WordPress Website Suitable for starting webshops Free SSL certificate For safe transactions Domain with unlimited subdomains Flexibility for expansions Mailboxes For business communication Daily backups Security for your data Unlimited bandwidth For a smooth shopping experience GB webspace Space for your products All in Webshop Package month for the first months WordPress Website Suitable for established stores Free SSL certificate For customer trust Domain with unlimited subdomains For growth and diversification Mailboxes For team communication Daily backups Carefree business Unlimited bandwidth For busy times GB webspace Space for your full catalog We hope that you can share these great deals with your audience and inspire them to start their online journey with us. The discount code will be automatically added Thank you for your collaboration and effort"
2550,Stronger than ever Free Krav Maga training at Curzo in exchange for your content,"Stand up for yourself with Curzo Krav Maga Free self-defense training clothing and protection for male and female influencers About Curzo Curzo has been offering more than a year of effective Krav Maga self-defense training and powerful mindset coaching for young and old Our biggest goal To put you in your strength as soon as possible when dealing with violence or dominant behavior Whether it's about attacks and threats without weapons Defending against weapons such as knives, sticks or guns Strangulation lying attacks and even Multiple attackers at once plus much more What we have an answer for regarding self-defense and we are happy to teach you Who are we We are looking for male and female influencers between the age of 18 and 35 who like making social media and/or YouTube content about our lessons and about our internationally recognized Krav Maga expert owner Ryan Sibelo What do you get in exchange for your content Free Krav Maga training for or even months for yourself and a friend Free sports clothing and protective materials Free private lesson A unique experience learn to defend yourself and stand stronger in life Interested Reply now on this deal and discover what it means to really stand up for yourself KravMaga Self-defense InfluencerDeal TrainFree StandUpInYourStrength CurzoKravMaga"
3585,Here comes the Easter Bunny.,Decorate one of our chalkboards for Easter We are looking to send out one of our x chalkboards and the markers to decorate it with an Easter theme
1415,A fair evening out at Loetje Amsterdam ZuidAs credit,"We are Rootzz or Nature and love good food. Our jackfruit products are the perfect meat substitute with a delicious texture. We are curious about what you think of our product at Loetje, the Patatje Rendang of Jackfruit and the Broodje Jackfruit Rendang. That is why we would like to invite you for a lovely evening This includes collaboration A dinner for two at Loetje where you can choose from delicious jackfruit dishes patatje rendang or broodje rendang of jackfruit lunch A gift card to spend at Loetje Posting an Instagram Reel or Tiktok in which you show the dish and tell about your experience Tag Loetje restaurant in the content"
3715,Test our cat food for €,Test our insect-based cat food for € and in return we expect a short (20 second) video where you share your positive experience with our product.
1696,Pillowzzz tests unique honeybee headrest for Belgian influencers,"We would like to send you our Pillowzzz Honeybee pillow that is ventilating, supportive and adjustable. In exchange we ask you to make a natural story set with your experience after using the pillow. Do you sleep better without neck complaints? What makes the pillow unique for you? Also show the inside of the pillow in terms of texture and comfort. Share our website www.pillowzzz.be with the code HELLO to get a discount. For now we only work with Belgian influencers Interested, let us know Greetings The Pillowzzz Team"
3313,Vegetable seeds package for €,We offer a vegetable seeds package with different types of vegetables and herbs From delicious cherry tomatoes and green beans to special colored beets and various herbs
1550,Jewelry webshop voucher,"Hey there! Enjoy a shopping spree at Jewellery Webshop. Use your code to pick from our stunning rings, earrings and more. Mix and match and shine! Grab your offer now."
1489,Advent calendar Christmas special beer pre-order,"Christmas is coming and this year we want to launch a mega fat and unique beer advent calendar. Every day you can open a box with behind it a mega unique beer from the best breweries all over the world. We would like to ask you to promote this pre-order and later full order. The real product is not finished yet, so we cannot send it out yet. However, we can send you a teaser and our subscription so that you have something to post. The box will be somewhere in between EUR with EUR pre-order discount and subscribers also get a discount on the price always. So you can stimulate your followers to subscribe first and then buy the advent calendar. For both products we can give you a unique discount code. The current price and good product photo will be online soon"
171,"Vunzige Deuntjes Gasworks, Amsterdam","Free admission For more information about the event, see https://www.vunzigedeuntjes.nl/events/vunzige-deuntjes-gashouder"
3004,Promote reminder clo on Instagram,"Our brand represents the unwritten rules of life motivation and self-improvement. We are looking for fashionable influencers, both male and female. You can choose an item from our online store which we will send to your address"
3106,Pasen Tumbler.,"You get a super nice Easter tumbler from us. In addition, you can choose someone else who also gets the package from us"
3222,Escape game The Spy of Magadan,"In this puzzle adventure you will work as a real detective. You get the ultimate detective feeling. It goes even further than just solving mysteries and riddles. Eyes and ears must therefore be opened non-stop so that you can see all connections, just like real secret agents. Prepare for an adventure full of SUSPENSE ACTION VARIATION TWISTS and MYSTERIES in which you will work with VIDEO IMAGES SOUND FRAGMENTS MAPS NEWSPAPER PHOTOS CHAT CONVERSATION E MAIL SOCIAL MEDIA PROFILES LETTER STAFF LIST DOCUMENTS SEARCH ENGINES NOTES AND MORE. Both physically and digitally available at https swangate nl Direct link to the adventure https swangate nl product de spionne van magadan Digital version https swangate nl product de spionne van magadan download"
3473,Get Wokolie of your choice,"Are you a true kitchen hero who loves experimenting? Then this is your moment. Discover the power of our infused wok oil from Mr Scoville, the secret ingredient for your ultimate stir-fry dishes. Carolina Reaper Infused Wok Oil ML Jalapeno Infused Wok Oil ML Lemondrop Infused Wok Oil ML Thai Infused Wok Oil ML We are looking for short and catchy videos in which all these unique oils come into view. Show your creativity. Wok medley Prepare a tasty stir-fry dish in which you showcase all the oils, but choose one to highlight extra with a signature dish that reflects your style perfectly. First reaction video Taste and compare the explosive flavors of our oils and share your first impression. What makes your favorite oil so special? Food Challenge Challenge yourself and test the oils in a creative dish with extra focus on the oil you like best. Do you have another idea? We would love to hear it. What do you get from us? A complete set of our infused wok oils Carolina Reaper Jalapeno Lemondrop and Thai each ML to test and use in your content. Would you like to try it out? Let us know why you are the influencer for this collaboration and convince us that you are the ultimate chef who can bring Mr Scoville's infused wok oils to life"
2850,Free Crispy Chilli Oils delivered with every recipe or video,Trade in products for content Crispy Chilli oils inspired by world cuisines delivered to your door are now available at Jumbo supermarkets
3425,Bonus and Free Product,"Aloe vera drink in different flavors. The aloe drink cleanses your intestinal tract and contains all essential amino acids, vitamins and minerals. Extensive information can be sent to us. We give days not satisfied money return guarantee"
3005,Earn on sales and give your followers a discount to promote the next gen Basky bike basket,"Earn per sale and give your followers a discount to promote the next gen Basky bike bag Do you want to inspire your community with a sustainable cycling experience? With the Basky bike bag, you not only add style and convenience but also contribute to a better world. You can earn money here and make your followers happy with exclusive discounts Win-Win Why is Basky irresistible for your followers Customizable Design your own Basky Your followers can choose their color and style via our design tool on the website Multifunctional The Basky bike bag is not only an eye-catcher but also a practical shopping basket Ideal for grocery picknicks or daily life Sustainable Made in the Netherlands from recycled plastic and assembled by people with a distance to the labor market for a greener and more social future Your benefits as creator Exclusive discounts for your followers Share a personal discount link that allows your followers to save on their own Basky Earn per sale Your unique code keeps track of how many sales are linked to you Receive a FREE Basky personalized basket Use our design tool to create your own style or make advertising for yourself Make videos or posts in which you show how you use Basky from design on the website to daily routine Check out the video about The with Henk Schiffmacher to get a good impression of the Basky basket https www youtube com watch v HqAZnZ Coo"
3586,Get paid for promoting AdGreener,"Promoting the new fuel additive by using it yourself and making a positive statement about it. Also promoting our website www adgreener nl and our socials adgreener facebook instagram and tiktok you will receive free adgreener bottles from us sent and per video what is AdGreener? AdGreener is a fuel additive that ensures your car drives more economically, keeps your engine clean and prevents wear and tear. This also prevents expensive repairs due to engine malfunctions. If you go on vacation, you can take AdGreener with you. By using AdGreener, you can refuel at any gas station abroad. Saving fuel means saving money because less often you have to fill up"
2929,Loungenet at home Parents beware,"Want to turn your garden into a relaxing spot for the whole family? We are looking for creators who want to test our lounge mats and show how this product makes outdoor or indoor life more comfortable and enjoyable. What we ask for is vertical videos of seconds in which you use the lounge mat, for TikTok and Instagram story post on two different days where you tag us and share your relaxing moment. Show why lounge mats are ideal for parents with children or an addition to your garden. What you get: a free lounge mat in exchange for your content that we may also use as advertisements. Read the terms and conditions carefully so that together we can make it a success. Want to know more about Nettenshop? Check out our website www.nettenshop.nl"
3223,Cooking with unique Wagyu meat.,"We sell Wagyu beef from our own cattle online and in our physical store in Amsterdam. This is a unique meat product and we would like to bring it further under the attention of the public. In exchange for a nice and unique video, you get x Wagyu steak that you can pick up at our store in Amsterdam"
2930,Voucher on MKCMOTO NL,Respond exclusively via Barter Bikers beware Get a voucher and get ready for the motor season We would like to receive a video in which you share your ordering experience and showcase the products in use Post on your own channel and we will gladly receive the video for our own use
3006,A Travelbags The Base suitcase for your next trip,"Need a suitcase for your next trip? In exchange for a TikTok video on your account, you’ll receive a stylish Travelbags The Base suitcase in size S. What are you waiting for?"
2852,Promote Nomadz for a free workspace.,"You as a content creator also need a nice workplace. That can be at home, but a professional workplace and being among people has a big positive impact on your productivity. Therefore come to our flexible working in exchange for promoting our space. Concretely you get your own desk or office if you create weekly content for us"
3107,Tumbler.,Do you want to receive the new designs of the tumblers and make a nice unboxing video? Then respond immediately. A tumbler will also be given away by you through a winactie (Dutch for giveaway). The tumbler keeps your drinks cold for up to 12 hours or warm for up to 8 hours.
2259,THE BATTLE OF THE GOAT CHICKEN EDITION,The battle you have been waiting for so long without realizing it Chickentenders eating until you drop in just a few minutes it is a dream come true Are you there or be square THE BATTLE OF THE GOAT CHICKEN EDITION Tiendplein Rotterdam uur Subscribe at the link in bio free The Goat Merch
3225,SHORT GIRLS WANTED FOR PETITE FASHION BRAND,"KEMBAR is a new fashion brand specializing in fashionable clothing for petite women. Petite refers to women up to one meter. For our first collection of petite pants, we are looking for girls up to one meter who want to show off our unique collection. The pants are available in olive green or navy blue. These pants have straight legs and are perfect for the office but also suitable for going out, such as lunches and dinner parties. Deal: We are offering to send a pair of pants to UGC creators who are excited about our brand and can give back this energy to their audience by making an Instagram Reel or TikTok video. Content: There are different types of videos we are looking for. If you are interested, choose one of the videos that fit your style of content. For each type of content, we have provided some examples, but please feel free to put in your own creativity. Try on haul https://vm.tiktok.com/ZNeoqwJVt https://www.tiktok.com/@piastachio/video/684130597288004848?is_from_webapp=1&sender_device=pc&web_id690944930592649699"
3007,A stylish DIMAGINI Workbag for your working days,"Need a stylish work bag? In exchange for a TikTok video on your account, you'll receive a stylish DIMAGINI Work Bag. What are you waiting for?"
1158,Lunch for two,"Enjoy a lunch for two, drink a bite at HOOKED Rotterdam. On the menu salads, smoothies, sandwiches, cookies, coffee and tea. More on Monday to Friday."
3226,Cooking with Rico's Wagyu meat.,We would like to bring our own raised wagyu beef under the attention of the country. We sell this meat via ricos nl and our store in Amsterdam. We will send you a wagyu package for free in exchange for a cooking video of these steaks
2931,Voucher for MKC Moto store,"Respond exclusively via Barter Bikers, pay attention. Receive a voucher and get ready for the motor season. Make a video visiting one of the stores and shop your new gear. Post the video on your own channels and we would like to receive the video from March for our use in advertisements"
2853,Borrel at the Longhorn Bar Grill,"Come and enjoy a cozy drink at Longhorn Bar Grill after half past six. You receive one cocktail, wine or beer per person and a shared bite to share together. Take a seat at the bar and experience Texan cosiness. If you want more drinks or bites that is for your own account"
2854,Brow Lamination,Requirements for the Browlamination Barter Deal Voor de behandeling Post een story en of feed post waarin je de browlamination aankondigt Tag silkpmu en gebruik relevante hashtags SILKPMU browlamination brows wenkbrauwen huissen arnhem browbar Dag van de behandeling Deel een story op de dag zelf waarin je jouw ervaring tijdens de behandeling beschrijft Na de behandeling Post een story met het directe resultaat en jouw eerste indruk Maak een feed post over het resultaat jouw ervaring en tag silkpmu maak ons ook collaborator Resultaat delen Deel na een paar dagen een story waarin je het resultaat laat zien en vertelt hoe je het ervaart Belangrijk Zorg dat alle content professioneel is past bij jouw stijl en SILK PMU goed naar voren brengt We kijken ernaar uit om samen te werken
2909,Hug Creator Wanted,Collaborating with Peer for Growth and Impact
3008,NOCHE SOCIAL at Café Cuba,"Step into the ultimate midweek party at Cafe Cuba's Noche Social. We are inviting select influencers to enjoy worth of cocktails, food surrounded by great tunes, a buzzing atmosphere and an incredible crowd. From signature cocktails to mouthwatering bites, this is your chance to capture a night full of flavor, energy and fun. Perfect for a Wednesday night out because the weekend starts when you say it does"
1128,OMAKASE BOX,OMAKASE BOX carefully selected by the chef Seating is at the bar Message us if you wish to be seated elsewhere
2855,Sunday Funday Cocktail Pitcher Deal,Come and enjoy the Sunday Funday Cocktail Pitcher Deal at Longhorn Bar Grill Tell about the deal for only you get a delicious cocktail pitcher to share Upgrade your experience with a cocktail pitcher bite deal Perfect to end your weekend in a relaxed atmosphere Requirement for the influencer Post an atmospheric photo or video of the Sunday Funday Deal on Instagram Mention the price of the deal and tag longhornbargrill in your post Use the prescribed hashtags Share at least one story on Sunday when the deal is visible Choose locations for this Barter deal Longhorn Bar Grill With this deal you attract more people to Longhorn on a quiet Sunday while influencers have a fun experience to share with their followers
3587,Paddle Pizza Pinsa,Padel Pizza Pinsa Zin in een sportieve en smaakvolle middag Kom uur padellen voor vier personen en geniet daarna van heerlijke vers bereide slices pizza margherita salami en pinsa met zalm carpaccio Start met padel en ontspan daarna met hapjes en drankjes in het gezellige Lucky s Next Door Dit krijg je van ons uur buiten padellen Heerlijke pizza slices margherita salami en pinsa zalm carpaccio Een drankje naar keuze Voor vier personen De datum en tijden liggen vast dus reageer alleen als je er echt bij kunt zijn
2512,Promote BEÄR wooden watches for him and her,Promote BEÄR Brussels wooden watches with this exclusive influencer collaboration Receive a stylish BEÄR Brussels wooden watch value Create engaging content showcasing the watch s unique design and sustainable appeal Highlight the watch s versatility for various occasions In order to send the goods I will need address email and phone number
3009,Shapewear review,"In exchange for a free Powershaper, you get access to the Arc Power Up program for six months. We ask for a review video of before and after photos. Nice deal, isn’t it?"
3108,Special dog leash.,"for this deal I send the person concerned a free dog bed, and after good consultation I am also ridden to have your dog's name put on it"
3207,Travel lifestyle influencers for a unique opportunity,SEREGO creates high end travel essentials that combine modern functionality with a timeless design crafted from sustainable materials Luxury leather passport holders made from premium eco conscious materials built to last Elegant luggage tags durable stylish and designed for the modern traveler with unique functionality WHAT YOU GET A free personalized SEREGO product of your choice The opportunity to be one of the first creators to collaborate with us
3876,Unbox premium halal food from the Bakkali app.,Get a free halal box from Bakkali app worth your choice of premium halal meat Middle Eastern pantry items or a ready to cook recipe kit In return post a short unboxing video Reel or TikTok within days Ideal for UK based creators who align with halal values and love sharing quality food content
2933,Suprey Knee Massager,"We are Suprey. We are an innovative company that is fully dedicated to developing natural and effective solutions for pain relief, including the Knee Body Neck Foot Massager. Our goal is to free people from the physical and emotional burden of chronic pain so they can enjoy life again"
2856,Lash Lift,Requirements for the Browlamination Barter Deal Voor de behandeling Post een story en of feed post waarin je de browlamination aankondigt Tag silkpmu en gebruik relevante hashtags SILKPMU browlamination brows wenkbrauwen huissen arnhem browbar Dag van de behandeling Deel een story op de dag zelf waarin je jouw ervaring tijdens de behandeling beschrijft Na de behandeling Post een story met het directe resultaat en jouw eerste indruk Maak een feed post over het resultaat jouw ervaring en tag silkpmu maak ons ook collaborator Resultaat delen Deel na een paar dagen een story waarin je het resultaat laat zien en vertelt hoe je het ervaart Belangrijk Zorg dat alle content professioneel is past bij jouw stijl en SILK PMU goed naar voren brengt We kijken ernaar uit om samen te werken
3111,PolyPhil Philart Hairinjectables.,"Do you suffer from thinning hair or hair loss? Philart Hair offers an innovative and effective treatment to strengthen your hair. Whether you suffer from hereditary hair loss, thinning hair due to stress or a general decrease in hair density, Philart Hair can offer a solution. The treatment is suitable for both men and women who are looking for a safe and effective solution. With this advanced treatment we focus on stimulating hair growth and improving the overall health of your scalp."
3470,Restaurant Johannes dinner for,"In exchange for a TikTok and or Instagram Reel, we offer an Instagram Story and a star review on Google. We provide a set menu for two people at Eetcafé Johannes in Breda. The first two drinks per person are free (wine, beer, tea or coffee). Everything else is paid by yourself. Additionally, we have a bonus system that works as follows: views, views, views. The bonus is awarded based on the number of views you get with one post, reel or TikTok"
3010,Massage Minutes,"With this trade, you get a minute’s massage from one of our team for free. You can choose the type of massage yourself, ranging from a relaxation massage to a Hawaiian Lomi Lomi massage and deep tissue massage or many more."
576,Profhilo treatment,"Get your Profhilo Glow at AAYA. Profhilo is pure hyaluronic acid. The treatment with small injections of hyaluronic acid stimulates the skin's own production of collagen and elastin, which results in improved skin but not a changed appearance. Profhilo does not add volume to the face and is therefore not a filler, but it provides hydration, firming and a beautiful glow. Our cosmetic doctor Joost Strooker or Roos Tijs will be happy to explain everything and ensure a safe treatment. We usually do treatments with weeks in between. Are you interested? Mail us at sophie@aaya.nl"
3229,New Matcha Special,Tuesday February we are launching our new special a Matcha Cherry Latte with homemade cherry puree. Come by and be the first to try it! You will receive a Matcha Cherry Latte pastry.
1692,Catlovers Eco-friendly cat litter,"We are looking for enthusiastic content creators who want to work with us to promote Tofu Cat Litter. Do you have a passion for cats and an active online community? Then read on and find out how you can collaborate with Tofu Cat Litter and what you get in return. What does the collaboration involve As a content creator, we ask that you create content about our Tofu Cat Litter. Think of an Instagram post or Reel in which you highlight our cat litter A TikTok video in which you share your experience with Tofu Cat Litter A YouTube video in which you discuss the benefits of our cat litter What do we offer In return for your content, you will receive Free products Receive a package of Tofu Cat Litter to test and review Affiliate collaboration Get a unique discount code to share with your followers Exposure We will share your content via our official channels Instagram Facebook website and tag you, which gives you more visibility Bonus reward In the event of exceptional performance, for example if your content goes viral, we will reward you with extra products or a cash bonus"
1587,Jomafe Naturit Pan made from compressed recycled aluminum,Jomafe Naturit pans are made of pressed recycled aluminium Cook all your favourite dishes in a responsible and sustainable way Frying pan made from recycled aluminium Made of high quality materials Pan has optimal heat distribution and long life span Suitable for all heat sources
1541,Moco Museum London Paid collaboration,"We are looking for Content Creators to create a UGC video for Moco Museum London. For this video, you need to visit the museum and create content there. Compensation and guest list"
1991,Drive Go Unexpected Adventures,"Let's get lost with Drive Go! You will receive the Drive Go road trip game which includes fun assignments, directional cards and question cards. Discovering new places has never been so much fun!"
1990,Drive on an unforgettable road trip.,"Get the Drive Go card game so you can go on adventures in your car. The game contains fun challenges, turn-by-turn directions and interesting questions for the road."
1097,Indulge in a delightful dining experience in the heart of Amsterdam,Indulge in a delightful dining experience in the heart of Amsterdam with a classic Dutch meal featuring comfort food like stamppot and stoofvlees Don’t miss out on the traditional Bitterballen and hangop for a truly authentic taste of the Netherlands Let’s go Dutch and savor every bite of this delicious feast course menu including bottle of wine or pint of Blond housebeer
3011,Book More Wealthy Less Poor Steps from Poverty to Family Wealth,"Receive our book More Wealthy Less Stupid, Steps from Poverty to Family Wealth in exchange for an Instagram post or reel about our book."
2857,Test the zero sugar cocktail now,"Hey everyone, we have a special opportunity for you! We offer you the chance to receive a free sixpack with cans in different flavors. Zocktail is the newest zero sugar mix drink with alcohol in the famous cocktail flavours Mojito Pornstar Martini and Watermelon fizz. In return, we ask that you create and share fun content with your followers. We look forward to seeing your creativity! Best regards Team Zocktail"
2144,Free High Tea at LOT DAAN,LOT DAAN is a vibrant spot for all day breakfast and lunch in the heart of Rotterdam Whether you re craving a cozy morning treat or want to enjoy brunch at PM we re here to welcome you Our philosophy Keep it honest and simple with locally sourced quirky veggies wholesome grains and no unnecessary additives We provide the foundation and you choose the extras for a meal that feels just right for you For this collaboration we re inviting you to experience our two course seasonal high tea featuring home made soup an assortment of mini sandwiches including mini pitas and a selection of sweets including our famous cheesecake and brownie Accompanied by fresh tea fruit water and orange juice it s a feast worth sharing High Tea Package Create an Instagram Reel or TikTok video along with stories and reviews on TripAdvisor and Google free High Tea for people valued at This is a creative barter arrangement your authentic engaging content in exchange for a delightful High Tea experience at LOT DAAN
3012,Masterclass Investing for Beginners TWV,Get our free online Masterclass Investing for Beginners where you will learn how to get started with investing. In return we would love to see a review post or video about the masterclass
3221,Loewi Tastes the Belgian Campine.,"About our partnership We are sending you three bottles of wine in a wooden box with our logo on it, with a total value of Our specialties As young winemakers, we believe that tradition and innovation can go hand in hand. We combine classic wine knowledge with modern techniques such as potting pots where we experiment with nutrients and growth conditions Resistant grape varieties that are better adapted to the Belgian climate Sustainability is our priority without using pesticides What makes us unique We work with strong, climate-resistant grape varieties and completely avoid pesticides. Thanks to our innovative approach we can experiment and continuously improve while staying true to quality and sustainability"
3340,Bold Style Showcase for Men,Showcase a MR Riegillio outfit to your followers we provide the outfit you show it off MR Riegillio is a queer fetish street wear fashion brand for men. You have creative freedom to showcase them to your followers. Let's get in touch to discuss the possibilities that fit best for you.
2283,Your home as a work of art Worth,"In exchange for a number of photos and videos, we offer a free hand-drawn A illustration including a stylish frame with a total value of This offer includes A customized hand-drawn illustration of a house or building of your choice Size x cm Printed on high quality grams satin paper Framed in a black luxury frame Free shipping in the Netherlands and Belgium Normally this combination would cost only In the context of this special deal, we offer this product completely free It is an excellent opportunity to get acquainted with our unique personal illustrations and experience the quality of our work This offer is perfect for An original and stylish gift A personal touch to your interior Capturing a special memory"
2934,bag of your choice,"Hey there! We are excited to offer you the chance to pick one of our bags to make it your own. Whether you're into bold, playful colors or statement pieces that turn heads, we've got the perfect bag to match your vibe. Take it on your next adventure, style it your way and let it shine in your content. Ready to stand out and add a pop of color to your feed? Choose your favorite bag and let's create something amazing together!"
2811,"Skin, hair and nail care","For this barter deal you will receive our newest supplement with capsules worth This new supplement is the ultimate supplement for skin, hair and nails. It has all the necessary vitamins and minerals that are essential for these factors. Due to the amount of nutrients in the supplement, there is a great opportunity to make an informative video about it. Because you are limited with health claims when making supplements. You can find this on the following link https keuringsraad nl claims database"
2571,Free Boba Loba,Do you want to receive a free Boba Loba package and also get a cash amount? Boba Loba is a unique popping boba drink with surprising flavors. We are looking for content creators who would like to try our boba and make a creative and spontaneous video about it. Your video should inspire people to buy and try it themselves. You will receive a nice compensation for this.
3475,Decade Series,"You can get this book in the decade series on World War I for free. We want to make people aware of forgotten wars, soldiers and events that took place. The book is written in Dutch with clear maps."
3341,Fetish Fashion Test for Men,"Showcase a MR Riegillio outfit to your followers, we provide the outfit you show it off MR Riegillio is a queer fetish streetwear fashion brand for men. Showcase an outfit in leather, PVC or sportswear to your followers. You can unbox or try on items, you have creative freedom in your show case. Let's get in touch to discuss the possibilities that fits best for you."
2935,GIIKER Children's Toys TWV EUR,We sell GiiKER Toys We would like to offer a promotion of toys for children and parents Free package worth EUR in exchange for promotional videos
3230,Car customization,"Customize your car with our custom products such as carbon fiber steering wheels, interior trim, and colorful seat belts."
2858,Free SHILAJIT superfood from Aurafuel t w v,"About Aurafuel Aurafuel was born from a shared passion of three friends for health and well-being. What started as hours of training and laughter grew into a mission to help people strengthen their body and mind with pure, powerful supplements. With over ten years of experience in nutrition and top sports, we know what really works: products that are free from harmful additives and scientifically substantiated. Our Product Shilajit Our Shilajit is pure Himalayan laboratory tested and contains fulvic acid. The benefits More energy and focus Faster recovery after exercise Support of the immune system A natural source of more than minerals What we are looking for We are looking for enthusiastic influencers who, like us, have a passion for health, fitness, and personal growth You are perfect if you create authentic content and inspire your followers What we offer A free Shilajit product t w v Collaboration with a brand that is personal and pure Inspiration for your followers with high-quality supplements Join our mission and work together with AuraFuel towards a healthier future. Apply NOW"
2555,Luxury Matcha Gift Set HOLIDAY CAMPAIGN,We transform Christmas into moments of pure indulgence with our Luxury Matcha Set Help your health-conscious followers discover the perfect gift THE SET Ceremonial Grade Matcha highest quality Handmade bamboo whisk Bamboo measuring spoon Authentic matcha bowl Luxury gift packaging
3476,Green Beats Session at The Florian Hotel Free beer and snacks,"We are excited to launch the first edition of Green Beats at The Florian Hotel. This will be a night filled with great music, good vibes and an unforgettable atmosphere. For our first session we have invited DJ Nobody to play at our hotel and create a fun experience for our guests. What We Offer free beers and snack nuts for attendees A lively night with amazing music in our modern design focused hotel"
3345,Collaborate with Claro,Hello everyone This is our first call at Barter We are Claro the Anti Cellulite brand With our Claro Cupper we give customers the opportunity to get rid of their cellulite in a scientifically proven way You can find out more about us on www tryclaro nl and on social media at tryclaro We are open for all kinds of collaborations so please send us a message
2859,PALM Jewelry Exclusive silver men's jewellery,"At PALM we redefine men’s jewelry. Our collections are designed for those who dare to stand out, crafted with bold designs, premium sterling silver and an uncompromising focus on quality. Selected pieces from the PALM collection will be provided in consultation"
2936,Wellness Estate De Valkenberg,"For our brand new Wellness Landgoed De Valkenberg, we are looking for enthusiastic content creators who want to create visual material for our social media channels and your own channel. We would like to receive beautiful atmospheric images of our wellness resort not hotel that are suitable for TikTok and Instagram Reels Note the image material must be created before 10 am in connection with receiving guests De Valkenberg has NO swimwear days, so it is not intended that swimwear can be seen on the images. You will receive a day pass for persons to use at a classic or deluxe resort of BeWellness www.bewellness.nl"
3014,Bowling including a luxurious drinks table in Middelburg Zeeland,Podium in Middelburg is the place to be voor het perfecte uitje Ervaar het zelf Kom bowlen en escaperoom Prison Island spelen onder het genot van een hapje De deal uur bowling maximaal personen per baan Escaperoom Prison Island maximaal personen x Luxe borrelplank Totale dealwaarde Reserveren en deelname via de chat
787,Paid collaboration with Barter,We are looking for Content Creators who want to make a UGC video for paid campaigns of Barter Compensation followers followers followers More than followers
3231,This newest rocking plate makes indoor cycling more natural than ever before,This newest rocker plate makes every indoor ride more natural than ever before. Try it now.
3282,Valentine deal Your Valentine on us,We give you FREE FOOD and you give us a SHOUT OUT Win Win for us Order from Vegan Burger Brothers for a delicious and nutritious meal at home and tell us how meaty it tastes For you can choose from our mouthwatering burgers loaded fries onion rings chicken nuggets and more Don’t forget to check out our Instagram and follow us Veganburgerbrothers for the latest updates and exclusive online deals Let us know which city you live in and let s make a barter deal
2932,chaer Thermal Brush Pro for FREE Warm brush,"Are you happy with hair styling tools? We are looking for creators who want to test our Thermal Brush Pro. Make a fun short video and receive the Thermal Brush Pro worth as a thank you. Let's get started! In the briefing we will share more details. What you ll get The Thermal Brush Pro worth discount on our website Possible additional rewards based on video views Interested Keep an eye on our deals as there s a limited number of spots available If you re not selected this month, there is always a chance next month"
3015,"HyperBowling including a luxurious drinks tray in Middelburg, Zeeland",Podium in Middelburg is the place to be voor het perfecte uitje Ervaar het zelf Kom bowlen en escaperoom Prison Island spelen onder het genot van een hapje De deal uur bowling maximaal personen per baan Escaperoom Prison Island maximaal personen x Luxe borrelplank Totale dealwaarde Reserveren en deelname via de chat
3276,Valentine deal Your Valentine on us,We give you FREE FOOD and you give us a SHOUT OUT Win Win for us Order from Vegan Burger Brothers for a delicious and nutritious meal at home and tell us how meaty it tastes For you can choose from our mouthwatering burgers loaded fries onion rings chicken nuggets and more Don’t forget to check out our Instagram and follow us Veganburgerbrothers for the latest updates and exclusive online deals Let us know which city you live in and let s make a barter deal
2937,Trip Experience Friday,"Explore the hidden rooms and imagine what goes on behind the scenes of the old Theater In the Holy Moly Trip you unravel the secrets of director Holy Moly and his wife Magdalena Moly. Go on a journey through strange spaces and travel back in time to the Holy Moly Theatre as we knew it before. Let yourself be carried away by an experience where drama, passion and tension come together. What we are looking for A cool video of about 1 minute long that clearly shows that this is THE outing to do in Breda. The video must contain a voice-over combined with atmospheric images of the experience. Of course there should still be some mystery left for visitors, so only small details and corners can be filmed. We are open to other ideas as long as you can convince us. You may bring someone along to go through the experience together in minutes"
3274,Valentine deal Your Valentine on us,We give you FREE FOOD and you give us a SHOUT OUT Win Win for us Order from Vegan Burger Brothers for a delicious and nutritious meal at home and tell us how meaty it tastes For you can choose from our mouthwatering burgers loaded fries onion rings chicken nuggets and more Don’t forget to check out our Instagram and follow us Veganburgerbrothers for the latest updates and exclusive online deals Let us know which city you live in and let s make a barter deal
2861,Curly Hair Products,Show your before and after using our products.
3114,Unique Crypto Partnership Opportunity,We are offering influencers a unique opportunity to collaborate on a groundbreaking crypto project Whether you are new to crypto or already familiar this is your chance to earn rewards while promoting an exciting and high potential venture Why join Significant earning opportunities Flexible rewards Choose to get paid in cash or receive a presale crypto allocation Early access Be among the first to promote one of the most promising new crypto projects Work with ease We ll provide all the details and support you need to create authentic impactful content How to participate Sign up Apply through this barter deal to show your interest Get details We ll share all the information about the project and campaign requirements and potential earnings Decide Choose whether you want to participate there s no obligation
3016,Play Escape Room Prison Island and Bowl in Middelburg Zeeland including a luxurious snack platter.,Podium in Middelburg is the place to be voor het perfecte uitje Ervaar het zelf Kom bowlen en escaperoom Prison Island spelen onder het genot van een hapje De deal uur bowling maximaal personen per baan uur Escaperoom Prison Island maximaal personen x Luxe borrelplank Totale dealwaarde Reserveren en deelname via de chat
3277,Valentine deal Your Valentine on us,We give you FREE FOOD and you give us a SHOUT OUT Win Win for us Order from Vegan Burger Brothers for a delicious and nutritious meal at home and tell us how meaty it tastes For you can choose from our mouthwatering burgers loaded fries onion rings chicken nuggets and more Don’t forget to check out our Instagram and follow us Veganburgerbrothers for the latest updates and exclusive online deals Let us know which city you live in and let s make a barter deal
3589,BluMill HomeTrainer Spinning bike,"Are you spontaneously creative and do you like to stand in front of the camera? We are looking for content creators who want to make a cool video with our BluMill Spinning Bike, and yes, that is completely free. What we expect You dare to talk in front of the camera You create a creative video within weeks Possibility of a longer collaboration"
749,Get a Cheesy Gordita Crunch meal for a free Euro voucher,Get our surprising Cheesy Gordita Crunch Combo meal for free and promote to try Beside this meal you can order up to euro for free including this meal
1209,Anti barking dog training collar,Anti bark collar with remote control to train dogs
2350,Play GlowGolf at a location of your choice,GlowGolf has the nicest glow in the dark miniature golf courses of The Netherlands You play GlowGolf in a unique decor with different themes. The course is illuminated by black lights. Do you want to go and hit some balls with your friends? The deal: Playing GlowGolf with up to 10 people Participating locations Scheveningen Kerkrade Maastricht Middelburg Almere Delft
2862,Perfumetique,"Deal from Perfumetique Get a luxury spray or a beautiful gift set with our exclusive perfumes. Perfect as a gift or to treat yourself. Together, let's close a unique deal in exchange for valuable services or products."
2939,International comedy,"At the Comedy Club of Holy Moly in Breda, we offer a unique experience where international comedians share their funniest stories and stand-up acts. Every month we bring talent from all over the world to the stage, which not only attracts our regular visitors but also welcomes internationals. An evening full of different cultures and humor where laughter is the only common language. What we are looking for: A short video with atmospheric images of this evening. We are also open to other input as long as you can convince us. Make sure that everyone wants to book a ticket after seeing your film. In addition to making atmospheric images during the evening, you may take one home so that you can laugh together during this hour-long show"
3233,HIGH END SILVER RING,"Stamm Hardware is a new men’s jewelry brand. We make handmade, high quality jewelry. We offer a unique, handmade silver pendant t w v to choose from. You can find it on our site. Note that we only offer silver. Furthermore, we offer a discount code for your followers. We are looking for influencers who create unboxing videos and styling content aimed at men. Our brand is high end and should be presented as such."
2865,Free dehumidifier.,Barter Deal for a Bloomfold Dehumidifier Bloomfold is looking for passionate content creators to partner with us In exchange for one of our high quality dehumidifiers we’d love to receive authentic creative User Generated Content UGC Whether it’s a review video photos or a reel show how our dehumidifier helps dry laundry faster eliminates damp air or keeps your space fresh and comfortable Interested Let us know how you’d showcase our product We’re excited to collaborate with you
2863,Free Bloomfold Electric Underlays,Barter Deal for a Bloomfold Electric Under Blanket Bloomfold is looking for enthusiastic content creators for a unique collaboration In exchange for one of our luxurious electric under blankets we d love to receive authentic creative User Generated Content UGC Think of a review video photos or a fun reel showcasing how our under blanket elevates your sleep during the colder months Interested Let us know how you d highlight our product We can t wait to see your creative ideas
3234,Cooperation,"I would like to introduce followers to a heat service location of their choice. In return, you can choose a product worth up to €."
904,FREE DRINKS TO SHARE,"Receive free drinks to share with your friends Sign up for this barter You will receive a tray of a flavor Mojo Maté Original Passionfruit of your choice What we ask from you Share some cans with friends or family Minimum story on Instragram and or included in a Tiktok product does not have to be the central point unless you like it, of course Fill out the questions that we send you Mojo Maté stands for Share Good Energy Our organic maté is grown and picked up responsibly So you know that what you drink gives you not only a good feeling but also where it comes from positively"
3281,Valentine deal Your Valentine on us,We give you FREE FOOD and you give us a SHOUT OUT Win Win for us Order from Vegan Burger Brothers for a delicious and nutritious meal at home and tell us how meaty it tastes For you can choose from our mouthwatering burgers loaded fries onion rings chicken nuggets and more Don’t forget to check out our Instagram and follow us Veganburgerbrothers for the latest updates and exclusive online deals Let us know which city you live in and let s make a barter deal
3428,Test our award-winning oil for natural skincare fans,"Our Organic Miracle Oil is a luxurious multi-functional treatment that provides deep hydration, nourishment and rejuvenation for all skin types. Whether you have sensitive skin, suffer from dryness, fine lines or dull complexion, the Miracle Oil offers the perfect mix of nutrients to make your skin look radiant, healthy and balanced. This product is praised for its versatility and effectiveness, helping improve skin texture and promote a natural glow while being gentle enough for even the most sensitive skin"
2940,Next Level Virtual Reality Gaming,"Hi there Creators! We are looking for some local influencers from the Randstad to make a video reel about the whole experience of playing at our virtual reality game center. We have a wide variety of Escape rooms, Shooters and all sorts of Mini games. You can pick and choose all of our games try our drink selection and be taken care of"
3099,Luxury Practice Room Warm Soothing Professional,"Perfect for Therapists masseurs healers bodyworkers coaches Why here This space is ideal for sessions of deep healing and personal transformation sessions It feels professional and warm, making your clients immediately feel at ease Barter Deals for the Luxury Practice Room For Who Holistic or Energetic therapists reiki practitioners massage therapists Coaching Business coaches physiotherapists more What do you get free half day in the practice room What can we expect Real about your session stories about the atmosphere"
2864,Free Electric Overblanket,"Barter Deal for a Bloomfold Electric Over Blanket! Bloomfold is seeking enthusiastic content creators for an exciting collaboration. In return for one of our cozy electric over blankets, we would love to receive authentic creative User Generated Content UGC. Whether it’s a review video, stylish photos or a fun reel, show how our over blanket keeps you warm and comfortable during chilly days! Interested? Share your creative ideas with us - we can't wait to collaborate!"
3105,Free handmade design products,"Do you enjoy beautiful, handmade products from the Netherlands? Maybe you are an interior stylist, entrepreneur, content creator or store that believes in functional, sustainable and stylish products. At COHOSO we offer unique, handmade Dutch quality products in exchange for authentic collaborations via Barter"
2941,Secret Ping Pong Speakeasy Reveal video,We just opened our Secret Ping Pong Speakeasy hidden in the center of The Hague and looking for creators to have a did you know that style reveal video where they come play in our room drink some cocktails play some music etc Depending on the result we do offer some payment for the deal as well either as barter or monetary
3588,RECEIVE A FREE Wooden Kids Playhouse Worth,"Do you have children and regularly share content about child lifestyle? We are looking for a creator to receive and showcase our beautiful wooden playhouse with their followers. What do you get? A stylish and sustainable wooden playhouse worth it, a beautiful addition to any kids room or play area, free shipping, potential for long-term collaboration. What do we expect? At least one TikTok or Instagram post featuring the playhouse, creative content showing how the playhouse fits into a modern and stylish kids room, a short explanation of its benefits: sustainable materials, playful design, and a perfect match for a stylish interior."
2866,Brustdruckgerät PRO V,UGC Video Spontaneous female creators
3098,Interior designer wanted for luxury design products,"Are you an interior stylist, entrepreneur, content creator or store that believes in functional, sustainable and stylish products? At COHOSO we offer handmade Dutch quality products in exchange for authentic collaborations via Barter. Why collaborate with us? Slim, practical design Our products are functional, stylish and easy to attach without drilling. Perfect for interior stylists, lifestyle creators, sustainable stores No costs only creativity Your reach and content"
2159,Local Taste Christmas special tastings in Tilburg,"HO HO HONGER Welcome to the Local Taste Christmas special. Creating memories with good food and drinks together That is what it’s all about during holidays. And that is exactly where Local Taste excels in. Connecting This Barter is entirely focused on showing that Local Taste is the perfect gift for the holiday season What is the Local Taste Experience? You receive a magazine and a bag with Taste Coins For every Taste Coin you receive a tasting from the kitchen of one of the affiliated restaurants in the municipality of Tilburg. You can choose which restaurant you visit All information about participating restaurants and the tastings that you get are listed in the magazine The tastings are free, but drinks are paid for by yourself Don’t forget to bring someone with you If your video does well, you will receive a nice bonus views views views"
3590,BluMill Thermal Brush,"Are you a pro in hairstyling and do you like creating content? We are looking for influencers who want to test the BluMill Thermal Brush and share their experience. What you get An exclusive discount code to score the brush The chance to create spontaneous creative UGC content Show your skills and dare to talk in front of the camera Whether you create a quick blowout, bouncy waves or extra volume, we want to see your unique touch"
1564,Luxury breakfast with bubbly.,Luxury breakfast buffet with bubbles for two people
3018,BMW VW Audi tuning and styling parts,"Do you want to style your BMW, VW or Audi with our aftermarket parts such as carbon spoilers or custom carbon steering wheels? Contact us."
2867,Test our winter routine Abloom's step routine for a wonderful winter glow,"Try out our Winter Skincare Routine Winter doesn’t have to mean dry, itchy skin With the right routine you can keep your skin soft, smooth and radiant. Your skin’s natural barrier locks in moisture but cold, dry air can weaken it leading to dryness and discomfort. The solution: Hydrate, protect and strengthen your skin’s barrier for a wonderful winter glow Abloom has created a winter routine with carefully selected products. Try out our winter routine as the guide to radiant, hydrated skin"
1545,RAPUNZEL festival,"The Parade in Utrecht continues MUSICAL SUMMER FESTIVAL with crackling comedy, sultry pop, imposing opera, vertical façade acrobatics and bouncing Balkan beats at a medieval tower near Utrecht ABOUT RAPUNZEL The festival season has a premiere RAPUNZEL In September the mythical Ham Tower in Vleuten opens its surrounding area for an enchanting summer festival full of music, theatre, acrobatics and dance. The grounds of the Ham Tower are being transformed into a magical place with impressive performances for the first time in history. RAPUNZEL is suitable for young and old Bas Kennis, keyboardist of BLØF, has been the owner of the Ham Tower and host of the festival. With RAPUNZEL his great wish comes true. Ever since I came here for the first time I saw how unique and atmospheric the terrain around the tower is and how suitable it would be for a festival. The terrain indeed has a magical feeling with the tower as a unique, ancient landmark from the past as the center of the decor. There was so much happening around former Castle den Ham where the Ham Tower is the remainder of it, so it feels very logical to add a new chapter here Everyone in the area knows the tower and has a bond or feeling with it. Let's celebrate that! Once upon a time On the terrain around the tower and on a floating stage in the moat there are all kinds of performing arts to see and hear such as among others The Floating Diva singer Leah Rye musician Fernando Lameirinhas opera singer Maura Wesseling cabaretier Ruud Smulders Balkan band Amariszi façade acrobat Sarah Kooij DJ duo Do The Moon and musical comedy duo Maartje Kine And for the lover and educational depth, the Historical Association Vleuten De Meern is present to tell about the history of the Ham Tower and its location and the relationship with sister castle Den Engh In the nut grove garden there are refreshments and snacks available provided by restaurant Dengh from Utrecht RAPUNZEL Location Hamtoren Address Hamlaan Vleuten Tickets can be purchased via the website September show of September show of September show of RAPUNZEL is organized by musical comedy duo Maartje Kine and Bas Kennis, owner of Hamtoren. For more information about line-up and tickets visit www.rapunzelfestival.nl"
2942,Swimwear,"In exchange for swimwear content, you can choose one of our swimsuits"
3429,LCC Wallet promotion,We are looking for enthusiastic content creators who want to collaborate to promote the Lord Chesterfield Coin LCC What you get A wallet with LCC currently worth of A unique opportunity to be part of a growing brand in the luxury furniture world Possible additional collaborations in the future
3591,BluMill Loopband.,"Are you active on social media and do you like a good workout? We are looking for influencers who want to test our BluMill Treadmill and share their experience. What you get An exclusive discount code for the treadmill The chance to make spontaneous creative UGC content Show us how you use it and dare to talk in front of the camera Whether you go for a brisk walk, a HIIT run or a daily step challenge we want to see your unique vibe"
3019,FREE Knitwear Sweater t w v,"Get a FREE handmade Spanish sweater of high quality premium fabrics in exchange for an Instagram or TikTok post Interested? Send us a message for more info If the collaboration goes well, we can build on it with multiple collaborations."
1532,Dinner at the Seafood Bar years,Get a delicious diner with a giftcard You can choose everything from the menu Enjoy the taste of the Sea It is possible we would like to promote the video so we can ask for your sparkcode It will be great for your reach as well We can use your video on our own socials as well
3480,How to make the best chicken nuggets,"In exchange for a video on Instagram, we will give you one kilo of chicken nuggets that are indistinguishable from the famous fast food chain with an M. These chicken nuggets are of higher quality and we sell them via rundenkip nl. The nuggets will be delivered frozen to your home and can be fried or made in the airfryer. We think it would be great if you make the well-known chicken nuggets with your own twist, so that you can respond to the trend of making my fast food gourmet"
3350,Creators for Black and Gold,"We'd like to see some content created in exchange for free clothing. Short clips, epic shots, reviews can all be a combination. Ideally we would like to find ambassadors who love the brand and want to start affiliating with us."
3430,Earn a Free Chesterfield King Armchair,"Are you an influencer who loves luxury and exclusivity This is your chance to win a real Chesterfield King armchair in antique red t w v and reward your followers How it works Promote the Lord Chesterfield Coin LCC through your content on Instagram Your followers create a LCC wallet and follow us on Instagram Every follower who does this receives free LCC coins As soon as you have allowed wallets to be created, you will receive a free Chesterfield King armchair Why participate Win a premium Chesterfield armchair completely for free Boost your engagement and give your followers an exclusive reward Connect your name with a luxury brand and increase your reach Opportunity for future collaborations with Chesterfield Ready to take on this challenge Join in and claim your exclusive Chesterfield armchair"
2943,Warm winter poncho,We are offering a warm winter poncho in exchange for content
2181,High Tapas for individuals at Pinchazz,On behalf of Pinchazz we offer a high tapas for two. You get courses of tapas with delicious matching wines
2180,Book a table for people at Pinchazz,"On behalf of Pinchazz we offer a walk-in dinner including a bottle of wine for two people. In return, we would like to receive a post story about our dishes and the atmosphere in the restaurant with references to Pinchazz."
2078,Fck The Recession Menu for two at Gusto,F CK THE RECESSION MENU Direct from Dubai For two persons we offer the F ck The Recession Menu worth per person Hereby you get Kaviaar Royal Asetra Golden Millionaires Tournedos and a finisher our own variant on the Dubai Chocolate Bar
2077,Drag Dinner Show for two at Gusto,On behalf of Bar Gusto we offer a course dinner for two people and a bottle of wine during our Drag Dinner Show worth Enjoy our queens who put on an amazing show for you in between the courses
3592,Beauty sleep set,"Are you a true Sleeping Beauty and do you like to share your favorite self-care tips? We are looking for influencers who want to test our Budget Bed Sleeping Beauty Set and share their experience. What you get An exclusive discount code on the set The chance to create spontaneous creative UGC content Show us how you prepare for a beauty sleep and dare to talk in front of the camera Whether you try out the heatless curls, relax with the sleep mask or wake up with a glowy look on the satin pillowcase we want to see your unique self-care moment"
3431,Getting a Chesterfield Armchair,"How does it work Promote the Lord Chesterfield Coin LCC through your content on Instagram You can figure out how to do this Your followers create a LCC wallet and follow us on Instagram Every follower who does this receives free LCC coins As soon as you have had wallets created, you receive a free Chesterfield King armchair"
1477,UGC Deal Cocktail Bar to the Barbary Years,Get a giftcard for a night in our speakeasy Enjoy delicious seafood and some cocktails And if you are in the mood dance the night away It is possible we would like to promote the video so we can ask for your sparkcode It will be great for your reach as well We can use your video on our own socials as well
3481,Testing artisanal fries snacks,Via RundenKip nl we sell artisanal fried snacks that we want to bring to your attention. We would like to send you a frying package on t w v for testing and presenting to your followers.
3224,Cooking with unique Wagyu meat.,"We sell Wagyu beef from our own cattle online and in our physical store in Amsterdam. This is a unique meat product and we would like to bring it further under the attention of the public. In exchange for a nice and unique video, you get x Wagyu steak that you can pick up at our store in Amsterdam"
793,Korean Toast Bubble Tea Date for Two,"You get free Korean toasts bubble teas of your choice and you can choose from our entire menu. We provide only the freshest of ingredients in our drinks to offer the highest quality drinks possible. Next to bubble tea, we also offer Korean toast - a popular grab-and-go egg sandwich in Korea that is delicious and filling - and a variety of Asian snacks. We hope to see you soon at our store. Please come between working days to avoid rush hours."
792,Bubble Tea Snacks Date for Two,"You get bubble teas, portions of Asian snacks, pieces free of choice and you can choose from our entire menu. We provide only the freshest of ingredients in our drinks to offer the highest quality drinks possible. Next to bubble tea we also offer Korean toast, a popular grab and go egg sandwich in Korea that is delicious and filling and a variety of Asian snacks. We hope to see you soon in our store. Please come between on working days and to avoid rush hours."
791,Gift Voucher Free Lunch Bubble Tea Person,"You get compensation for Korean toast bubble tea. The toast and bubble tea are free, and you can choose from our entire menu. We provide only the freshest of ingredients in our drinks to offer the highest quality drinks possible. Next to bubble tea we also offer Korean toast, a popular grab-and-go egg sandwich in Korea that is delicious and filling, and a variety of Asian snacks. We hope to see you soon in our store. Please come between on working days if possible to avoid rush hours."
789,Bubble Tea Date,"Come to our store and our lovely staff will help you choose the best drinks. You get bubble teas free of choice and you can choose from our entire menu. We provide only the freshest of ingredients in our drinks to offer the highest quality drinks possible. Next to bubble tea we also offer Korean toast, a popular grab-and-go egg sandwich in Korea that is delicious and filling, and a variety of Asian snacks. We hope to see you soon in our store. Please come between on working days Monday Friday and during the weekend to avoid rush hours."
1619,Are you the new face of GeezerBox?,We are looking for content creators who like to make a video weekly for GeezerBox. We offer the creators creative freedom but also give ideas as inspiration. The content will be posted on the channels of GeezerBox
1506,Make a cooking video for GeezerBox and receive a dinner box and kitchen equipment worth,We are looking for food creators who like to make videos for GeezerBox. With this deal you receive a dinner box and kitchen equipment worth €100.
3593,Mattress toppers.,"We are looking for creative and funny influencers who want to make a UCG video about the Felman Basic Topper. You not only have to be able to present well, but also give your own twist to the video. So if you are someone who masters the art of humor and creativity and would like to show your followers how the Felman Basic Topper changes your sleep or sleeping style"
3482,Kip snacks that are really tasty.,"Are you also a fan of chicken snacks? We would be happy to send you a package on t w v with the best chicken snacks from NL. We sell these via rundenkip nl in handy bags, where each piece is individually frozen. You can fry or make these snacks in an airfryer"
1751,Vegan waffles for two.,vegan waffles with a hot beverage of your choice
3351,Easy home-fermenting for foodies,"Discover the delicious flavors of fermented vegetables. You too can discover the delicious flavors of fermented foods at home, safely and easily. Kultured is the one-stop shop to get started with fermentation in a simple and very tasty way. From Cabbage to Sauerkraut Or maybe you want to try kimchi? Fermenting vegetables is child's play with Kultured. In this deal, we offer you a free Kultured Fermentation Box. This box contains all the necessary ingredients including clear instructions for making your own sauerkraut kimchi hot sauce pickles at home. You only need to buy the vegetables yourself. In exchange, we ask for a video in which you show how you got started with the Kultured Fermentation Box. Bonus points if you incorporate the end result into a delicious recipe"
3020,Personalize your AirPods with unique wraps.,"We are offering influencers the chance to promote our unique and ultra-thin AirPods wraps. These wraps are perfect for anyone looking to give their AirPods a personalised, stylish look. As part of this deal you will receive a free set of wraps of your choice to create a video with"
3199,Lord Chesterfield Coin promotion,Get and share the exclusive Lord Chesterfield Coin LCC The Lord Chesterfield Coin LCC is a luxury brand coin from Chesterfield perfect for fans of high end lifestyle furniture and rewards We are looking for influencers who want to promote this unique coin and give their followers the chance to download the app via https lordchesterfieldcoin com create a wallet and receive free coins What do you get A personal LCC Wallet with X coins to experience yourself Exclusive collaborations and extra rewards on successful promotion Goal Create awareness around LCC as an exclusive reward system and premium brand coin for Chesterfield
3595,The Mega Sint Show MECC Maastricht,"Get tickets for the Mega Sint Show at MECC Maastricht In this popular Sinterklaas show, Party Piet Pablo Love Piet and Sinterklaas take you on an exciting story and they sing their greatest hits. Dance and sing along with De Pieten Sinterklaas Move or Pietenliefde"
2945,Coffee Connoisseur Coffee Subscriptions Specialty Beans,"The goal of this campaign is to increase the visibility of Koffie Kenner, attract new customers and promote our products in an authentic way. We want to inspire consumers to discover their ideal specialty coffee through honest, engaging and high-quality content. We offer free coffee products worth up to €100 in exchange for promotion"
3352,May we have your attention luxury candle lovers,"Hi, with this deal you will receive a discount on our collection for a limited time."
2158,Local Taste Christmas special tastings in Breda,"HO HO HONGER Welcome to the Local Taste Christmas special. Creating memories with good food and having a nice drink together That is what it’s all about during holidays. And that is exactly where Local Taste excels in. Connecting This Barter is entirely focused on showing that Local Taste is the perfect gift for the holiday season What is the Local Taste Experience? You receive a magazine and a bag with Taste Coins For every Taste Coin you receive a tasting from the kitchen of one of the affiliated restaurants in the municipality of Breda. You can choose which restaurant you visit All information about participating restaurants and the tastings that you get are listed in the magazine The tastings are free, but you pay for your drinks yourself. Don’t forget to bring someone with you If your video does well, you will receive a nice bonus views views views"
3872,Kingsday Coffee Party,You ll get a FREE TICKET for the La Mulata Coffee Party in Amsterdam on Kingsday To start off your kingsday with the famous coffee party In return for promotion for our event upfront We will select only influencers Some details about the event Date April Kingsday Celebration Time AM PM Location Haarlemmerdijk H Amsterdam Following Lucy Join us for a special Kingsday Edition of La Mulata Coffee Party This time we re turning up the vibes with LU LU Start your Kingsday celebration this year with our coffee party Enjoy a delicious cup of coffee at La Mulata soak in the festive atmosphere and connect with amazing people in a warm and vibrant setting Don t miss this unique celebration mark your calendars and come share the experience with us HOUSE TECHNO LATIN COFFEE FOOD CLOTHES MORE
899,Free treatment of choice House Of Bratz Rotterdam,Free treatment of your choice with a maximum value of This high-end clinic offers you filler botox and skin treatments Please visit Instagram houseofbratz to get an impression
3118,Keep track with our diamond chalk and cork boards,Get a free diamond chalkboard and cork board kit plus markers to decorate. Have an extra one to give away
3238,Specialty Coffee Beans.,"The goal of this campaign is to increase the visibility of Koffie Kenner, attract new customers and promote our products in an authentic way. We want to inspire consumers to discover their ideal specialty coffee through honest, engaging and high-quality content. We offer free coffee products worth up to €100 in exchange for promotion"
3432,Free play tent with v,"Speelkleed nl offers high-quality educational playmats with detailed city roads and landscape motifs. These playmats stimulate creative and interactive play for children, where they can invent their own adventures with cars, trains and dolls. The mats are durable, safe and suitable for home, schools and nurseries. City Play eu focuses on innovative playing concepts that promote the imagination and motor skills of children. Perfect for hours of fun"
3116,Taste and learn to eat vegetables and fruits with your child.,"Do you already know the table cards with vegetables and fruits? These cards can be used to teach your child in a fun way to taste and eat. As soon as these cards are on the table, the adventure can begin. During the meal, your child and you will be challenged to taste vegetables and fruit. The table cards contribute to a relaxed atmosphere, funny moments and conviviality at the table. These table cards suit every family at the table. It is great fun to learn more for children who already like to eat vegetables and fruits. But also perfect for children who shout loudest that they do not want to eat it. From these cards it is clear for children why they want to eat broccoli, spinach or even peaches. They are also challenged to experiment with the vegetable or fruit. The table cards contribute to becoming comfortable with vegetables and fruits and optimizing the image of vegetables and fruits. In this way, the table cards contribute to the development of a healthy eating pattern. Fun for children but also ideal for parents. Because what do you say now to enthuse your child? How can you ensure that they remain relaxed at the table, but above all, enjoyable and nutritious? This box with table cards provides enough inspiration. You will receive my edition of the table cards with vegetables and fruits"
3877,Nutzy is on fire.,"Nutzy is the jobboard of the Netherlands Help us to tell this to the world Help us by telling what you think is important about work For me, work is more than just earning money I want to work somewhere where I can make a difference, grow and be myself Flexibility is not a luxury it’s normal Why should you stick to nine to five if there are smarter ways? I want to learn and develop, switch when necessary Not waiting for ten years for an opportunity but creating opportunities"
3596,Haarlem banks,"We want to bring these benches to the man It's a beautiful bench that can stand in the garden or by the house You get a GARDEN BENCH ALLURE for EUR Dimensions cm long x cm deep x cm high backrest The seat is cm high What makes Haarlem Benches unique High quality Our products are made with craftsmanship and offer an outstanding quality that you can rely on Modern warm and trendy design Our products combine effortlessly modern aesthetics with a warm nostalgic look that fits perfectly in any environment Excellent seating comfort Whether you enjoy a book in the sun or relax with friends, our benches provide a comfortable seating experience that you will love Maintenance-friendly With only one treatment per year with hardwood maintenance oil, our products remain in top condition so you have more time to enjoy and less time spent on maintenance Resistant to all weather influences Rain or sunshine Our products are made of FSC hardwood and are solidly built This waste bin is almost maintenance-free"
3021,Wellness resort Elysium,Create content in the worldly atmosphere of Elysium where you will encounter many different sauna facilities You get exclusive access before opening time We want to show future guests that there is a lot to experience baths saunas and rest areas restaurants and relaxation rooms Elysium has a swimwear day every Monday and is then open until hour Take note the image material must be made before hour in connection with receiving guests Elysium has a swimwear day every Monday and is then open until hour Take this into account if you want to communicate The barter deal You receive one day entrance for persons to use at a classic or deluxe resort of BeWellness www.bewellness.nl
3524,Yellow two-piece bodysuit set,Receive our Cotton Two Piece Bodysuit Kit consisting of yellow jersey bodysuit with additional Swopper Wrap your baby in ultimate comfort with our luxuriously soft GOTS certified organic cotton bodysuit Ethically crafted in Europe this timeless piece is designed with both style and practicality in mind The gentle breathable fabric is perfect for delicate newborn skin providing all day comfort A ribbed neckline adds an elegant touch while easy access snaps make changes a breeze Product Details Rounded neckline and long sleeves Crew neck with ribbed trim Monochromatic enameled press stud closure on the inside leg and on the Swopper Composition organic GOTS certified cotton elastane Made in Europe
1646,Date of the idea for the puzzle walk in South Amsterdam,"Invite your date for a super fun puzzle tour through the beautiful South of Amsterdam. Solve puzzles and answer questions together, and carry out hilarious tasks"
3353,Emotional intelligence materials,"De Pauw is a valuable part of the Spiegelboom traject inspired by my thought heritage Colours of our Heart. This traject helps parents and children to recognize, understand and embrace emotions. By standing still at what an emotion really wants to tell, clarity arises and the child feels seen and heard. In addition, De Pauw contains twelve symbols that each represent a vital need of a child. Emotions are not only recognized but also used as guides towards inner strength. This helps children to stay close to themselves, take good care of themselves and not get lost in life’s challenges. Through this approach, a child builds a solid foundation of self-confidence, resilience and self-love, which allows them to walk their own path with strength and confidence"
1275,VIP access to the biggest gaming event of the year,"Are you in to be surprised at one of the biggest gaming events of this year? We are looking for nano and micro creators and you get VIP passes, free food and drinks for this mega exclusive event. The date is still a secret so that the smarties among you cannot find out what it’s all about"
3483,Wine Food Tasty combinations Grape N Green,"A good glass of wine by itself is already enjoyable, but combined with the right dish it becomes a real culinary experience. From a creamy cheese platter to tasty tapas or a homemade dinner, the right wine and food combination elevates your dish to a higher level. Are you a lover of good food and do you like sharing culinary inspiration with your followers? This collaboration is for you! The Deal You receive one bottle of wine of your choice excluding sparkling wine that matches a dish of your choice or let yourself be surprised Optionally You get an exclusive discount code to share with your followers What We Expect from You At least posts and Reel in which you show the wine and the matching food pairing Tell us why this combination works so well and share your experience Mention and tag Grape N Green and refer to our webshop Create visually appealing, authentic content in your own style It is possible to combine multiple deals"
204,VIP access to the biggest gaming event of the year,"Are you in to be surprised at one of the biggest gaming events of this year? We are looking for nano and micro creators and you get VIP passes, free food and drinks for this mega exclusive event. The date is still a secret so that the smarties among you cannot find out what it’s all about"
3239,King's Day with LEEUWTJE shots,"Score free LEEUWTJE shots for Kingsday Hey party people Do you want to share the ultimate Kingsday must have with your followers We are looking for enthusiastic influencers who want to promote our iconic LEEUWTJE shotje What do you get in a box with LEEUWTJE shotjes? The ultimate orange vanilla flavor explosion x COME ON THAT SHOT scarf guaranteed orange vibes discount code for your followers KINGLEEUWTJE The chance to collaborate with the newest orange tradition for every orange moment What do we expect from you At least one post or reel and story on Instagram or TikTok before Kingsday with the discount code KINGLEEUWTJE Show how you and your friends enjoy the unique orange vanilla flavor of LEEUWTJE Tag us leeuwtje nl and use the hashtags Link to our website www leeuwtje nl ATTENTION In your content, you must mention that LEEUWTJE has the perfect orange vanilla taste that makes Kingsday even more delicious"
1609,Date of the idea for a puzzle tour along the Frisian lakes,"Discover the beauty of Frisian Lakes with your partner in this super fun car puzzle tour Navigate through narrow roads and beautiful villages, solve puzzles on the way watch out for the car bingo and answer questions about the route"
3354,Hairstyling video,Are you a passionate hairstylist enthusiast who wants to help us showcase our multi-styling tools on social media? Then we’re looking for you. Add our new multi-styler to your collection today.
3484,Special beer evening,Special beer evening In March we have a special beer evening with Brouwsters Proeven delicious beers from this brewery while enjoying a delicious snack platter
3355,Wooden Wall Panel Collaboration Create next level content in your home or business with our panels,"Create next level content in your home or business with our wooden wall panels. Choose a panel color and size for your project. Let us know your plans for the panels. Once approved, we'll send the panels to your location. You complete your project, shoot content, tag #akuwoodpanel co uk and send us all the material"
3356,Acoustic Panels Collaboration Create Next Level Content In Your Home or Business With Our Acoustic Panels,"Create next level content in your home or business with our acoustic panels. Choose an acoustic panel color and size for your project. Let us know what you plan to do with the panels. After approval, we will send the panels to your address. You complete your project, post content on akuwoodpanel de and send us all material today"
3240,Floor plan of your house to the W.,"Our Artli s are custom made for you by our artists. Upload a photo of your home or someone you love. We create a personalized illustration that can be adapted to your liking. After approval, we print the work and deliver it framed at home."
3022,shirt sweater organic cotton of your choice,"Our ideal customer is a man of between the age of and who likes to wear shirts or sweaters with a nice print that provokes reactions and can start a conversation. He is someone who cares about the world and what happens in it. Positive, optimistic, aware, social, open-minded, inspiring, sustainable, fashion, music, film, travel, nature, sports. These are some keywords that apply to him. Shirt Alert stands for making the world a little bit more beautiful and fun. We do this with quirky shirts, sweaters and hoodies with a wink. Intended to provoke reactions, make people laugh and create interaction. But also to give the wearer the chance to show more of himself. A sense of humor, film or music taste, favorite travel destination or quote, whatever. Besides the human aspect, we also want to make the world a little bit more beautiful by burdening the environment as little as possible. That is why we choose clothing from Stanley Stella organic, which makes the entire production chain as green as it can be. And it is clothing of top quality, so it needs to be replaced much less often. We are looking for enthusiastic reels that put Shirt Alert's intentions in a positive light. The aim is to increase brand awareness and the number of visitors to the webshop. Things that can be emphasized in a reel include: the wide range of choices in terms of color, subject matter, but also the fact that some designs can be completed by the wearer himself (think of favorite song lyrics, Spotify player or favorite travel destination). The sustainable choice of organic cotton and Shirt Alert plants a tree with Trees for All for every item sold minus per month. Quality, comfort, lifespan. It is possible to benefit from early shirt discount by simply filling in an email address. Custom designing a unique shirt with Shirt Alert is also possible. The number of reels and the ideas for their content can be discussed in consultation. It would be nice if the three different models according to choice receive approximately equal attention"
3120,Fabric Lint Shaver.,"Bye Bye Lint Hello Fresh Meet the Fabric Lint Shaver, your new secret weapon against lint and pills Give your old sweaters, jackets and furniture a second life with this compact and super handy gadget In just a few seconds your fabrics will look like new again"
3485,Cosy Brunch,"Feeling brunchy I got you To end the week in style at Boris with a relaxed brunch full of flavour and cosiness Be surprised by share dishes, truffle fries and a delicious dessert to share from the chef Make the afternoon extra cosy with games from our game table and create memories together Come inside between and"
3003,Plug and Play Solar Panel System Generate Your Own Energy,"Are you looking for an easy and affordable way to save energy? With the Plug Play Solar Panels from CJX Solar, you can easily take a step towards sustainability. What makes our solar panels unique Simple installation Connect the panels directly to a power outlet No hassle no extra costs Everything in one solution Our sets are the only ones on the market where everything comes from the same manufacturer for maximum reliability Sustainable and affordable Reduce your energy costs and contribute to a greener world Flexible placement Suitable for home, office or even temporary events"
712,Boozy brunch Rotterdam,Enjoy our delicious brunch and unlimited mimosas and sangria for two hours
3487,Freddy's High Fry.,With Freddy's High Fry you can choose from our small size homemade loaded fries to share with your friends and have a refreshing milkshake or soda. This deal exclusively available in our new location at Lijnbaanssteeg.
3027,Formula experience at Racesquare,"Are you an influencer and do you want to introduce your followers to a unique racing experience? Dive into the world of Formula at Racesquare Step into our high-end simulators and compete against friends, colleagues or family. Feel like a F1 driver on your favorite circuit. Suitable for everyone, no previous racing experience required. Perfect for team outings, company events, bachelor parties, children's parties or as a fun day out. We are open to various collaborations. What we offer Depending on your reach, you will receive an experience worth followers followers followers The exact collaboration and compensation is always negotiable. We like to think along with you Where can you post Instagram TikTok YouTube or a combination Your assignment Make a post and story with the hashtag racesquare and inspire your followers with the ultimate Formula experience at Racesquare Locations Zandvoort Zwolle Rotterdam Kerkrade Utrecht and Alkmaar Curious about all our races and arrangements? Check out racesquare nl for more information Are you interested? Reply directly to this collaboration and we will contact you soon."
3123,Digital Quiz Package,You will receive a digital quiz package from Quiz Brothers so that you can easily organize your own quiz with your group. What do you get? A PowerPoint presentation in which all questions and answers are included. A document for the quizmaster PDF file including brief explanation beforehand. An answer form of Quiz Brothers PDF file. The quiz package is sent by email.
3698,Launch of Kari's Crunch,"Launch of our new product Kari’s Crunch Kari’s Crunch is a healthy granola without added sugars with a unique twist Our granola is truly unique The secret behind the special taste of our Crunch Our beloved crackers Whoever knows our crackers knows that they are not only delicious but also full of nutrients and made with care Those same qualities make our Crunch an exceptional choice Natural organic ingredients rich flavor At Kari’s Crunch we choose only the best natural organic ingredients Think nourishing seeds crunchy nuts and our iconic buckwheat Buckwheat Crunch and Buckwheat Fruit Crunch Buckwheat is not just an addition it is naturally gluten-free easily digestible and a source of important nutrients And very importantly no added sugars or other unnecessary additives Made with love delivered impact Our Crunch is prepared with skill and attention to detail and that taste you can feel We also work towards a better world with respect for people and the environment we collaborate with local initiatives to create social impact Price for consumers The granola can be ordered per bag with a content of grams For orders under the payment of shipping costs In addition, we offer a subscription for Kari’s Crunch for per month You will then receive every month bags of grams delivered at home with shipping costs of"
1476,Taste our delicious frappes.,"Try our newest additions to the menu, our Iced Frappés Salted Caramel Frappé White chocolate Vanilla Frappé Chocolate Cookie Frappé accompanied with a great croissant invite a friend enjoy and make a nice video Cheers."
954,Foodies Vegan fish sauce.,"VEGAN Foodies, pay attention! Our VEGAN fish sauce is a fair flavour enhancer made from organically grown seaweed from the Netherlands and VEGAN certified. This culinary gamechanger is your secret ingredient for creating unforgettable VEGAN dishes. Whether you are a home chef or a culinary vegan, our Ta im fish sauce is crafted with care and attention in the Netherlands. It adds depth and complexity to your dish. We will send x ml of Ta im VEGAN fish sauce to you for euro for a cool insta tiktok post sharing dish"
3227,SMALL SIZE HEELS Looking for girls with small shoe size,"KEMBAR is a new fashion brand that specializes in fashionable clothing and heels for petite women. For our first collection of small size heels we are looking for girls that wear size or to show off our unique collection. The shoes are available in black, white, nude and wine red. These classic pumps can be worn to the office or a party. Deal We are offering to send a pair of heels to UGC creators who are excited about our brand and can give back this energy to their audience by making an Instagram Reel TikTok video Content We have some examples of type of content that we would like https vm tiktok com ZNeobdk https vm tiktok com ZNeoqEqyp https vm tiktok com ZNeoqgbBu https vm tiktok com ZNeoqp fp IMPORTANT Please mention our brand name in the video and caption. Also we really want to put the emphasis on the small sizes which are often hard to find Target audience Our target audience are women between years old who struggle finding heels in their small size"
2141,Free lunch at LOT DAAN,LOT DAAN is a vibrant spot for all day breakfast and lunch in the heart of Rotterdam Whether you re craving a cozy morning treat or want to enjoy brunch at PM we re here to welcome you Our philosophy Keep it honest and simple with locally sourced quirky veggies wholesome grains and no unnecessary additives We provide the foundation and you choose the extras for a meal that feels just right for you Here is what we offer Stories Package This package is only available for Instagram accounts with over followers Post Instagram stories and a review on both Google TripAdvisor free lunch up to Reel Package Create an Instagram Reel or TikTok video in addition to stories on Instagram and reviews on TripAdvisor and Google free lunch up to This is a creative barter arrangement your authentic engaging content for a delicious LOT DAAN experience
2208,Dinner for two at Carmel Market Utrecht,"Enjoy a dinner for two including drinks Enjoy the warmth and diverse flavors of the Mediterranean Sea brought directly to your table Disclaimer All communication about barters takes place exclusively via this platform Do not contact us through social media, phone or directly with the restaurant If we accept the barter, always send a chat first via Barter Do not go to the restaurant without an appointment After your chat, we will ensure that the reservation is placed in our system so that our colleagues in the restaurant are aware of your arrival and our agreements"
3101,Atelier Lynn Jeans Launch,You will receive a jeans top from our own denim brand Atelier Lynn Jeans. For this we expect an unboxing video on Tiktok and a return message story on Instagram. The photos and videos must be sent to marketigwinkeltjevanlynn nl before Friday February 14th and approved by us. The content must go live on Tuesday February 18th at 9am
3122,Funky Disco Planter,Let your plants shine with the Funky Disco Planter Give your urban jungle a groovy upgrade with the Funky Disco Planter This mirrored globe for your plants reflects light and brings instant disco vibes to any room Perfect for plant lovers who love a little sparkle
3359,Outdoor panels collaboration Create next level content in your garden or on the outside of your home,"Collaborate with outdoor panels Create next level content in your garden or the outside of your home with our composite outdoor panels Choose one of the colors for your project You will also receive finishing accessories from us Let us know what you plan to do with the outdoor panels Once agreed, we send the panels to the location You complete your project and post content tagging akuwoodpanel and sending us all material"
754,Euro Voucher at SOJUBAR TikTok Package,Receive a euro voucher from us to use at SOJUBAR Amsterdam What we ask Follow us on Tiktok sojubar official Make a Tiktok video highlighting the vibe food and drinks This video should be at least seconds long and do not forget to tagg us Please mention all our SOJUBAR locations in your caption Send us all the content video pictures in an email using a WeTransfer link We might use the content but will always mention your account Write a review of your visit on Google and or TripAdvisor
1888,Lunch for individuals at Carmel Market Utrecht,"Enjoy a lunch for people including drinks Choose our Schiacciata sandwich that brings the warmth and diverse flavors of the Mediterranean Sea directly to your table or enjoy a salad or bowl Disclaimer All communication about barters takes place exclusively via this platform Do not contact us via social media, phone or directly with the restaurant If we accept the barter, always send a chat first via Barter Don’t go to the restaurant without an appointment After your chat, we will ensure that the reservation is placed in our system so that our colleagues in the restaurant are aware of your arrival and our agreements"
3113,Promotion of Yumdrum Original,"I am looking for a creator who wants to create authentic content about my handmade water filter systems. In return, you can choose a Yumdrum Original liter. The value of this system is EUR incl VAT. After consultation, another ceramic artwork is also possible as barter"
670,DINNER,We offer you a delicious dinner for two people with four glasses of wine What do we expect from you? We would like to see your experience at Koenraad appear in your Instagram story plus a post or Reel on your feed Don’t forget to tag us
452,LUNCH TIME.,"In exchange for cool content, a Lunch is offered with a cocktail of your choice consisting entirely of items. What we expect from you A mention on your story and a Reel Post of the super tasty food drink atmosphere Tag us in your message"
3360,Solve this Victorian murder mystery case.,Hi We are looking for International Dutch content creators that want to make content for our murder mystery case file escape style game On Circus Grounds You get sent the game box that includes documents map Victorian photos rolled up encrypted notes and more You work as a detective to piece together all this evidence draw the right conclusions solve puzzles and ultimately figure out who killed the circus director and why It s a beautiful authentic looking game for people that love a historical Victorian aesthetic and setting are into mystery true crime and romance and intrigue We feel we fit in with boardgame aesthetic and booktok content creators Playtime varies between hours depending on your skill level with escape style and murder mystery case file games We have English and Dutch versions to send out and accept content in both Dutch and English
3416,CSN tweezers.,"Are you a beauty skincare or lifestyle influencer and would like to receive an exclusive CSN Tweezer for free? This premium tweezers with Oval tip is perfect for precision and grip, a must have for beauty lovers. What do you need to do? Comment below if you are interested. We will choose a number of influencers who will receive a free CSN Tweezer. In exchange we ask for a post story about your experience and a tag to our brand. Bonus: we give a special discount code that you can share with your followers"
2355,Photoshoot of a product photo,I want to make product pictures.
3124,TEST free home living products,Luxury bathroom upgrade Hang this design towel rack without drilling About This Deal Do you have a love for interior styling and want to inspire your followers with smart design solutions? Luxurious appearance without drilling Handmade in the Netherlands minimalist and functional Fits into any modern interior What you get COHOSO Towel Rack Minimalistic luxury no hassle with screws Keep your toilet neat and stylish Unique content for your target group Nice opportunity for more discussions collaborations and ideas In exchange for your creative and authentic content we help you discover exclusive sustainable design products
3243,Nicer Dicer Chef vegetable slicer cuts quickly and easily at the touch of a button.,You will receive a free Nicer Dicer Chef vegetable slicer to create a nice social media post. A discount code has also been created that you can share with your followers. We will also share the content on our own channels to use extra exposure so we can make better use of the content. Link product for more info https tommyteleshopping com products nicer dicer chef delige groentesnijder
1763,Get a FREE sushi gift set to,"We are looking for enthusiastic creators to collaborate with. Sign up and make an entertaining unboxing video in exchange for a sushi giftset t w v What we expect from you Unboxing Video Make an entertaining and spontaneous unboxing video where you open the giftset and showcase the items in a fun way Creative Presentation Play along with the holidays and give your video a festive twist Think of cheerful music, warm colors and maybe a subtle hint that this giftset would be an amazing present for sushi or food lovers Your Experience Tell your followers why this gift is perfect for the holiday season Call to Action Don’t forget to share your exclusive discount code. With it, your followers can get a discount and give or use the set during their holidays Do you have an Instagram or TikTok account with at least followers and do you want to take part in this deal? Sign up now and join us"
3361,Coolenator the wine cooler everyone wants to have,The wine chiller with removable ice element that everyone wants You get a Coolenator of your choice www coolenator com and a personal discount code for your followers With every sale made with your code you receive from us
3025,Formula experience at Racesquare,"Are you an influencer and do you want to introduce your followers to a unique racing experience? Dive into the world of Formula at Racesquare Step into our high-end simulators and compete against friends, colleagues or family. Feel like a F1 driver on your favorite circuit. Suitable for everyone, no previous racing experience required. Perfect for team outings, company events, bachelor parties, children's parties or as a fun day out. We are open to various collaborations. What we offer Depending on your reach, you will receive an experience worth followers followers followers The exact collaboration and compensation is always negotiable. We like to think along with you Where can you post Instagram TikTok YouTube or a combination Your assignment Make a post and story with the hashtag racesquare and inspire your followers with the ultimate Formula experience at Racesquare Locations Zandvoort Zwolle Rotterdam Kerkrade Utrecht and Alkmaar Curious about all our races and arrangements? Check out racesquare nl for more information Are you interested? Reply directly to this collaboration and we will contact you soon."
3125,Electric motorcycle experience indoor,Unique group or individual activity on an electric motor Bring max friends with you and our Marshalls will teach you the tips and tricks on our cross track You absolutely do not need experience Post some nice photos or a reel and tag edirt park We would love to give you a unique discount code for all your followers
1033,Maps on four floors at Bleekemolens Race Planet in Delft,A unique experience to go-karting on no less than four floors. It’s not for nothing that the go-kart track has been named best in the Benelux. Do you want to capture this experience?
3030,Kaaba Educational Building Set,"Assalaamu Alaykum Build, learn and explore with our Kaaba Building Set Featuring LEGO compatible blocks and easy to follow instructions filled with incredible stories and fun facts it offers an unforgettable hands on learning experience Here’s what we are offering What we would love from you feed post and story post The raw video clips of your content for our ads Adding your affiliate link to your bio for hours directly after the feed post What you will receive Our best seller the Kaaba building set retails for Your personal affiliate link earn of all revenue generated through your link If you would like, you can add your affiliate link to your bio from February st to Eid March th in addition to the hours The collaborations we did during last year’s Ramadan brought incredible payouts for the partners due to the high demand for our products and you getting of the revenue"
3244,Test Beet Great Natural Energy Soda,"Beet Great is a natural energy drink based on beetroot juice and pomegranate juice, ideal for anyone who wants to improve their sports performance or simply support overall health. Beetroot is known for its high nitrate content which can contribute to improved blood circulation and more endurance. The natural energy boost of Beet Great makes it suitable for both intensive training sessions and daily vitality. Main features Increases energy and endurance The nitrates in beetroot juice support oxygen uptake and energy production in the body Supports healthy blood pressure Regular use of beetroot juice can contribute to lowering blood pressure Natural and pure Beet Great contains pure beetroot juice and pomegranate juice Sustainable and plant-based A plant-based supplement suitable for vegetarians and vegans Beet Great can be drunk daily as a complement to a healthy diet and active lifestyle. It is ideal for before or after a sporting performance, but can also be used to benefit from the health benefits of beetroot juice on a daily basis. Due to the powerful effect of the beet, users can count on better performances both physically and mentally, which makes Beet Great an excellent choice for athletes, fitness enthusiasts and anyone who wants to increase their vitality"
3413,Bedroom makeover,"We are looking for an enthusiastic influencer who wants to create a makeover video with us, showing how you can transform your bedroom on a small budget. We provide some beautiful products such as curtains, duvet covers and lazy velvet, depending on our agreement. In return we ask for a reel in which you can showcase our products and a story in which you tell more about your experience with the items. It would be great to work together and see your creativity in this makeover."
3362,Breathe Better Create Better Word Breathbuddi UGC Creator.,"Are you crazy about your health and getting the most out of yourself? This is for you! We are Breathbuddi, an innovative brand that focuses on improving well-being through the power of breathing. We sell nose strips and mouth tape worldwide but come from NL You probably know about nose strips, but these are next level They ensure even more air and stay really good even during intense workouts. We are looking for content creators, partners and affiliates. Our nose strips are specially designed to breathe better, get more energy, reduce stress and improve sleep quality. Whether you exercise, work or sleep, our products support your breathing at any time of the day. What type of influencer are we looking for? Healthy, active and authentic creators who like being busy with well-being, sports focus and sleep improvement. Creators who are willing to share their personal experience with our breathing products, whether it is improved sport performance, more focus at work or better sleep quality. Influencers who are active on Instagram, TikTok and have a committed community that values health and self-care. What are we looking for? A few cool photos of your daily life with the nose strip, think about selfies, mirror photos etc. Necessary creator must-have photo during sports can be any sport Foto in bed Foto snoring Before and after Just everyday life photo with a cute photo on it Extra During laptop In sauna What do we want to see in the videos? Video content where you show the use of our nose strips in different settings. All types of sports, sleeping against snoring deeper sleep, better focus and better health. Make hooks in these situations On and off easily put on, not easy to take off sticks really well What makes this nose strip so good? A thick iron in it sticks really well your nostrils really open up You hardly get it off Instagram Stories Reels or TikTok videos where you share your experience with the nose strips and show how they help you breathe better, have more focus and sleep deeper. Show the effect, the difference before and after With the nose clip on sports performance work productivity and sleep quality highlight"
2002,From Swim to Bike to Run The Race Day Bag That Fits It All,"Make two second reels for Instagram that emphasize the capacity of our Worldcup Race Day Bag and explain the functional pockets that accommodate gear for all three triathlon disciplines. In one video you can show how you pack the bag in your room, while in another video you can focus on traveling with the bag. Second video: We send you the bag which you can keep. The bag has a hang tag that explains all its features"
3115,Stimulate online sales through the web shop,"Review of some of our labels with a reference to the website for shopping. Discount codes can be generated that your followers can benefit from What you get in return The bottles you promote plus wine worth Which wines you would like as a reward, you choose entirely yourself You also receive free advice if you are experiencing stress when making choices"
3061,ONLINE communication training weeks min per week,"Improve your communication with my training from communicatieschool nl in exchange for your content Are you an influencer who wants to create valuable content and work on your personal growth At communicatieschool nl I offer you the chance to follow my communication training In return, I ask you to share your experience with your followers via posts vlogs or videos What does the training offer My training is developed for anyone who wants to grow in their communication in a meaningful way Whether you want to work on your relationship, stand stronger in your shoes during collaborations or learn how to speak clearly in conversations this training is for you You can follow the training individually but it is also a great experience to do together What is important is that you are intrinsically motivated to improve yourself What I ask of you As a participant, you create content about your journey during the training Think of vlogs about your learning experiences Inspirational posts with insights and tips Honest stories about how the training helps you grow I believe in authentic personal stories Your unique voice makes this collaboration valuable Why join in A valuable investment in yourself Learn techniques to listen better, speak more clearly and make a real connection Free access to a beautiful training Your participation is free You invest with your creative content Unique content for your followers Inspire your community with valuable insights and personal growth Who am I looking for Influencers who are genuinely interested in personal development Creative makers who want to share authentic and high-quality content People who are enthusiastic about embracing the training and communicating openly about it I am very curious about your ideas about content Are you going to go for this Let s talk"
3126,Making money during a pub quiz.,Create content on your own social media and receive from the purchase made through your discount code Your discount code can always be used and you will always receive it.
3031,From Garlic to Herbs The Must-Have Kitchen Tool,With this barter deal you receive a free GarlicMaster the best garlic press. We ask you to share a review on Instagram or TikTok with photos and videos in which you show how easy and versatile the GarlicMaster is perfect for garlic seasoning and ginger
3245,Lente Ready Skincare Routine,Showing morning or evening routine with Blocky the Octopus.
3433,UGC creators for Haarspullen nl,"Hi We are looking for UGC creators who would like to create content in exchange for selected products from our website. It would be about photos, details of which we will discuss via email"
2347,LifeTag The alternative for the Apple AirTag,"We offer influencers the chance to try out our LifeMate Life Tag, the ideal alternative for the Apple AirTag. This tracker works with the Apple Find My network, so you have the same functionalities as the Apple AirTag. The LifeMate Life Tag distinguishes itself by its affordable price and practical functionality and is designed for people who are looking for a stylish and functional alternative. As a barter deal, you will receive a LifeMate Life Tag pack to review and share with your community. In return we ask for authentic and creative content that informs your audience about this innovative product"
3364,Dinner for two at Trattoria Boretti,"Free starter, main course and dessert for people worth excluding drinks"
3365,Dinner for two at Trattoria Boretti,"Free starter, main course and dessert for people worth excluding drinks"
3363,Dinner for two at Trattoria Boretti,"Free starter, main course and dessert for people worth excluding drinks"
3489,Sleep strips close mouth sleep better,Scientifically proven that healthy breathing goes through the nose instead of the mouth Nose-breathing is very important for your health The benefits of sleep strips are Waking up more relaxed Less often or no longer waking up at night Improved quality of sleep Boosts immune system Nose-breathing helps filter bacteria and viruses No dry mouth in the morning Less dehydrated waking up with mouth breathing causes more moisture loss during the night to nose-breathing Effective against snoring Easy to use while exercising to keep your mouth closed Sleep strips are Hypoallergenic so no irritation on lips A small hole to ensure that you can always breathe through your mouth in case of emergency and prevent a vacuum from forming Transparent so they don't stand out too much
3885,Free keychains.,Make a video about our keychains and get them for free Check out printshark nl
3880,Sourdough Starter Gift Sets for Artisan Home Baking,Review our product.
3235,Book Your Love Dip,"Influencer profile for Love Yourself Influencer Profile Name example Lisa de Vries Age year Niche Relationships self-development and mindfulness Platforms Instagram TikTok and blog Followers micro influencer with high engagement Engagement rate Minimum Content style Personal authentic and focused on storytelling often with practical tips and experiences about love relationships and growth Target audience of the influencer Young adults between year People who are interested in relationships self-care personal growth and strengthening emotional connections Followers who value honest authentic stories and tips that can be applied in their daily lives The Deal What does the influencer get A free physical copy of the book Love Yourself sent home A personal handwritten message in the book to make the collaboration extra special An additional copy of the book to give away to your followers What is expected from the influencer Social media content Minimum Instagram post and or TikTok video in which they share their experience with the book In which they show the book, tell what it means for them and encourage their followers to order it Authenticity Honest and personal experiences about the book Call to action Encouraging their followers to order the book via a link or discount code"
2499,Weekly Transformation Physical and Emotional Growth for Creators,"Are you a creator who is ready to help women make sustainable changes in their life Do you want to have an impact that goes beyond superficial solutions I offer you the chance to participate in a week-long holistic transformation worth not only improving your own health and wellbeing but also enabling you to inspire and guide others towards a more powerful and energetic life This intensive program is designed specifically for women who want to work on building resilience, balance and awareness women who want to live from their heart and soul We dive deeper than just sports and healthy eating this program goes further into the underlying blockages that hold you back We create real breakthroughs on both physical, mental and emotional levels What you can expect A transformation that helps you make better stronger decisions for yourself and your family More resilience in everyday life so you can be stronger more balanced and confident regardless of the challenges you face weeks of intensive guidance where we work together to restore your energy strengthen your body and heal emotional blockages What will we tackle It's all about connecting with yourself on a deeper level where you not only achieve your physical goals but also address your mental and emotional blocks This program goes beyond the usual solutions here we tackle the deeper layers Shadow sides that unconsciously sabotage your progress Seeing and healing deep-rooted traumas that hinder you Breathing techniques that help you deal with stress and tension that often gets stuck in your belly middle rib and around your heart In this program, you will discover what is really holding you back and learn how to transform these blockages so that you can stand again fully in your own love and light Why is this important for you as a creator This program not only offers you the tools to transform yourself but also to inspire and guide others on their path towards personal growth You get the chance to lead your audience towards more sustainable changes both physically and emotionally and thus increase your impact What's in this program Workouts of minutes Belly Workouts x InBody measurement Yoga meditation classes Massages of minutes hour Group coaching Sound Shell session Cacao ceremony hour Total value Bonus online live sessions Access to the Online Fit Program worth"
3131,Valentine's Day prank card.,"Pranktastic is looking for enthusiastic TikTok and Instagram influencers to help spread the Valentine cheer with our Prank Cards. In this case, we want to bring our Valentine Pranks cards under the attention. We are searching for creators who love to bring humor, playfulness and festive fun to their content. If your followers enjoy lighthearted pranks, unique holiday cards and glitter surprises, we would love to collaborate with you. Join us on Barter and let's make this year's Valentine unforgettable."
3884,Free Gaming Accessories,Make a video about our controller holders gaming accessories and get them for free by checking out printshark nl
3883,Free headphone holders.,Make a video about our headphone holders and get them for free
3882,Free Wine Holders,Make a video about our wine holders and get them for free
3598,Sailing on the Alblas.,"NOTE FROM APRIL Get on board and discover the beautiful Alblas while you sail past the iconic Kinderdijk windmills in an hour A perfect mix of peace, nature and cosiness Included in this deal is an hour's sailing with passengers of your choice maximum persons incl yourself Sailing can be from or a bottle of Cava for the road"
3248,Intensity Wellness Box,"This stylish gift set from our gift collection combines modern botanical charm with a touch of luxury, ideal for treating yourself or someone else. The set includes an elegant glass vase measuring cm high, perfect for placing the Syngonium Pixie cuttings in. This unique plant known for its fresh green leaves and compact size instantly adds a lively and calming atmosphere to any space. The vase is beautifully presented in a wooden holder that is not only practical but also a stylish addition to your interior. Together they reach a height of cm, making the whole subtle yet noticeable. In addition to the botanical element, the Intenz wellness box offers an extra layer of relaxation. The set includes a stone candle holder including a porcelain dish and scraper especially for amber. Use the amber to spread a subtle warm scent that creates a serene atmosphere in your home"
3033,Wellness resort Hezemeer Laakdal Belgium,"Create content in the relaxed atmosphere of Hezemeer in Laakdal Belgium With exclusive access before our opening hours, you can capture all the facilities of this atmospheric resort with green restful garden. Note that the footage must be taken before 10 am because we receive guests at Hezemeer. There are NO swimwear days and it is not intended for swimwear to be visible in the footage The barter deal You will receive a day pass for persons to use at Hezemeer OR another classic or deluxe resort of BeWellness www.bewellness.nl"
3599,The Mega Sint Show in Heerhugowaard,"Get tickets for The Mega Sint Show at COOL Heerhugowaard In this popular Sinterklaas show, Party Piet Pablo Love and Sinterklaas take you on an exciting journey. They sing their greatest hits. Dance and sing along with De Pieten Sinterklaas Move or Pietenliefde"
2228,RickRoll Prank Card XMas Boost Pranktastic com,"Pranktastic is looking for enthusiastic TikTok and Instagram influencers to help spread the holiday cheer with our Prank Cards. In this case, we want to bring our RickRoll Christmas card under the attention of a large audience. We are searching for creators who love to bring humor, playfulness, and festive fun to their content. If your followers enjoy lighthearted pranks, unique holiday cards, and glitter surprises, we would love to collaborate with you. Join us on Barter and let's make this holiday season unforgettable. I will never let you down."
454,CHEESY TUESDAY,"Full cheese fondue with dips, fries and wine offered glasses pp What do we expect from you A mention on your story and a Reel Post of the super tasty food drink atmosphere Tag us in your message"
3491,Keep track with our memoboard,"A cork and chalkboard in one. Use this tulip memo board to keep track of your latest appointments, or leave notes for your roommates or guests."
2537,Backerz Ergonomic Office Chair,"We are looking for creative and informative videos about the benefits of our Ergonomic Office Chair Video content Length minutes Style One of these two options Option Comparable to the video in Link Option Comparable to the videos in Link or Link Link https drive google com file d YEjd xQmw lZcUqyptdP TzdDu dO view usp drive link Link https ph shp ee um vsmtt Link https ph shp ee ertwp smtt Tips for both videos Focus on telling stories Make it recognizable and authentic Visual details Zoom in on textures or the adjustment mechanism of the chair With this approach, you get content that is both informative and captivating Ideal for product information You can find it on the product list Free return days reflection period"
2590,Kombucha Premium Tasting Set Experience by Rudy's Kombucha,"About This Partnership We ll send you a carefully curated selection of kombuchas from our premium collection tasting set delivered right to your doorstep Value What is Kombucha and specifically Rudy s Kombucha Kombucha is healthy, vibrant fermented magic made of tea It s a naturally effervescent drink that combines the goodness of tea with the benefits of fermentation Our premium kombucha is crafted to perfection natural and incredibly delicious No vinegary taste here just pure refreshing goodness that will change how you think about kombucha This is how kombucha should be We say Surprisingly Kombucha What Makes Rudy s Kombucha Special Award winning kombucha x International Recognition No added sugar Low calories Vegan Gluten Free Active cultures probiotics Full of vitamins antioxidants Premium taste profile not vinegary unique flavors including Hard Kombucha options Shelf stable no refrigeration needed At least year shelf life Your Tasting Pack Includes Selection of our most popular flavors such as Passion Fruit Mango Lemon Ginger Mandarin Yuzu Raspberry Basil And more surprises including Hard Kombucha"
3368,Free Main Course,Free main course lunch or dinner excluding drinks
3367,Voucher to be spent in our store,"Do you want to give your interior a makeover? We offer a voucher worth that you can spend in our store, for example on a beautiful new dining table. Our tables start from depending on the size and material. In return we would like to see creative content in which you capture the process of choosing and receiving your table. Think about visiting our store where you select your ideal table, the making process and finally the delivery and styling in your interior. Do you have a unique idea for content? We are open to creative collaborations. With this collaboration you can not only enjoy a stylish upgrade for your interior but also inspire your followers with high-quality custom made furniture"
3370,Free Main Course,Free main course lunch or dinner excluding drinks
3369,Free Main Course,Free main course lunch or dinner excluding drinks
3034,Partnership Recruit drivers for Flink,Partnership Recruit drivers for Flink Let s work together to help individuals discover new jobs at Flink What do we ask from you as a creator Create engaging video content for potential drivers which we could use in our campaigns What s in it for you Get paid with x vouchers with free delivery per content Need inspo for your Flink content Here are some perks you should know about We act fast Riders can be hired as fast as minutes and hours We offer industry leading salaries We run bonus campaigns so employees can add to their paychecks every single month Rider choose their schedule Tell us when they re available to work and we ll only assign them shifts within that time Contracts available for non EU students too We provide first class gear a modern e bike or scooter helmet winter and summer gear and equipment Be part of a supportive community
3492,Stay warm with our Heat Pad Pillow Champagne.,Our brand new heat pad pillow Air activated this beautiful pillow will keep you warm. In this deal you get one heat pad pillow and heat pads to test it out. In exchange we would like to have your feedback and the ability to use your content in our brochure with credit
3371,Impossible puzzle free. Legpuzzles nl,Free impossible puzzle of your choice from the stock of Leg Puzzles nl for creation of UGC during the month of March. Posting will be on your own profile and we will repost it in our stories
3064,Free personal training with EGYM,"We offer a free personal training at our location in Leidsche Rijn Utrecht. The perfect location for a sporty video. In Leidsche Rijn you can also make use of EGYM. EGYM is an advanced system for fitness equipment that combines technology with personalized training to optimize your fitness experience. The devices within the EGYM system are designed to automatically adapt to the specific needs and physical characteristics of each user. This happens through an initial calibration that takes into account your dimensions, strength level and training goals. When you use an EGYM device, you do not have to manually adjust weights and settings. Instead, the device recognizes you via a personal chip or wristband and automatically adjusts itself according to your preferences and previous trainings. Discover the power of commitment with COMMIT Personal Training. Whether you are a beginner or an athlete, we are your partner in sustainable change"
3493,Stay warm with our heat pad pillow Dark Brown,"Our brand new heat pad pillow Air activated pad will keep you warm. In this deal, you get one heat pad pillow and heat pads to test it out. In exchange we would like to have your feedback and the ability to use your content in our brochure with credit"
3035,Wellness resort SpaSense,"Create content in the cozy atmosphere of SpaSense in Geldrop With exclusive access before opening time, you can capture all sauna s baths and the restaurant of this atmospheric resort. Note that the image material must be made before 9 am due to receiving guests SpaSense has NO swimwear days it is therefore not intended that swimwear is visible in the image The barter deal You receive a day ticket for persons to use at a classic or deluxe resort of BeWellness www.bewellness.nl"
1116,Home Dinner,Choose from Nadia's favourites on our menu a couscous for two people and take it away to the park Enjoy Maroc Vegan Couscous Special Tfaya Chicken Couscous Royal Classic Maghreb Small couscous for children
3132,Mothers Day Prank Card,"Pranktastic is looking for enthusiastic TikTok and Instagram influencers to help spread the Mother's Day cheer with our Prank Cards. In this case, we want to bring our Mother's Day prank cards under the attention. We are searching for creators who love to bring humor, playfulness, and festive fun to their content. If your followers enjoy lighthearted pranks, unique holiday cards, and glitter surprises, we would love to collaborate with you. Join us on Barter and let's make this year's Mother's Day unforgettable."
3871,Children's book Saffraan Sjalot year,"Saffraan and Shallot is the nicest children’s book for kids from year old. The story of Saffraan and Shallot are special children in the fourth generation of the remarkable Roux family in the hospitality industry. They work this summer together with their most famous and special restaurant, Het Zwarte Schaap. And here everything is different than normal. Interior, guests, menu, staff; everything is special here. Saffraan has the gift of taste just like his father and ancestors before him, and he discovers the most amazing new dishes and flavor combinations in the kitchen. This even brings him to an important cooking competition in Paris. Shallot helps her aunt in the service of Het Zwarte Schaap and understands what guests of the restaurant really enjoy. Everything goes out of hand. That’s when Shallot makes the best of it. Experience amazing adventures with Saffraan and Shallot at and around restaurant Het Zwarte Schaap. The book with pages is written for children between 6 and 12 years old. The book is filled with inspiring stories and real recipes"
3372,Handmade sweater voucher EUR,Hey there! Unlock a shopping spree at the Olandino.com website. Use your code to choose from our stunning collection of handmade Merino Wool and Cashmere pieces. Create content for permanent post and one review.
3600,The Mega Sint Show Hengelo,"Get tickets for The Mega Sint Show at Schouwburg Hengelo In this popular Sinterklaas show, Party Piet Pablo Love Piet and Sinterklaas take you on an exciting story and they sing their greatest hits. Dance and sing along with De Pieten Sinterklaas Move or Pietenliefde"
3279,Valentine deal Your Valentine on us,We give you FREE FOOD and you give us a SHOUT OUT Win Win for us Order from Vegan Burger Brothers for a delicious and nutritious meal at home and tell us how meaty it tastes For you can choose from our mouthwatering burgers loaded fries onion rings chicken nuggets and more Don’t forget to check out our Instagram and follow us Veganburgerbrothers for the latest updates and exclusive online deals Let us know which city you live in and let s make a barter deal
3490,Stylish high-end silver ring for free for you,"Stamm Hardware is a new men’s jewelry brand. We make handmade, high quality jewelry. We offer a unique, handmade silver pendant t w v to choose from. You can find it on our site. Note that we only offer silver. Furthermore, we offer a discount code for your followers. We are looking for influencers who create unboxing videos and styling content aimed at men. Our brand is high end and should be presented as such."
3133,Preview of the Thriller First Degree,"Psychological Thriller First Degree Are you a content creator with a passion for books and thrillers This is your chance to be one of the first to read the book First Degree, an engrossing ecothriller about power, ethics and climate What do you get A free copy of First Degree before the official release Do you want to know more about the book First Degree? Be sure to watch the trailer and reviews https dutchmarq nl eerstegraad"
3494,Eco-friendly free washing strips,"Hi Enjoy up to two washes with an eco-friendly, plastic free and effective detergent Kies Washzz receive our product for free and let your creativity run wild join us now"
3601,Quilt cover of your choice,Do you want to receive a free duvet cover pillow or another item from our collection? We are looking for creative content creators who can make a reel and story with our products. Show your followers how they can transform their bedroom and make something fun out of it What we expect from you Creative and original content with our products A reel and story that reflects your unique style Mentioning our brand as contributor in your post Agreeing that we can use the material in the future for advertisements
3037,FREE GIFTCARD,Please do not apply for more than one store or date just apply for the store you can visit on the day you can visit We will give you a free giftcard at the store during your visit to spend on whatever you like from our products in return we expect a fun colorful video of our store and the items you bought
3258,Champagne facial,You will receive a Champagne Facial of minutes in which you will be treated with the high end brand iSClinical Treatment consits of cleansing skinanalyses champagne mask extractions eyebrow waxing face and sholder massage hydrating mask serum and moisurizer with spf
3469,Beautiful expensive silver ring for you for free,"Stamm Hardware is a new men’s jewelry brand. We make handmade, high quality jewelry. We offer a unique, handmade silver pendant t w v to choose from. You can find it on our site. Note that we only offer silver. Furthermore, we offer a discount code for your followers. We are looking for influencers who create unboxing videos and styling content aimed at men. Our brand is high end and should be presented as such."
3112,Share Let your followers join in,"Good wine is meant to be shared. By collaborating, you not only engage your followers but also give them the chance to win a delicious organic wine. Do you want to surprise your community together with Grape N Green? Then join this Share Win action. The deal You receive one bottle of wine to taste and share with your followers Your followers have the chance to win the same wine via a contest Optional: you get an exclusive discount code to share with your followers What do we expect from you At least one post or Reel Story in which you introduce the wine and explain how followers can win The participants are asked to react on the post and Grape N Green is followed Optionally, extra tasting content in which you share your experience with the wine Mention Grape N Green and refer to our webshop Cremant excluded from deal"
3135,Influencer models wanted MV Make fitness lifestyle empowerment posts with our outfits,"Discover the unique combination of strength and fashion with Defeat Your Demons. Our brand was born from a passion for empowering people while elevating their style at the same time. We believe that fashion is more than just clothing, it's an expression of your inner strength and self-confidence. At Defeat Your Demons we combine powerful messages of self-empowerment with trendy designs. Our collection includes both inspirational textual designs as well as our iconic Demon Slayer designs perfect for anyone who wants to feel strong and stylish on and off the sports field. We are looking for dynamic influencers, male or female, who share our vision and want to help spread it. As our ambassador you will receive exclusive pieces from our collection in exchange for engaging posts, reels and stories on your social media. Share your experience with Defeat Your Demons and inspire your followers to stand up strong with our fashionable and empowering outfits. Become part of our movement and show the world how fashion and empowerment go hand in hand."
3259,UGC Creators wanted Premium Fashionable work shoes for unique content,"We are looking for creative UGC creators who can make cool and authentic content in exchange for a free pair of our stylish work shoes. What you get A free pair of Berado's latest stylish work shoes Top quality shoes with ultimate comfort and protection Possibility of long-term collaboration with paid assignments What we are looking for Short and dynamic UGC videos in which you wear the unboxed shoes and show them off Close up shots, lifestyle images and video shots in which you talk about the shoes Creators who can convey an authentic and energetic vibe Your content may be used on our social media advertisements or website. The content does not have to be posted on your own social media, this is of course allowed"
3721,NEW DR. LEENARTS TANNING DROPS UGC,"Test first the new Tanning Drops from Dr. Leenarts Bruin without sun With the perfume-free Tanning Drops you have sunkissed skin in three drops For face and body Bruin without sun in a responsible way Without perfume and other irritating ingredients Only ingredients For every skin type even sensitive skin Note that the Tanning Drops are only available from week onwards So if you yourself is going to post content, it may not be online before this week You will receive Dr. Leenarts Tanning Drops Day Cream with SPF for oily or normal skin Suncare Spray SPF Lipcare Sun SPF"
3496,Stay warm with our heat pad pillows Brown fur,Our brand new heat pad pillow Air activated this beautiful pillow will keep you warm. In this deal you get one heat pad pillow and heat pads to test it out. In exchange we would like to have your feedback and the ability to use your content in our brochure with credit
3603,Play Share Get an Unlock Board Game,You get free copies of unlock Unlock and the kids version It is about Dutch versions
1615,Custom Design Mugs,We are looking to reach more companies with our coffee mugs that we specialize in custom printing logos on coffee and tea mugs. Also looking for barista influencers to create latte art with our mugs.
3604,RECEIVE A FREE MOOIJA Lamp Worth,"Do you love interior design and regularly share content about your home? We are looking for a creator to receive and showcase our beautiful circular lamp with their followers. What do you get? A stylish and sustainable pet felt hanging lamp worth €19,95. A beautiful addition to any stylish interior. Free shipping. Potential for long term collaboration."
3260,UGC creators wanted Get free work shoes and a chance at paid collaborations,"We are looking for creative UGC creators who can make cool and authentic content in exchange for a free pair of our stylish work shoes. What you get A free pair of Berado's latest stylish work shoes Top quality shoes with ultimate comfort and protection Possibility of long-term collaboration with paid assignments What we are looking for Short and dynamic UGC videos in which you wear the unboxed shoes and show them off Close up shots, lifestyle images and video shots in which you talk about the shoes Creators who can convey an authentic and energetic vibe Your content may be used on our social media advertisements or website. The content does not have to be posted on your own social media, this is of course allowed"
3189,Paid collaboration Partybus App,"We would like to advertise the content with TikTok Spark Ads. The Partybus App is THE drinking game of this moment. How it works: Partybus is ingenious in its simplicity. You challenge your company to perform hilarious tasks or answer bizarre questions. And it's not about right or wrong, but about courage, bluff and especially a lot of humor. We would like to set up a paid campaign for our app together with you. Check out the campaigns we have already carried out here https://vm.tiktok.com/ZNeKnMVFW ask for the link in chat. But other creative video ideas that you have for our app are of course also welcome. The video must explain what Partybus is and arouse curiosity to encourage downloads. Interested in collaborating? If so, what are your ideas and rates for a video? Check out the app in the App Store by searching for Partybus Partyspellen"
3257,Shop products from Pillowpal nl,"We are offering a shop credit of to try luxury bedding and sleep accessories. Our range includes stylish duvet covers, eye masks, decorative pillows, blankets and much more. Ready to show your followers the ultimate sleep experience? Claim your shop credit and let’s collaborate!"
2995,Looking for extras for a content shoot.,"GlowGolf and EscapeBox Scheveningen are looking for extras for a content shoot. The first shoot will take place next Monday afternoon. We are looking for a group of up to people, children from the age of ten and young adults. You will be a model and you will receive free entrance tickets per person for GlowGolf EscapeBox and MirroMaze with a total value of euro per person. Sign up or get more information by sending us a message via chat"
3879,Free Action Paint Experience for girls,"MAKE MESS NOT STRESS at Action Paint Atelier At Action Paint Atelier we offer an experience that is good for your feed. Create together with your colorful, energetic content while you let loose with paint. For influencers, a one-hour session for you and your bestie. Photogenic canvas x cm experiment paper Protective clothing All paints and materials in various colors for your feed Selfiesticks to shoot great content In the heart of Naaldwijk with good lighting and space for making reels and photos Free parking at a bus stop just minutes away READY TO CREATE CONTENT THAT POPS"
3261,Deep Breath Ice Wellness Experience,"Reset your mind, awaken your body and embrace the cold Le Blu invites you to an invigorating Breath Ice experience designed to help you break mental barriers, boost resilience and reconnect with your breath. What to Expect Guided breathwork session for deep relaxation Ice immersion to strengthen your body mind A transformative experience in a supportive setting Location Elviria Marbella Date Time February AM PM Join us for a powerful wellness reset and share your journey with your audience"
3607,Gift for a newborn baby.,Luxury baby gift hamper with name to compose yourself up to Euro
3373,Shilafit Review,"PARTNER PROGRAM Get a free pot of Shilafit and join our partner program. See below Experience the power of natural nutrition for your well-being and vitality. Shilajit is a rare natural resinous mineral that is formed by centuries of decomposition of plants and organic matter in mountainous areas, especially in the Himalayas, Altai Mountains and other high mountains Rich in fulvic acid minerals and antioxidants, Shilajit has been known for centuries in Ayurvedic medicine as a powerful means to support energy, endurance, cognitive function, immune system and overall well-being. It helps reduce fatigue, promotes healthy hormone balance and contributes to a strong body and clear mind. Are you just as enthusiastic about Shilafit as we are? Then become a partner and earn commission on all purchases made through your unique link or discount code"
3497,Stay warm with our heat pad pillow Grey Fur.,Our brand new heat pad pillow Air activated this beautiful pillow will keep you warm. In this deal you get one heat pad pillow and heat pads to test it out. In exchange we would like to have your feedback and the ability to use your content in our brochure with credit
3263,Go stickers.,Bring children's shoes to life with our shoe stickers We offer unique shoe stickers with more than different themes from animals and fairy tale characters to space adventures Perfect for parents who want to help their kids learn left and right in a playful way What you get is sets of shoe stickers according to your choice The chance to make a creative and playful post What we are looking for Is a fun authentic post or video where you show how the stickers work A spontaneous reaction from a child optional A short caption where you explain how handy and fun the stickers are This is a perfect deal for mama and papa influencers kid-friendly content creators and everyone who has a love for cute useful products
916,All choco lovers Free sample box of our chocolate cups,"Stroap The place for SMART SNACKING. Stroap’s snacks are rich in protein and fiber, and contain few calories. With our choco cups you have a tasty, easy and healthy snack at hand. Perfect after the gym during coffee or just as a snack You're in for a treat"
3013,Wellness Estate De Valkenberg,"For our brand new Wellness Landgoed De Valkenberg, we are looking for enthusiastic content creators who want to create visual material for our social media channels and your own channel. We would like to receive beautiful atmospheric images of our wellness resort not hotel that are suitable for TikTok and Instagram Reels Note the image material must be created before 10 am in connection with receiving guests De Valkenberg has NO swimwear days, so it is not intended that swimwear can be seen on the images. You will receive a day pass for persons to use at a classic or deluxe resort of BeWellness www.bewellness.nl"
3136,Beyond the Stay Explore The Florian,"We invite influencers to enjoy a one night stay in our Deluxe Double Bath Room designed for relaxation and fun. As part of the experience we encourage you to highlight our unique bathtub feature, so we will borrow a rubber duck for a playful touch. Beyond the room showcase the full Florian experience: Relax Recharge Access to our gym sauna Start the Day Right Enjoy a delicious breakfast Sip Socialize One complimentary drink at our bar Vibrant Atmosphere Capture the stylish design lively energy of the hotel. We want a fun engaging video that highlights how The Florian is more than just a stay it s an experience. Get creative, enjoy every moment and share the joy with your audience."
3438,Twelve million scarves for twelve million heads,"Why you want this set Fast fashion We are for Our knitwear is timeless, sustainable and made from recycled materials such as old jeans No waste but top quality Made of recycled materials better for the planet Super soft warm and breathable Stylish and timeless always fits your look What you get A hat scarf of your choice from www twelvemillion nl The value is maximum"
3137,Sleep Comfy Fidget Blanket,"Discover the Sleep Comfy Weighted Blanket Thanks to deep pressure stimulation, this blanket provides ultimate relaxation and helps you fall asleep faster Ideal for stressful days Productlink https sleepcomfy nl sleep comfy weighted blanket Size kg"
3862,Enchanted Cocktail Workshop,"Begin your journey by donning a custom wizard s cloak choosing your preferred house color in advance. Your magical evening kicks off with a delightful welcome cocktail that sets the tone for the enchantment ahead. Then under the expert guidance of our renowned Potions Master, you ll craft two extraordinary cocktails each bursting with imaginative flavors and a touch of wizardry. This isn t just any cocktail workshop it s an immersive interactive adventure perfect for content creators. As a UGC influencer, you have the opportunity to capture every magical moment from the custom cloak experience to the creative cocktail concoctions making your audience feel as though they ve stepped right into a world of wonder."
3608,Post a TikTok and get a dressing kit with it.,"We are Dit is Dressing A dressing that originated in restaurant de Heerlijckheid in Sleeuwijk Our sweet vegetable dressing will be available from April at Jumbo supermarkets The sweet vegetable dressing tastes good with carpaccio salad, sandwich or as a dip for the drinks platter"
2087,KARAOKE BLÉER,Ready to sing your heart out Join us for BLÊR at Bar Bley on Thursday evening from with this exclusive package A private karaoke booth soju shots and a cocktail perfect for groups up to people and valued at over What do we expect from you Capture the fun by sharing a Reel and or Instagram stories throughout the evening Show off your karaoke skills drinks and the amazing atmosphere at BLÊR
3264,Carnival promotion.,We are looking for someone who wants to do something fun with Carnaval You can choose from any item from our webshop and you get a budget of Your get a personal discount code for your followers You may also come here in our store Borsbeek Antwerpen to choose one out of them to make a nice vlog of it
3723,Unique opportunity for you to get a high-end silver ring!,Stamm Hardware is a unique jewelry brand that specializes in tough handmade jewelry of high quality. We offer a silver jewelry item of your choice for free. You can choose it on our site. We are looking for influencers who create unboxing videos and styling content. Our brand is high end and should be presented as such
2163,Amsterdam Japanese food review,Enjoy a voucher to order a specialty dish from our new Japanese chef Indulge in a fresh homemade Japanese meal and share your experience with your followers as we introduce Homemade What We Love from You Instagram TikTok Post Share a review featuring your meal highlighting both the dish and Homemade’s concept Emphasize our commitment to bringing high quality authentic homemade meals directly to local customers in Amsterdam Explain Our Concept In your content introduce Homemade as a platform that connects people with passionate home chefs creating delicious meals from their kitchens bringing a more sustainable and personal touch to food delivery Permission to Share By participating you agree to let Homemade use your content for marketing purposes including ads We’re excited to spotlight your creative review as part of our Amsterdam launch
3265,Carnival promotion for kids.,We are looking for a parent who hasn't got a costume yet for their child for Carnaval You can choose from any item in our webshop and you get a budget of Your will receive a personal discount code for your followers You may also come to choose it on the spot at our store Borsbeek Antwerpen so that you can make a nice vlog out of it
3440,wanted tik tok creator,I need someone who can make Tik Tok videos for me.
2161,Homemade food review,"We are offering a voucher for you to order from the Homemade platform. You can choose from any of our local chefs here in Enschede and enjoy a delicious meal while sharing your experience with your followers. What we would love from you Instagram TikTok Post Share a food review featuring your meal from Homemade showcasing our platform and concept Highlight how we connect people to quality affordable homemade food prepared by local chefs in Enschede Explain Our Concept In your content explain the idea behind Homemade, how we are making food delivery more sustainable and local by supporting talented chefs working from their own kitchens Permission to Share By participating in this collaboration you agree to allow Homemade to use your content for marketing purposes including ads. We believe that your creative touch will help us reach even more food lovers"
2162,Rotterdam food review,We are excited to offer influencers based in Rotterdam or who frequently visit an exclusive opportunity to partner with Homemade as we expand our reach Deal Details Receive a voucher to order from Homemade allowing you to select from any of our local chefs Enjoy a delicious meal and share your unique experience with your followers showcasing Rotterdam s growing network of talented home chefs What We d Love from You Instagram TikTok Post Share a food review featuring your meal from Homemade showcasing both the dish and our platform s concept Highlight how we connect people to quality affordable homemade food made by local chefs right here in Rotterdam Explain Our Concept In your content share Homemade s story a platform that s revolutionizing food delivery by supporting chefs working from their own kitchens to bring fresh sustainable meals directly to local customers Permission to Share By participating you agree to allow Homemade to use your content in our marketing efforts including ads Your creativity will help us introduce Rotterdam s food lovers to our unique sustainable approach
3609,Post a TikTok and get a dressing kit with it.,"Are you someone who is always looking for new products? Then try the Sweet Vegetable Dressing from Dit is Dressing. It’s a creamy sweet dressing that can be used with your salad, sandwich or snack board. With this video we would like to highlight the benefits of the packaging. You can enjoy every drop because you can squeeze it completely, it’s easy to measure and after use it is recyclable."
3724,Free unique art print,We offer you an Artprint on canvas or aluminium Dibond The size goes up to x or x depending on the design Bigger is also possible but that has to be negotiated View our Artprints at Bol com https www bol com nl nl w alle artikelen kreggel schier art or search for Kreggel Schier Art on Bol com
3722,"Padel players, attention FREE products",Are you a fanatic padel player and do you like to share your passion with others? We have something for you. We are looking for enthusiastic creators who want to try out our products and share their experiences.
3374,Soap block for men and women can participate.,In exchange for a few natural soap dispenser and soapsaver blocks I would like to see a video about using them in the shower from chest height up with lots of foam Promote everything in concept the scent and of course plastic free Also easy to take to the gym in your sports bag instead of all those separate soap bottles
3498,Your free booster pouches of Myco Mix Gummies to v,"Do you want to naturally boost your focus and performance? Get two free pouches Myco Mix Gummies t w v from GoEazy. These gummies are full of powerful mushrooms such as Lion s Mane Cordyceps and Reishi, and support your brain energy and overall well-being. What will you get x Myco Mix Gummies stuks t w v A delicious easy to take daily supplement boost. Completely plant-based and free of artificial additives. What do we expect from you? Instagram or TikTok video in which you show the gummies and tell about your experience"
3441,Product promotion,Filming a product in use for hair
3610,Paid collaboration Erection problems,"Per video, I would also like to share an unedited version without subtitles or music. Shared post Please indicate if you prefer a shared post. Additional insights We are happy to provide input for a catchy video"
3887,The Matcha Crew.,"We are going live with our new website from The Matcha Crew and would like to create a bit of buzz. That is why we thought, why not collaborate with you to start the hype? What do we offer? Premium organic matcha whisk fresh and full of flavor Perfect for a delicious matcha latte. What do we ask for? Videos and photos of your perfect matcha latte and matcha creations Share your experience with your followers and show them why matcha is such a gamechanger. Why you should participate You get top quality matcha to experiment with and share. It’s an easy win for content that will definitely inspire your followers Help us rock the site launch and spread the matcha love If you are interested in joining, let us know and we will send the matcha your way Let's make some matcha magic happen"
1866,Pick a sterling silver item of your choice.,Pick a Sterling Silver item of your choice at the store location Clercqstraat Amsterdam
3139,Hydrate Glow with the Bio Collagen Mask.,We are looking for a creator to share an Instagram Reel or TikTok video featuring our best selling Bio Collagen Mask What we are offering A free box of our Bio Collagen Masks contains masks The chance to collaborate with a premium skincare brand Potential for future paid collaborations Join the élanora ambassador program and earn commission on every sale through your unique link
3499,Ceramic Spray Drying Cloth,"In exchange for videos on TikTok and Instagram, the relevant influencer receives a ceramic spray and cloth"
1773,Learn active writing with the online course Business Writing in Dutch,"How to take away resistance from your readers. How to activate and excite your readers. Learn all the persuasive writing techniques in the online course Commercial Writing by certified trainer Zakelijk Schrijven The online course contains clear explanation videos, many practical examples, tips & tricks and handy infographics. Including certificate"
3888,Gifted treatment of choice House Of Bratz Maastricht,Receive a gifted treatment of your choice valued up to House of Bratz is a high end clinic specialising in fillers botox advanced skin treatments and IV therapy Visit houseofbratz on Instagram to explore our work and get a feel for our signature approach
161,For Men HMN Skincare Check My Skin,Please use the Check My Skin AI tool https://www.hmnskincare.com/check-my-skin and create a fat UGC video of it The goal of the video should be that anyone who sees the video wants to use the tool immediately
3140,Get Fit at The Florian Your Gym Experience,We are offering influencers one week access to our gym at The Florian Hotel Message we want to share Our gym is well equipped with everything you need to work out whether you re here as a guest or you d like to become a member if you re local to Hoofddorp We want to highlight how The Florian Gym is a fantastic feature of our hotel showing it as a place where guests can keep up their fitness routine while traveling or even a great local option for those in Hoofddorp looking to join a gym
3611,Paid collaboration Hair loss,"Per video, I would also like to share raw content without subtitles or music Shared post Please indicate if you prefer a shared post Additional insights We are happy to provide you with input for an appealing video"
3500,Mountain bike rental.,"Enjoy the best mountain bike routes in the Netherlands with our high-quality rental bikes At Nudge Cycling, everything revolves around quality and perfection You get a top-quality mountain bike that we adjust to the right height on site In addition, you receive a short instruction before setting out Our location is directly adjacent to the forest so you can start your route immediately"
3889,Experience Dinner in Motion for two,"Enjoy a unique dining experience at Dinner in Motion, including full-course high-end menu and paired drinks and wine worth per person"
3376,Model calls for fillers and/or botox,Model call for fillers botox What we’re offering Fillers lips nose chin cheeks jawline off for ml and off ml Botox off per zone All treatments are performed by experienced doctors What we’re looking for in return At least Instagram or TikTok post video and Story sharing your experience Content should feel professional and natural tagging our clinic and location Content to be discussed and agreed upon prior to posting What we’ll do Our team will also create professional content during your treatment including photos and videos This content may be used for promotional purposes on our platforms with your consent Why collaborate with us We are a professional cosmetic clinic with experienced doctors offering personalized guidance and care We’re looking forward to teaming up and creating amazing results worth sharing
3267,Transformative Floating Soul Fire Experience,"As the fire burns and the embers glow we are reminded of the power of transformation. This experience is a journey of release, renewal and reconnection, a sacred moment to ignite your inner strength and step into it with clarity. What to Expect A powerful fire ceremony to release and transform Breathwork movement practices for deep connection Guided intention setting to embrace new beginnings Location Elviria Marbella Date Time February Step into the flames of your own evolution and share this experience with your audience"
626,The Sunny Burger Co Dinner for credit,"Try the best rated plant-based burger bar in Amsterdam now. We offer you a dinner for credit which you can spend on a dinner at the restaurant dine in only. Join us for a guilt free indulgence and experience a burger like no other, your taste buds and the planet will thank you Plant based Sustainable Tasty For the future"
3141,Promote Our Clothing,Promote our clothing via TikTok and Instagram. You get a free clothing item from Soflier com. We sell mainly in the Netherlands and Germany.
3501,Absolute Bundle Deal,You will receive a bundle worth
3851,Orange hoodie King’s Day outfit inspiration,"We at TrueGentleman offer influencers the chance to receive our exclusive orange hoodie in exchange for a TikTok video with Kingsday outfit inspiration What you get A premium TrueGentleman orange hoodie Men's Women's model available Chance on long-term cooperation What we expect from you Minimum one TikTok video with Kingsday outfit inspiration in which you wear and style the hoodie Use viral hashtags about Kingsday, the more the better Link to our webshop www truegentleman com A creative energetic and festive video Do you want this deal Sign up quickly"
3268,New Moon Intention Setting Ceremony,"The new moon is a time for fresh beginnings and powerful intention setting, a sacred opportunity to manifest your dreams and step into new possibilities. This ceremony will help you align with lunar energy, set clear goals and welcome transformation. What to Expect Guided intention setting ritual to manifest your goals Breathwork meditation to align with new energy A sacred space for clarity, transformation and self discovery Location Elviria Marbella Date Time February Join us for this powerful New Moon Ceremony and share your journey with your audience"
3142,Baby changing basket Diaper bag,We are looking for content creators to showcase our Baby Changing Basket Diaper Bag What's in it for you FREE premium baby essentials What we need from you Create engaging content highlighting the product's features your experience Grant us permission to use your content for promotional purposes Let's help parents stay stylish organized
3435,I am a woman.,"About Meedin and why you want this sweater Fast fashion We don’t do that Our men's sweaters are honestly more sustainable and simply produced here in the Netherlands No unnecessary waste, but an ultimate comfortable sweater without disturbing seams Made in the Netherlands a positive change in the clothing industry merino wool soft breathable and temperature regulating Timeless design for every season and occasion What you get A Meedin high quality sweater with a strong story Model crew neck or round neck Color navy dark brown taupe black melee gray melee Size S M L XL XXL Length cm cm or cm Note these are men's sweaters"
3612,Reiki course Amsterdam Almere English,Unlock Your Healing Power with Reiki Ready to tap into your inner energy and discover the magic of Reiki Our Reiki course based on the traditional Usui Shiki Ryoho method gives you a solid foundation in just two days You ll learn how to use Reiki for self healing and to support others on their healing journey Over two transformative days you ll experience four powerful Reiki attunements aka initiations that help you fully open up to this incredible energy It s a deep dive into self discovery healing and balance perfect for anyone looking to bring more peace power and positivity into their life Got questions Email amy nederlofcentrum nl or hit us up on WhatsApp at
3502,Get a Free Cast Iron Grill Pan and Show the World How to Cook the Perfect Steak,"We are looking for content creators with a strong reach to help us spread the word about grilling with our LEO Grillpan Graphite Cast Iron Ø cm https downdraftchef com collections grillpannen products leo gietijzeren grillpan cm graphite In the U.S., cast iron grill pans are already a kitchen staple, but here in our region too few meat lovers realize that this is a must-have for those days when it's not BBQ weather but you're still craving that perfect seared steak. We want to showcase how this pan delivers restaurant quality grill marks, deep flavors and an unbeatable sear making it the next best thing to an outdoor barbecue. If you have an engaged audience of food lovers, home cooks or grill enthusiasts and can bring this story to life, we'd love to collaborate. Let's cook up something great together."
3269,Best sleep supplement ever,Snoozeshot is the best and most fun sleep supplement in the Netherlands Former poor sleeper Anton van Beusekom from Amsterdam has worked with his team for two years on this formula with ingredients including Lactium
425,Release video Sarek,Like and re-share the post of the release video of the days survival trip through Sarek
3270,High Wine package You will receive the wines at home,To promote the wines from GoldenWines you will receive three wines from Het Wijnhuis Astoria. The wines will be presented through a self-organized wine tasting or drinks evening with a link to the website.
3445,Grab and Mix Drink Promotion,Receive cans of Grab n Vodka Mix and cans of the new launched Camaretto worth €
3727,OCANE Flagpole,"We are looking for a nice enthusiastic person who finds our product OCANE interesting. We would like to have a short video clip for social media in which the product is explained. In return, the influencer gets our product for free. If other negotiations are wanted, that can always be done."
3890,Free treatment of choice House Of Bratz Antwerp,Receive a gifted treatment of your choice valued up to House of Bratz is a high end clinic specialising in fillers botox advanced skin treatments and IV therapy Visit houseofbratz on Instagram to explore our work and get a feel for our signature approach
3436,The Ultimate Relationship,"Collaborate with the FREE Day Academy Help your followers to have a strong and loving relationship Do you want to make a positive impact on couples who want to strengthen their relationship? Then the FREE Day Academy for True Love is the perfect match What does the FREE Day Academy for True Love do We help couples to give their relationship a boost, whether they are experiencing problems or not With our unique approach we teach couples how to create deep connections Better communication without assumptions Understanding each other's love and attachment Breaking patterns and having more fun No waiting time Couples can get started right away What does this mean for you as an influencer You will receive a fee You will receive an exclusive discount code for your followers For every sign-up via your code, you will receive part of the total amount per sign-up You are promoting a service that really makes an impact on relationships Do you want to join in and help your followers have a stronger loving relationship Let's collaborate together"
3143,Free Group Space Retreate Special,Perfect for Groups Ideal for bodywork ice baths yoga ceremonies or workshops sound healers fire circles retreats The space of gardenofgrowth nl is equipped with ice bath sauna annex in the garden currently being built Why here The Dreamhouse is a spacious light and serene space that is perfect for various activities adjacent to a beautiful garden on a particularly quiet location Thanks to the soothing energy and open atmosphere it is a place where deep transformation and awareness take place What makes The Dreamhouse unique Space Light High ceilings lots of daylight and an open layout for a free natural flow Soothing Energy A place where participants feel safe and comfortable for deep transformation Flexible Inspiring From breathwork to coaching and from sound journeys to retreats everything can happen here
3728,Bespoke head covers,We will make you a custom golf head cover for yourself or as a gift for someone in your life. We can also offer you a discount code just for your followers and an affiliate link for you to earn commissions.
3378,EXCLUSIVE LCC WALLET ACTION,EXCLUSIVE LCC WALLET ACTION Create a wallet and receive FREE LCC I have LCC Coins in my wallet and I am going to give them away to my followers Do you want to receive FREE LCC Coins This is what you need to do Step Download the LCC Wallet App create a wallet Step Send me a screenshot of your wallet via DM including your wallet address Step I will send you directly LCC Coins to your wallet LCC has real monetary value LCC so almost free Be quick because at Tag a friend who also wants to receive LCC Coins DM me now with your wallet screenshot and wallet address
3891,Visit Motion Experience,"Visit Motion Experience with your family and enjoy our light art playground. We also offer you drinks, something sweet and a picture for free."
723,Free Lavribear UGC only for male creators,Only for man We deliver the product at our discretion to your home in the Netherlands
3614,Create the perfect desk setup,Get a free set of desk setup accessories to promote on social channels Set can include monitor risers accessoires and monitor mounts After successful initial content creation we can set up a referral deal so every sale on our website from your link will provide income in return
3144,Holistic coach trainer wanted,Perfect for Groups Ideal for bodywork ice baths yoga ceremonies or workshops sound healers fire circles retreats The space of gardenofgrowth nl is equipped with ice bath sauna annex in the garden currently being built Why here The Dreamhouse is a spacious light and serene space that is perfect for various activities adjacent to a beautiful garden on a particularly quiet location Thanks to the soothing energy and open atmosphere it is a place where deep transformation and awareness take place What makes The Dreamhouse unique Space Light High ceilings lots of daylight and an open layout for a free natural flow Soothing Energy A place where participants feel safe and comfortable for deep transformation Flexible Inspiring From breathwork to coaching and from sound journeys to retreats everything can happen here
2463,Dinner at the Foodhall MOUT at Kitchen Desi,"Kitchen Desi is an Indian food hotspot in the popular food hall Mout located in the heart of Hilversum. Desi is bringing the vibrant and diverse flavors of Indian street food to Mout. Our dishes are inspired by traditional Indian recipes. Every plate is carefully prepared with authentic spices creating a true celebration of Indian cuisine in a modern welcoming atmosphere. The modern twist can be found in the lunch options among other things. Traditional currys transformed into innovative lunch dishes like our famous naan rolls. As part of this collaboration, we invite you to enjoy a unique dining experience at Kitchen Desi. Here's what we offer in exchange for sharing your experience: The Package Create an Instagram Reel or TikTok video in addition to stories and reviews on TripAdvisor and Google free dinner for ppl. This is a barter arrangement, your honest creative content in exchange for a memorable Indian dining experience."
3380,Teddy Gordijn,"Want to use our Teddy Black Out curtains for a stylish bedroom makeover? We’re looking for creators to make a video in their bedroom showcasing how the curtains look great. Make sure they are available with hooks or rings and come in two sizes, x cm and x cm. Show us how you transform the space and how cozy and dark they are. We can’t wait to see your creative twist!"
3146,Miokoo Premium Period Proof Experience,"Experience and review Miokoo's premium period proof underwear pieces of your choice. We are looking for authentic, in-depth content that highlights our European craftsmanship, technical innovation, and elegant design. Share your honest experience focusing on quality comfort and premium features that set Miokoo apart"
1618,shop goods cg products nl,"Hi Curly Girl Do you have beautiful curls and is it very important for you to discover the right products for your perfect curling routine? Then you’ve come to the right place. We are currently looking for a talented creator who can make a fun video about our curly hair shop. At cgproducten nl we have a wide range of products for curly hair, varying from leave-ins and shampoos to accessories. In short, the ideal shop for your curls. We are really looking forward to a unique, spontaneous and stylish video in which you tell us why cgproducten nl is the place to order your curling necessities. It’s essential to understand why you should get your curling necessities from cgproducten nl instead of somewhere else because the brands we sell are also available elsewhere. You might be wondering what the benefits are then? As mentioned earlier, our extensive range ensures a great shopping experience with tips in various blogs and socials, fast delivery and friendly response from our customer service. Since we don’t have a script, we rely on your creativity as a creator. We are open to various ideas and would love to hear them. Our goal is to encourage people to order their curling products with us."
3145,Free Practice Space Creative Office Full of Colour Inspiration Energy,"Office Large Practice Space Full Of Color Inspiration Energy The decor is flexible Perfect for Creative Entrepreneurs Writers Business Coaches Content Creators A quiet workplace for solo entrepreneurs freelancers and creative people who want to retreat from the daily hustle and bustle in order to work on their projects. Whether you are having an in-depth conversation, holding a strategic session or working in focus, this space supports your flow. Equipped with all comforts Comfortable workplace sofa nice chairs tables and bench for a productive session Whiteboard ideal for brainstorming and strategic sessions Fast WiFi always connected for calls research or content upload Enjoy delicious coffee tea in a relaxed working environment Quiet inspiring atmosphere perfect for focus and deep work Free parking no hassle directly into the space Why here This space breathes creativity and passion Ideal for entrepreneurs looking for a workplace, wanting to create nice content or hold a brainstorming session"
200,Long-term paid cooperation with one of the largest online retailers in the Netherlands,Per video tot videos Team PM seeks for one of the largest online retailers in the Netherlands fun creators to do voiceovers for new seasonal products Flexibility is a must because these videos are daily basis This content does not have to be shared on your own channels
3615,Bed linen UGC,"We want to present our bed linen in an aesthetic way where we can talk about the material and other advantages that we can add, preferably in French as our main market is France. We would also like to use this video for advertising."
2465,Lunch at Foodhall MOUT at Kitchen Desi,"Kitchen Desi is an Indian food hotspot in the popular food hall Mout located in the heart of Hilversum. Desi is bringing the vibrant and diverse flavors of Indian street food to Mout. Our dishes are inspired by traditional Indian recipes. Every plate is carefully prepared with authentic spices, creating a true celebration of Indian cuisine in a modern welcoming atmosphere. The modern twist can be found in the lunch options among other things. Traditional currys transformed into innovative lunch dishes like our famous naan rolls. As part of this collaboration, we invite you to enjoy a unique dining experience at Kitchen Desi. Here's what we offer in exchange for sharing your experience: The Package Create an Instagram Reel or TikTok video in addition to stories and reviews on TripAdvisor and Google free dinner for max ppl. This is a barter arrangement, your honest creative content in exchange for a memorable Indian dining experience."
3275,Valentine deal Your Valentine on us,We give you FREE FOOD and you give us a SHOUT OUT Win Win for us Order from Vegan Burger Brothers for a delicious and nutritious meal at home and tell us how meaty it tastes For you can choose from our mouthwatering burgers loaded fries onion rings chicken nuggets and more Don’t forget to check out our Instagram and follow us Veganburgerbrothers for the latest updates and exclusive online deals Let us know which city you live in and let s make a barter deal
3262,Moms wanted Smart Screen Time Routine FREE baggie,"Do you want to teach your child a fun and educational screen time routine? We are looking for mothers who let their children clean their phone or tablet with our stylish design cloth after screen time. Then they can neatly store the cloth in our FREE phone pouch that you get when ordering In exchange for an Instagram Reel, you will receive a set of our premium screen cleaners and the handy storage bag What you get as influencer A set of our stylish design cloths A FREE phone pouch with which you can store your cloth neatly You can easily clean your phone A fun collaboration with Stellazzurro What you promote A short Instagram Reel and Story with highlights in which you show how, after screen time, your child gets a final warning Minutes to clean and store Itself cleans the screen with the design cloth Neatly stores the cloth in the FREE phone pouch Emphasizes that followers with code GRATISZAKJE also get such a handy storage bag when ordering Optionally gives a nice response, such as: Now my screen is just as clean as mama wants it"
3280,Valentine deal Your Valentine on us,We give you FREE FOOD and you give us a SHOUT OUT Win Win for us Order from Vegan Burger Brothers for a delicious and nutritious meal at home and tell us how meaty it tastes For you can choose from our mouthwatering burgers loaded fries onion rings chicken nuggets and more Don’t forget to check out our Instagram and follow us Veganburgerbrothers for the latest updates and exclusive online deals Let us know which city you live in and let s make a barter deal
3616,Free Thomas Dustbuster t/w,"People who live with pets know the problem of hair spread throughout the house THOMAS AQUA vacuum cleaners work with a filter box in which household dust, pollen, animal hair and odor particles are dissolved and safely absorbed. Dust particles are moistened by being sucked up and bound in water. This system has the advantage that dust particles can no longer escape into the room air but are discharged with the water in the filter box. Thanks to this technology, THOMAS AQUA vacuum cleaners not only provide powerful vacuumed floor surfaces but also clean air. This is particularly beneficial for people with allergies who value a dust-free indoor air. We would like the creator to post the post themselves on instagram as collaboration and receive a video with UGC look and feel for own use"
3504,Celebrate your party with PartEvents,"Rent all your party essentials for free in exchange for content We at PartEvents are guys of the year and we rent all the things you need for a successful party Whether it rains or you have to shelter from the sun, a party tent always makes your party great That is what we thought too That is why you can rent everything for your party on www.partevents.nl We started last summer and are constantly expanding our range but we need more reach for that We are looking for you Our customers enjoy a nice discount when they rent an all-in package This package contains the following things Partypack S A white x party tent state tables Partytent heater Haspel Neon balloons gift pack Vlaggetjes gift pack Partypack L A white x party tent state tables Partytent heaters Haspel Neon balloons gift packs vlaggetjes gifts If you are having a party in your backyard for example, this is the opportunity to get all your essentials in exchange for nice content Think of instagram Reels or TikToks where you tag Part Events We also require additional storytelling in the lead-up and aftermath of your party and we would love to receive your creations for our own socials The content is entirely up to you to decide on We encourage a personal touch"
3283,Valentine deal Your Valentine on us,We give you FREE FOOD and you give us a SHOUT OUT Win Win for us Order from Vegan Burger Brothers for a delicious and nutritious meal at home and tell us how meaty it tastes For you can choose from our mouthwatering burgers loaded fries onion rings chicken nuggets and more Don’t forget to check out our Instagram and follow us Veganburgerbrothers for the latest updates and exclusive online deals Let us know which city you live in and let s make a barter deal
3468,Happy Earth Baby Kids,"We are looking for enthusiastic content creators who can make an authentic and joyful video about our Baby Kids products. We want your video to feel natural and spontaneous, as if you have been using these products for a long time and are excited about them. We may use the content on our social media channels and also for advertisements"
3447,Dog owners wanted for supplement test,You will receive the Power of Nature s Beat supplement for your dog. This supplement supports optimal health and helps your dog find his energy back. Do you have a dog yourself or do you know someone who loves dogs very much? Sign up
3617,Get ready for Spring with our tags.,"Mark your garden or cheese board with our chalkboard tags. We’ll send you a pack of them, along with some markers of your choice. Get a free pack to giveaway to your followers"
3505,UGC Video Toilet Accessory Set,"Hi, we are looking for a fun collaboration. We are looking for an instagram reel tiktok video for our toilet accessory set. In the video, we would love to see you open the packaging with the toilet set inside and a before and after of how it looks in the bathroom. Please mention where the toilet set comes from. Additional photos are also welcome. We have multiple colors: black, white, gold, copper, silver, chrome, gunmetal, and different variants of our toilet sets so you can choose which one you would like to have. We appreciate your input and creativity. A requirement is that we get the video and any photos sent to us so we can use it for our own use or commercial purposes."
3892,One Summer Dress of Your Choice,"Barter Deal met One Summer One Summer part of the Orientique Family offers a colorful summer collection and great prints in a combination of rayon and cotton garments. With sizes from to we have something for everyone and our resort wear will brighten up your summer wardrobe in no time. Choose your favorite dress from our summer collection and receive it for free. In exchange, we ask you to post a real Instagram OR TikTok video Instagram story in which you are wearing the dress. Don't forget to tag onesummernl in your posts. The video will stay online for at least months. Send us a screenshot via the barter app as soon as you have shared it. Ready to show off the latest summer items? Go to www onesummer nl and choose your favorite item"
3384,Stay at the luxury resort Hofgut Wagrain t w v,nights in week depending on availability A luxurious stay for persons in a beautiful apartment daily breakfast and depending on the length of your stay about dinners in our award winning fine dining restaurant vaMoos and pizza take away Access to the facilities that the resort offers such as wellness Travel costs are excluded
3729,Looking for Creators to showcase our Award Winning Sorbet Cocktail Pops,"We are looking for creators to create original, creative and engaging content using our sorbet cocktail pops in particular showcasing their high quality natural ingredients and fruity deliciousness. We have non-alcoholic and alcoholic ranges and can send bundles of these in return for content"
3618,Get dinner voucher Make a dish with our Sweet vegetable dressing,"We are Dit is Dressing A dressing that originated in restaurant de Heerlijckheid in Sleeuwijk Our sweet vegetable dressing will be available from April at Jumbo supermarkets The sweet vegetable dressing tastes good with carpaccio salad, sandwich or as a dip for the drinks platter"
3284,"Shilajit Increase your energy, strengthen your immune system with pure Himalayan Shilajit.","Do you believe in the power of natural products to support well-being? At Return to the Sun, we offer microdosing and superfoods products designed to help people connect with their inner strength and live a more balanced life. We are looking for like-minded creators who are curious about personal development and are conscious about their health. Our products are for everyone who wants to be more connected with themselves and nurture a deeper sense of balance, clarity, and well-being in their daily lives. If you love sharing authentic experiences and inspiring others, we would love to collaborate with you."
3157,MAGNESIUM SUPPLEMENTS MagniEase Spray Aloe Vera MagniEase Bisglycinate Capsules,MagniEase Collaboration Offer We are excited to offer you a long term partnership with MagniEase Every month you will receive MagniEase Spray MagniEase Bisglycinate Capsules capsules a full month s supply In exchange we ask for one video per weeks on both Instagram At least one them in the timeline And TikTok featuring the products in an authentic and engaging way With this collaboration you ll always have a steady supply of Magnesium the magical mineral we all need No gimmicks just real benefits
3619,Recordings in the studio.,We need ladies with medium hair length for the studio for various voice recordings and/or hair treatments. Exchange for a treatment of your choice
3506,Authentic Amsterdam lunch at Lokaal t Loosje,Experience the true Amsterdam spirit at Lokaal t Loosje Enjoy a lunch worth choosing anything from the menu From hearty sandwiches to classic bites and local favorites this is all about great flavors a laid back vibe and real Amsterdam charm Available Monday to Wednesday
3730,Personalized birth announcement.,"If you make a super fun video, I will make Bonnie a cool design for your birth announcement. You get the design completely from me. The printing costs are still added. We can also make an appointment for compensation for a video that is posted on Instagram and Tiktok"
3893,Lissano Jewelry Choice of Craft,"Barter Deal with Lissano Jewelry At Lissano Jewelry we believe that jewelry is more than an accessory, it's a statement. We create jewelry that reflects strength, individuality, elegance and originality. We stay ahead of the trends and offer unique eye-catching statement pieces that you won't find anywhere else. Each item is made with care and attention to detail, which allows us to guarantee the highest quality for the best price. Our collection consists of a combination of gold plated, silver plated and sterling silver, which ensures durability and timeless shine. Whether you are looking for a daring statement or something more refined, Lissano Jewelry has a unique piece of jewelry for everyone. What we ask in exchange for your jewelry Choose your favorite item from our collection and receive it for free. In return, we ask that you post a real Instagram OR TikTok video or Instagram story where you wear the jewelry. Don't forget to tag lissanojewellery in your posts. Make sure the video stays online for at least a month. Send us a screenshot via the barter app as soon as the content is shared. Go to www.lissanojewellery.com and choose your favorite item"
3285,Mascara That Grows Lashes GROWSCARA,"Exciting Collaboration Opportunity with NATURA BEAUTY We are reaching out to invite you to a unique barter collaboration opportunity where you can experience our viral mascara the GROWSCARA Lash Serum Infused Mascara and share your honest experience with us and your followers About the GROWSCARA Lash Serum Infused Mascara Our viral mascara is a water resistant mascara that comes in a bold and eye catching black colour Unlike other mascaras, the GROWSCARA Eyelash Serum Infused Mascara is packed full of natural ingredients that activate the lash hair follicle to stimulate growth. This mascara will not only instantly enhance the appearance of your lashes but will also increase lash growth and volume over time GROWSCARA contains little fibres which allows you to build an actual lash length TOP TIP Use the GROWSCARA Eyelash Serum Infused Mascara during the day and our best selling NATURA LASHES Eyelash Serum at night for hour lash care How To Apply Step Curl your clean dry lashes with NATURA BEAUTY Eyelash Curler Step Hold the GROWSCARA Eyelash Serum Infused Mascara brush to the root of the lash line and comb in to upwards direction covering the lashes from root to tip Apply a light thin coat and let dry before building the lash length Step Apply more coats until you will achieve the desired length Step Use our NATURA BEAUTY Eyelash Separator to separate the lashes Step Allow to dry Step It s time to SHINE Go and flutter those long thick luscious lashes What We Offer One complimentary full size GROWSCARA Lash Serum Infused Mascara value High chance of getting new launched products Long term collaborations Featuring on our social media platforms and website Why Partner with NATURA BEAUTY We are passionate about fostering genuine connections with influencers like you who share our mission to embrace clean beauty and empower their communities. Our goal is to build long term relationships and create a mutually beneficial partnership If you re interested please let us know your name address email for shipping and we will send the mascara right away Thank you for your time and consideration We look forward to the possibility of collaborating with you and hearing your thoughts about our NATURA LASHES Eyelash Growth Serum"
3725,Unique King's Day clothing,WEG with standard plain orange shirts and hoodies Kingsday has the premium clothing to rock Koningsdag hard We need YOU For this we are looking for UGC content for Instagram and TikTok In which you show off the shirt and warm up our potential customers for Koningsdag and of course the purchase with us What do you get? Free exclusive Koningsdag shirt or hoodie Your new outfit for Koningsdag The chance on many more collaborations this year
2408,TEQUILA TUESDAY at O Donnell's Amsterdam,"Every Tuesday, O Donnell's Irish Pub turns up the heat with Tequila Tuesday. We re inviting select influencers to enjoy up to worth of tequila mezcal cocktails and bites choosing from a menu packed with bold flavors and handcrafted drinks. Whether you re sipping on a classic Margarita, a smoky Mezcal Mule or a punchy Paloma, this is your chance to capture and share the ultimate tequila experience. Perfect for a fun night out with friends because Tuesdays are for tequila."
3448,MagniEase Spray and Capsules,MagniEase Collaboration Offer We are excited to offer you a long term partnership with MagniEase Every month you will receive MagniEase Spray MagniEase Bisglycinate Capsules capsules a full month s supply In exchange we ask for one video per weeks on both Instagram At least one them in the timeline And TikTok featuring the products in an authentic and engaging way With this collaboration you ll always have a steady supply of Magnesium the magical mineral we all need No gimmicks just real benefits
3286,Brows Stopped Movin GELLAXBROW Gel Wax Hybrid,Exciting Collaboration Opportunity with NATURA BEAUTY We are reaching out to invite you to a unique barter collaboration opportunity where you can experience our viral product the GELLAXBROW Gel Wax Hybrid and share your honest experience with us and your followers About the GELLAXBROW Gel Wax Hybrid Achieve flawless fuller looking brows that stay perfectly in place all day with GELLAXBROW Gel Wax Hybrid Styling Gel This quick drying easy to use gel not only tames and shapes your brows but also nourishes each hair for a naturally fuller appearance Say goodbye stickiness our long lasting formula dries down with a soft natural finish giving you effortlessly polished brows that turn heads from morning to night Product comes with in unique applicators brush brush comb How To Use Unscrew the cap and use the brush to pick up the gel wax Apply the product to your eyebrows in a backward motion After applying securely close the tube Pull off the cap to reveal the built in comb shaped brush Use this to comb to your eyebrows for desired style for a perfectly polished look What We Offer One complimentary full size GELLAXBROW Gel Wax Eyebrow Hybrid value High chance of getting new launched products Long term collaborations Featuring on our social media platforms and website Why Partner with NATURA BEAUTY We are passionate about fostering genuine connections with influencers like you who share our mission to embrace clean beauty and empower their communities Our goal is to build long term relationships and create a mutually beneficial partnership If you re interested please let us know your name address email for shipping and we will send the gel wax hybrid right away Thank you for your time and consideration We look forward to the possibility of collaborating with you and hearing your thoughts about our product
3894,All You Can Steak Thursdays,All-you-can-eat steak formula for individuals. Cocktail of your choice included.
122,MADE London Angel.,A pair of complimentary tickets to the MADE London Preview on nd November at pm pm with drinks. MADE London is a high-end contemporary craft and maker's fair in London's exclusive Islington district.
3382,Hair extensions YOAR MUSE ambassador,"Word our YOAR MUSE ambassador Are you a content creator with a passion for beauty and hair styling? We are looking for you. Do you want to make your dream come true? With YOAR MUSE, you will add volume, length and self-confidence. At YOAR MUSE we believe in the power of beautiful hair. That is why we have developed premium hair extensions that not only transform your look but also strengthen your self-esteem. We want to collaborate with content creators who are just as passionate about hair extensions as we are and share our products authentically with their followers. What we are looking for An enthusiastic content creator whose style matches ours, with a strong presence on platforms such as Instagram, TikTok and/or YouTube. A passion for beauty, haircare and sharing your personal style. An authentic and sincere connection with your followers. What we offer Free set of weft extensions up to 100 grams each, to share with your followers. The set will be used in one of our partner salons. The chance to become part of the YOAR MUSE community. Are you ready to discover and share the hair extensions of your dreams with your audience or do you have any questions about this collaboration? Send us a message and tell us your motivation. Unleash your hidden muse and radiate self-confidence every day. Love, Yara Romee"
3621,Felman Eazy Sleep Duvet,Collaborate Free in duvet exchange for a reel and story This duvet and cover can be washed and dried in the machine no more hassle with making up bed Colour and size of your choice What we expect Beautiful creative content with our product Reel and story Inviting us as contributors Content to our email Agreed to use content for marketing purposes advertisements website own socials
3731,Meditation Bear for Kids.,"The Mom Hack That Saved My Sanity A first person storytelling format in which you tell how you were completely done with endless bedtime struggles tantrums and overstimulation until you discovered Meddy Bear and everything changed Trending sound Any music that builds tension before Meddy Bear reveals itself, for example dramatic storytelling music Per video of seconds plus a free Meddy Bear and affirmation cards for children"
1533,Product video for Barter make compensation,"You don’t have to post this video on your own social media. We are looking for a creator who wants to come to our office one day to make two short, clear and attractive explainer videos that explain the functioning and benefits of our Barter Service. These videos will be used on our website and in other communication with partners. We expect you to create the videos based on the script we provide and then also edit the videos"
3385,Promotional test of a remote-controlled car.,We would like to offer products from our range for a promotional test in exchange for advertising. We will discuss which product exactly with the influencer
3271,Get bottles of Purely Homemade Hot Sauce,"What kind of content do we want to see? We are looking for short and catchy videos in which our Carolina Reaper Chili Sauce is the main focus, for example. A perfectly grilled sandwich made with our sauce as a finishing touch. A first reaction video where you judge the spiciness and taste. A food challenge in which you test our sauce on a dish of your choice. What do we get from you? A bottle of ML Carolina Reaper Chili Sauce to test and use in your content. A bottle of ML Ghost Pepper Chili Sauce. A bottle of ML Thai Chili Sauce. Do you like it? Let us know why you are the influencer for this collaboration"
3451,Write a product review for these wireless table lamps,"Call to Influencers Create Content with the LumoSmart Pro Wall Lamp Are you a content creator with a passion for stylish and smart lighting Ambiglow store is looking for influencers who want to create a creative video about our LumoSmart Pro, the wireless wall lamp with remote control Why this product The LumoSmart Pro combines modern design and ease of use Wireless installation No drilling or hassle Remote control included Control the lamp from your bed or couch Rechargeable energy-efficient No batteries needed Dimmable cozy Choose the perfect light intensity for every room Versatile Ideal for the bedroom, hallway, closet or as a nightlight What we are looking for A short dynamic video in which you show the lamp in action Unboxing or review in which you explain its features and benefits Creative content that shows how this lamp transforms your interior What you get x LumoSmart Pro Wall Lamp t w v shoptegoed op Ambiglow store Chance of future collaborations and paid deals Interested Send us a DM or email with your social media profile and tell us why you are the perfect match Let your creativity shine with the LumoSmart Pro Check out the product here https ambiglow store products lumosmart pro met afstandsbediening"
3622,Felman Deluxe Topper cm,Collaborate Free Samples of Felman Deluxe Topper of your choice in exchange for a reel and story Our Deluxe Topper is no less than cm thick and ensures maximum sleep comfort with less motion transfer Your body is ergonomically supported throughout the night What we expect Beautiful creative content featuring our product Reel and story Inviting us as contributors Send content to our email address Agreeing to use content for marketing purposes advertisements website own socials
